{
    "val/dynamics_x": 1.8806795280174833e-06,
    "val/dynamics_z": 0.0,
    "val/loss": 1.293569717587262e-05,
    "val/reconstruction": 3.6709512725968376e-06,
    "val/regularization": 7.384066375258299e-06
}