{
    "val/dynamics_x": 2.124546963465506e-06,
    "val/dynamics_z": 0.0,
    "val/loss": 1.0933286936860589e-05,
    "val/reconstruction": 1.286665068051148e-06,
    "val/regularization": 7.5220749053439355e-06
}