{
    "val/dynamics_x": 1.510488442371428e-06,
    "val/dynamics_z": 0.0,
    "val/loss": 1.0618551292899952e-05,
    "val/reconstruction": 2.06371736933322e-06,
    "val/regularization": 7.044345481195304e-06
}