{
    "val/dynamics_x": 3.0381123508622383e-06,
    "val/dynamics_z": 0.0,
    "val/loss": 1.662027286895002e-05,
    "val/reconstruction": 2.8568422196670718e-06,
    "val/regularization": 1.072531829842071e-05
}