{
    "val/dynamics_x": 1.5927364535357922e-06,
    "val/dynamics_z": 0.0,
    "val/loss": 1.10756454436103e-05,
    "val/reconstruction": 2.33292404888063e-06,
    "val/regularization": 7.149984941193878e-06
}