{
    "val/dynamics_x": 3.6245905893193327e-06,
    "val/dynamics_z": 0.0,
    "val/loss": 2.0028351790609703e-05,
    "val/reconstruction": 2.2796835972595034e-06,
    "val/regularization": 1.4124077604030866e-05
}