{
    "val/dynamics_x": 4.511667909432669e-06,
    "val/dynamics_z": 0.0,
    "val/loss": 3.0356464010769077e-05,
    "val/reconstruction": 8.668111236616251e-06,
    "val/regularization": 1.7176684864720155e-05
}