{
    "val/dynamics_x": 1.1446295865544711e-06,
    "val/dynamics_z": 0.0,
    "val/loss": 2.19071593499909e-06,
    "val/reconstruction": 1.0460863484446187e-06
}