{
    "val/dynamics_x": 1.4154954352486223e-06,
    "val/dynamics_z": 0.0,
    "val/loss": 1.7229377411353648e-05,
    "val/reconstruction": 8.86922939964577e-06,
    "val/regularization": 6.944652576459256e-06
}