{
    "val/dynamics_x": 1.3269432798335144e-06,
    "val/dynamics_z": 0.0,
    "val/loss": 1.0209232922757164e-05,
    "val/reconstruction": 2.030081167265657e-06,
    "val/regularization": 6.852208475657993e-06
}