{
    "val/dynamics_x": 3.4265496535133902e-06,
    "val/dynamics_z": 0.0,
    "val/loss": 2.3039534944810312e-05,
    "val/reconstruction": 7.644499396210966e-06,
    "val/regularization": 1.1968485895085956e-05
}