{
    "val/dynamics_x": 1.147854719110982e-06,
    "val/dynamics_z": 0.0,
    "val/loss": 2.7218940200713537e-06,
    "val/reconstruction": 1.5740393009603716e-06
}