{
    "val/dynamics_x": 1.6997963116352017e-06,
    "val/dynamics_z": 0.0,
    "val/loss": 1.1660240630491603e-05,
    "val/reconstruction": 2.698633047017733e-06,
    "val/regularization": 7.261811271838669e-06
}