{
    "val/dynamics_x": 2.4175845068316435e-06,
    "val/dynamics_z": 0.0,
    "val/loss": 1.3855688983269692e-05,
    "val/reconstruction": 3.752751097194075e-06,
    "val/regularization": 7.685353379243973e-06
}