{
    "val/dynamics_x": 2.9184809009983324e-06,
    "val/dynamics_z": 0.0,
    "val/loss": 1.5445140712886027e-05,
    "val/reconstruction": 4.610338866835369e-06,
    "val/regularization": 7.916320945052325e-06
}