{
    "val/dynamics_x": 4.0364838073545625e-06,
    "val/dynamics_z": 0.0,
    "val/loss": 2.247826578228745e-05,
    "val/reconstruction": 2.4076686877439176e-06,
    "val/regularization": 1.603411328718897e-05
}