{
    "val/dynamics_x": 3.877861534210557e-06,
    "val/dynamics_z": 0.0,
    "val/loss": 2.101909731185145e-05,
    "val/reconstruction": 2.09630480228153e-06,
    "val/regularization": 1.5044930975359365e-05
}