{
    "val/dynamics_x": 1.6960786212588306e-05,
    "val/dynamics_z": 0.0,
    "val/loss": 5.376171695563891e-05,
    "val/reconstruction": 1.4659606999726197e-05,
    "val/regularization": 2.214132374332441e-05
}