{
    "val/dynamics_x": 4.2615359096698806e-06,
    "val/dynamics_z": 0.0,
    "val/loss": 2.925149802262475e-05,
    "val/reconstruction": 6.477235572584335e-06,
    "val/regularization": 1.8512726540370534e-05
}