{
    "val/dynamics_x": 2.8478539185037434e-06,
    "val/dynamics_z": 0.0,
    "val/loss": 2.542114990562706e-05,
    "val/reconstruction": 7.48515392015332e-06,
    "val/regularization": 1.508814206697e-05
}