{
    "val/dynamics_x": 1.8518542841335421e-06,
    "val/dynamics_z": 0.0,
    "val/loss": 1.719558941693209e-05,
    "val/reconstruction": 8.803965097981503e-07,
    "val/regularization": 1.4463338623000397e-05
}