{
    "val/dynamics_x": 1.7538683897137733e-06,
    "val/dynamics_z": 0.0,
    "val/loss": 1.6965554328375595e-05,
    "val/reconstruction": 8.451879620408835e-07,
    "val/regularization": 1.4366497976620937e-05
}