{
    "val/dynamics_x": 2.9751410832148158e-06,
    "val/dynamics_z": 0.0,
    "val/loss": 2.0896962959974046e-05,
    "val/reconstruction": 2.336529107013881e-06,
    "val/regularization": 1.558529276974535e-05
}