{
    "val/dynamics_x": 1.9895348171876523e-06,
    "val/dynamics_z": 0.0,
    "val/loss": 1.718979218195779e-05,
    "val/reconstruction": 5.250852677454434e-07,
    "val/regularization": 1.4675172097024695e-05
}