{
    "val/dynamics_x": 1.9207205487390063e-06,
    "val/dynamics_z": 0.0,
    "val/loss": 1.7138912878498333e-05,
    "val/reconstruction": 7.142240128929509e-07,
    "val/regularization": 1.4503968316866375e-05
}