{
    "val/dynamics_x": 1.9841468549985092e-06,
    "val/dynamics_z": 0.0,
    "val/loss": 2.091690544229736e-05,
    "val/reconstruction": 4.305064349409138e-06,
    "val/regularization": 1.4627694237889712e-05
}