{
    "val/dynamics_x": 2.2901491752142715e-06,
    "val/dynamics_z": 0.0,
    "val/loss": 1.9768534379986843e-05,
    "val/reconstruction": 2.6047906988133913e-06,
    "val/regularization": 1.487359450595918e-05
}