{
    "val/dynamics_x": 2.060295726988181e-06,
    "val/dynamics_z": 0.0,
    "val/loss": 1.7462427964197907e-05,
    "val/reconstruction": 6.381139235905072e-07,
    "val/regularization": 1.476401831361922e-05
}