{
    "val/dynamics_x": 2.4389989046002136e-06,
    "val/dynamics_z": 0.0,
    "val/loss": 1.8794114798403836e-05,
    "val/reconstruction": 1.4617820577249841e-06,
    "val/regularization": 1.4893333836078638e-05
}