{
    "val/dynamics_x": 3.53042437078576e-06,
    "val/dynamics_z": 0.0,
    "val/loss": 2.3026113626695915e-05,
    "val/reconstruction": 2.081343076909956e-06,
    "val/regularization": 1.74143461790002e-05
}