{
    "val/dynamics_x": 1.6648999234076462e-06,
    "val/dynamics_z": 0.0,
    "val/loss": 6.684532664483089e-06,
    "val/reconstruction": 5.019632741075443e-06
}