{
    "val/dynamics_x": 1.6998959153743156e-06,
    "val/dynamics_z": 0.0,
    "val/loss": 1.6753420073264558e-05,
    "val/reconstruction": 7.967183591078247e-07,
    "val/regularization": 1.425680579878242e-05
}