{
    "val/dynamics_x": 2.2130375341915982e-06,
    "val/dynamics_z": 0.0,
    "val/loss": 2.104522025056296e-05,
    "val/reconstruction": 4.027929422073052e-06,
    "val/regularization": 1.480425329429831e-05
}