{
    "val/dynamics_x": 2.1861897962751076e-06,
    "val/dynamics_z": 0.0,
    "val/loss": 1.8451405914480383e-05,
    "val/reconstruction": 1.4233577951355724e-06,
    "val/regularization": 1.4841858323069702e-05
}