{
    "val/dynamics_x": 3.1042676457306743e-06,
    "val/dynamics_z": 0.0,
    "val/loss": 2.50434756682142e-05,
    "val/reconstruction": 5.764351705406722e-06,
    "val/regularization": 1.6174856317076802e-05
}