{
    "val/dynamics_x": 2.0104933330024673e-06,
    "val/dynamics_z": 0.0,
    "val/loss": 2.0896476925689616e-05,
    "val/reconstruction": 4.164132396290702e-06,
    "val/regularization": 1.4721851196396447e-05
}