{
    "val/dynamics_x": 2.6387374498452356e-06,
    "val/dynamics_z": 0.0,
    "val/loss": 1.811600580183067e-05,
    "val/reconstruction": 9.831290219359698e-07,
    "val/regularization": 1.4494139330049465e-05
}