{
    "val/dynamics_x": 1.7193513345499648e-06,
    "val/dynamics_z": 0.0,
    "val/loss": 1.7354871728230525e-05,
    "val/reconstruction": 1.3219204507296618e-06,
    "val/regularization": 1.4313599942950897e-05
}