{
    "val/dynamics_x": 4.513221200766436e-07,
    "val/dynamics_z": 0.0,
    "val/loss": 1.0850669134641321e-05,
    "val/reconstruction": 3.447749036797504e-06,
    "val/regularization": 6.951597977767174e-06
}