{
    "val/dynamics_x": 5.887071723346754e-07,
    "val/dynamics_z": 0.0,
    "val/loss": 8.76261127837747e-06,
    "val/reconstruction": 1.2799846426511602e-06,
    "val/regularization": 6.893919463391633e-06
}