{
    "val/dynamics_x": 2.6590184966819475e-06,
    "val/dynamics_z": 0.0,
    "val/loss": 1.6677689117379174e-05,
    "val/reconstruction": 5.112363122021572e-06,
    "val/regularization": 8.906307498675654e-06
}