{
    "val/dynamics_x": 1.8495777740157782e-06,
    "val/dynamics_z": 0.0,
    "val/loss": 1.4988960998003486e-05,
    "val/reconstruction": 5.653527998443117e-06,
    "val/regularization": 7.48585522554459e-06
}