{
    "val/dynamics_x": 5.191648008785312e-07,
    "val/dynamics_z": 0.0,
    "val/loss": 3.94772238615997e-06,
    "val/reconstruction": 3.428557585281439e-06
}