{
    "val/dynamics_x": 7.180997179682995e-07,
    "val/dynamics_z": 0.0,
    "val/loss": 1.0985154102594062e-05,
    "val/reconstruction": 3.170424109078672e-06,
    "val/regularization": 7.0966302755470916e-06
}