{
    "val/dynamics_x": 9.628144021007921e-07,
    "val/dynamics_z": 0.0,
    "val/loss": 1.0047356869327813e-05,
    "val/reconstruction": 1.7845427325897272e-06,
    "val/regularization": 7.299999734637294e-06
}