{
    "val/dynamics_x": 8.013595622016778e-07,
    "val/dynamics_z": 0.0,
    "val/loss": 1.0559803618514629e-05,
    "val/reconstruction": 2.5368503263588182e-06,
    "val/regularization": 7.221593729954133e-06
}