{
    "val/dynamics_x": 1.0926108173507797e-06,
    "val/dynamics_z": 0.0,
    "val/loss": 1.1333776906479746e-05,
    "val/reconstruction": 3.2654671260886165e-06,
    "val/regularization": 6.9756989630403515e-06
}