{
    "val/dynamics_x": 5.403708471388088e-07,
    "val/dynamics_z": 0.0,
    "val/loss": 1.5374731019671376e-05,
    "val/reconstruction": 7.99462367703776e-06,
    "val/regularization": 6.839736495494808e-06
}