{
    "val/dynamics_x": 2.5869505838343105e-06,
    "val/dynamics_z": 0.0,
    "val/loss": 1.3971522861397232e-05,
    "val/reconstruction": 3.315115867707732e-06,
    "val/regularization": 8.069456409855188e-06
}