{
    "val/dynamics_x": 7.115838167349502e-07,
    "val/dynamics_z": 0.0,
    "val/loss": 9.40565421909061e-06,
    "val/reconstruction": 1.6871289781656347e-06,
    "val/regularization": 7.006941424190024e-06
}