{
    "val/dynamics_x": 4.869052927936227e-07,
    "val/dynamics_z": 0.0,
    "val/loss": 1.007365003045755e-05,
    "val/reconstruction": 2.6549709338959003e-06,
    "val/regularization": 6.931773803768029e-06
}