{
    "val/dynamics_x": 8.663273145809195e-07,
    "val/dynamics_z": 0.0,
    "val/loss": 9.336534990109522e-06,
    "val/reconstruction": 1.554532799111056e-06,
    "val/regularization": 6.915674876417546e-06
}