{
    "val/dynamics_x": 6.620359021919832e-07,
    "val/dynamics_z": 0.0,
    "val/loss": 9.805328873831117e-06,
    "val/reconstruction": 2.0937950824813162e-06,
    "val/regularization": 7.049497889157818e-06
}