{
    "val/dynamics_x": 4.7312424709923927e-07,
    "val/dynamics_z": 0.0,
    "val/loss": 8.497459463601345e-06,
    "val/reconstruction": 1.178167187555435e-06,
    "val/regularization": 6.84616802894667e-06
}