{
    "val/dynamics_x": 1.128340817746511e-06,
    "val/dynamics_z": 0.0,
    "val/loss": 1.193753978031041e-05,
    "val/reconstruction": 3.4718801879412387e-06,
    "val/regularization": 7.33731877462266e-06
}