{
    "val/dynamics_x": 5.826719871339261e-07,
    "val/dynamics_z": 0.0,
    "val/loss": 1.0271586811676359e-05,
    "val/reconstruction": 2.875512780963273e-06,
    "val/regularization": 6.81340204357916e-06
}