{
    "val/dynamics_x": 4.82005976585668e-07,
    "val/dynamics_z": 0.0,
    "val/loss": 8.38215481111306e-06,
    "val/reconstruction": 1.0325338381359441e-06,
    "val/regularization": 6.8676149963914485e-06
}