{
    "val/dynamics_x": 4.619455533927836e-07,
    "val/dynamics_z": 0.0,
    "val/loss": 8.793435589379948e-06,
    "val/reconstruction": 1.475686105369948e-06,
    "val/regularization": 6.855803930617216e-06
}