{
    "val/dynamics_x": 1.6631403444163457e-06,
    "val/dynamics_z": 0.0,
    "val/loss": 2.7078774618861192e-05,
    "val/reconstruction": 1.769959922895595e-05,
    "val/regularization": 7.716035045488892e-06
}