{
    "val/dynamics_x": 4.683564555096278e-07,
    "val/dynamics_z": 0.0,
    "val/loss": 1.069219317191718e-05,
    "val/reconstruction": 3.3960532643496877e-06,
    "val/regularization": 6.827783452057866e-06
}