{
    "val/dynamics_x": 5.065702373112504e-07,
    "val/dynamics_z": 0.0,
    "val/loss": 9.158029636823451e-06,
    "val/reconstruction": 1.4971008772876242e-06,
    "val/regularization": 7.154358522224576e-06
}