{
    "val/dynamics_x": 4.1579178960286704e-07,
    "val/dynamics_z": 0.0,
    "val/loss": 1.4454222968901784e-06,
    "val/reconstruction": 1.0296305072873115e-06
}