{
    "val/dynamics_x": 6.826648453559011e-07,
    "val/dynamics_z": 0.0,
    "val/loss": 9.444403003495185e-06,
    "val/reconstruction": 1.9085464193831888e-06,
    "val/regularization": 6.8531917387560965e-06
}