{
    "val/dynamics_x": 5.273356388310267e-07,
    "val/dynamics_z": 0.0,
    "val/loss": 1.0116324930840471e-05,
    "val/reconstruction": 2.7061464328610193e-06,
    "val/regularization": 6.8828428591484266e-06
}