{
    "val/dynamics_x": 5.618874860289203e-07,
    "val/dynamics_z": 0.0,
    "val/loss": 9.131767337760997e-06,
    "val/reconstruction": 1.7119277723686177e-06,
    "val/regularization": 6.857952079363458e-06
}