{
    "val/dynamics_x": 0.0017162592187532828,
    "val/dynamics_z": 0.0,
    "val/loss": 0.04935570743975885,
    "val/reconstruction": 0.04763944822100557
}