{
    "val/dynamics_x": 0.0012666890459548908,
    "val/dynamics_z": 0.0,
    "val/loss": 0.04466202697797544,
    "val/reconstruction": 0.043384460013919254,
    "val/regularization": 1.0877918101290718e-05
}