{
    "val/dynamics_x": 1.9875533338203576e-07,
    "val/dynamics_z": 0.0,
    "val/loss": 4.881078078354742e-07,
    "val/reconstruction": 2.893524744534385e-07,
    "train/dynamics_x": 2.1814186116069697e-07,
    "train/dynamics_z": 0.0,
    "train/loss": 9.017600644716112e-06,
    "train/reconstruction": 1.7509823333734268e-06,
    "train/regularization": 7.048476450181984e-06
}