{
    "val/dynamics_x": 4.6540381828846957e-07,
    "val/dynamics_z": 0.0,
    "val/loss": 8.895461657836636e-06,
    "val/reconstruction": 7.406719875452505e-07,
    "val/regularization": 7.689385852002915e-06
}