{
    "val/dynamics_x": 3.3385894168738706e-07,
    "val/dynamics_z": 0.0,
    "val/loss": 8.527559680801692e-06,
    "val/reconstruction": 8.592936650827376e-07,
    "val/regularization": 7.334407074031567e-06
}