{
    "val/dynamics_x": 2.407493113823512e-07,
    "val/dynamics_z": 0.0,
    "val/loss": 8.387116818641211e-06,
    "val/reconstruction": 9.797003260805279e-07,
    "val/regularization": 7.1666671811783316e-06
}