{
    "val/dynamics_x": 6.308429740600464e-07,
    "val/dynamics_z": 0.0,
    "val/loss": 1.0132615867751613e-05,
    "val/reconstruction": 1.4302995430487654e-06,
    "val/regularization": 8.0714733506428e-06
}