{
    "val/dynamics_x": 8.470934930028656e-07,
    "val/dynamics_z": 0.0,
    "val/loss": 1.2861540771958515e-05,
    "val/reconstruction": 3.529460035660271e-06,
    "val/regularization": 8.484987243295378e-06
}