{
    "val/dynamics_x": 1.328082083956701e-06,
    "val/dynamics_z": 0.0,
    "val/loss": 1.580994932751353e-05,
    "val/reconstruction": 5.245703597993502e-06,
    "val/regularization": 9.236163645563327e-06
}