{
    "val/dynamics_x": 2.2661123148393317e-07,
    "val/dynamics_z": 0.0,
    "val/loss": 8.271294484758267e-06,
    "val/reconstruction": 8.501107724220549e-07,
    "val/regularization": 7.194572480852279e-06
}