{
    "val/dynamics_x": 3.8318685186244417e-07,
    "val/dynamics_z": 0.0,
    "val/loss": 9.464014215351955e-06,
    "val/reconstruction": 1.5801082331666074e-06,
    "val/regularization": 7.500719130322903e-06
}