{
    "val/dynamics_x": 7.343264935748491e-07,
    "val/dynamics_z": 0.0,
    "val/loss": 1.2672963479791143e-05,
    "val/reconstruction": 3.683975494423543e-06,
    "val/regularization": 8.254661491792751e-06
}