{
    "val/dynamics_x": 2.2536096842552703e-07,
    "val/dynamics_z": 0.0,
    "val/loss": 7.73691053856861e-06,
    "val/reconstruction": 3.714739342549693e-07,
    "val/regularization": 7.1400756358881135e-06
}