{
    "val/dynamics_x": 2.0716005159224592e-07,
    "val/dynamics_z": 0.0,
    "val/loss": 8.193530974886564e-06,
    "val/reconstruction": 8.725397487181927e-07,
    "val/regularization": 7.113831174576125e-06
}