{
    "val/dynamics_x": 2.4102110718527677e-07,
    "val/dynamics_z": 0.0,
    "val/loss": 2.7398659032928005e-06,
    "val/reconstruction": 2.4988447961075236e-06
}