{
    "val/dynamics_x": 2.691292981063997e-07,
    "val/dynamics_z": 0.0,
    "val/loss": 9.215115739128645e-06,
    "val/reconstruction": 1.6878823434952925e-06,
    "val/regularization": 7.258104097526953e-06
}