{
    "val/dynamics_x": 1.9875533338203576e-07,
    "val/dynamics_z": 0.0,
    "val/loss": 4.881078078354742e-07,
    "val/reconstruction": 2.893524744534385e-07
}