{
    "val/dynamics_x": 9.486071068792008e-07,
    "val/dynamics_z": 0.0,
    "val/loss": 1.1459024907863634e-05,
    "val/reconstruction": 1.7283752275697799e-06,
    "val/regularization": 8.782042573414652e-06
}