{
    "val/dynamics_x": 3.528416554151416e-07,
    "val/dynamics_z": 0.0,
    "val/loss": 8.396220233384205e-06,
    "val/reconstruction": 6.057105046456385e-07,
    "val/regularization": 7.437668073323425e-06
}