{
    "val/dynamics_x": 1.4083631349836895e-06,
    "val/dynamics_z": 0.0,
    "val/loss": 1.3222780577996601e-05,
    "val/reconstruction": 1.956465649140931e-06,
    "val/regularization": 9.857951793871981e-06
}