{
    "val/dynamics_x": 2.023693478343083e-07,
    "val/dynamics_z": 0.0,
    "val/loss": 8.669647875613055e-06,
    "val/reconstruction": 1.37654896043731e-06,
    "val/regularization": 7.090729567341436e-06
}