{
    "val/dynamics_x": 5.623736781729514e-07,
    "val/dynamics_z": 0.0,
    "val/loss": 9.625357724097316e-06,
    "val/reconstruction": 1.1397893419499105e-06,
    "val/regularization": 7.923194703974455e-06
}