{
    "val/dynamics_x": 2.0157065112331586e-06,
    "val/dynamics_z": 0.0,
    "val/loss": 1.774820681257287e-05,
    "val/reconstruction": 3.750504390152565e-06,
    "val/regularization": 1.1981995911187146e-05
}