{
    "val/dynamics_x": 3.379864213816042e-07,
    "val/dynamics_z": 0.0,
    "val/loss": 8.619031345130464e-06,
    "val/reconstruction": 8.984520269013672e-07,
    "val/regularization": 7.382592896847492e-06
}