{
    "val/dynamics_x": 0.0008019268936843744,
    "val/dynamics_z": 0.0,
    "val/loss": 0.03290890276336396,
    "val/reconstruction": 0.03210697586967959
}