{
    "val/dynamics_x": 0.0018366171812807847,
    "val/dynamics_z": 0.0,
    "val/loss": 0.030530154391235135,
    "val/reconstruction": 0.02869353720995435
}