{
    "val/dynamics_x": 0.0011807142428358153,
    "val/dynamics_z": 0.0,
    "val/loss": 0.028410905975304674,
    "val/reconstruction": 0.027216173617418522,
    "val/regularization": 1.4018115050335073e-05
}