{
    "val/dynamics_x": 4.132505511558185e-07,
    "val/dynamics_z": 0.0,
    "val/loss": 1.1265716303218395e-05,
    "val/reconstruction": 8.17356363360703e-07,
    "val/regularization": 1.0035109388701874e-05
}