{
    "val/dynamics_x": 3.457353484575835e-07,
    "val/dynamics_z": 0.0,
    "val/loss": 1.3082829666276235e-05,
    "val/reconstruction": 2.829733066325414e-06,
    "val/regularization": 9.907361251493238e-06
}