{
    "val/dynamics_x": 3.8664146584145184e-07,
    "val/dynamics_z": 0.0,
    "val/loss": 1.2310078691231935e-05,
    "val/reconstruction": 1.917264405114611e-06,
    "val/regularization": 1.0006172820275872e-05
}