{
    "val/dynamics_x": 3.959279085347263e-07,
    "val/dynamics_z": 0.0,
    "val/loss": 1.397455220735496e-05,
    "val/reconstruction": 3.59563197166271e-06,
    "val/regularization": 9.982992327157523e-06
}