{
    "val/dynamics_x": 3.43446845834215e-07,
    "val/dynamics_z": 0.0,
    "val/loss": 1.1055649088494325e-05,
    "val/reconstruction": 8.342919344973053e-07,
    "val/regularization": 9.877910308162805e-06
}