{
    "val/dynamics_x": 7.483938998086141e-06,
    "val/dynamics_z": 0.0,
    "val/loss": 5.1065945682865126e-05,
    "val/reconstruction": 2.2575026575010516e-05,
    "val/regularization": 2.100698010976847e-05
}