{
    "val/dynamics_x": 4.2097539594368785e-07,
    "val/dynamics_z": 0.0,
    "val/loss": 1.227826949625136e-05,
    "val/reconstruction": 1.935341598839192e-06,
    "val/regularization": 9.92195250146848e-06
}