{
    "val/dynamics_x": 1.7603442265309758e-06,
    "val/dynamics_z": 0.0,
    "val/loss": 1.684605861771195e-05,
    "val/reconstruction": 2.2096012980905875e-06,
    "val/regularization": 1.2876113093090387e-05
}