{
    "val/dynamics_x": 1.0259829180721262e-06,
    "val/dynamics_z": 0.0,
    "val/loss": 1.3628393952962082e-05,
    "val/reconstruction": 1.1408406204832142e-06,
    "val/regularization": 1.1461570414406741e-05
}