{
    "val/dynamics_x": 3.43969358759428e-07,
    "val/dynamics_z": 0.0,
    "val/loss": 1.117625155130442e-05,
    "val/reconstruction": 8.907642694423546e-07,
    "val/regularization": 9.941517923102638e-06
}