{
    "val/dynamics_x": 5.069452378212768e-07,
    "val/dynamics_z": 0.0,
    "val/loss": 1.3478750830014223e-05,
    "val/reconstruction": 2.863768293541908e-06,
    "val/regularization": 1.0108037298651039e-05
}