{
    "val/dynamics_x": 4.0350250876391315e-07,
    "val/dynamics_z": 0.0,
    "val/loss": 1.2770752892990016e-06,
    "val/reconstruction": 8.735727805350884e-07
}