{
    "val/dynamics_x": 6.149221773481882e-07,
    "val/dynamics_z": 0.0,
    "val/loss": 1.4866351478045876e-05,
    "val/reconstruction": 3.986691472385635e-06,
    "val/regularization": 1.0264737828312053e-05
}