{
    "val/dynamics_x": 3.829697062001772e-06,
    "val/dynamics_z": 0.0,
    "val/loss": 2.9265030700561348e-05,
    "val/reconstruction": 6.327621856884075e-06,
    "val/regularization": 1.9107711781675502e-05
}