{
    "val/dynamics_x": 7.273050902477382e-07,
    "val/dynamics_z": 0.0,
    "val/loss": 1.4897995114106409e-05,
    "val/reconstruction": 3.606705117123199e-06,
    "val/regularization": 1.056398490673547e-05
}