{
    "val/dynamics_x": 6.043834604550788e-07,
    "val/dynamics_z": 0.0,
    "val/loss": 1.2385317941003051e-05,
    "val/reconstruction": 1.5698429382319558e-06,
    "val/regularization": 1.0211091542316017e-05
}