{
    "val/dynamics_x": 2.300988739627968e-06,
    "val/dynamics_z": 0.0,
    "val/loss": 1.9749764593595207e-05,
    "val/reconstruction": 2.5993507338797567e-06,
    "val/regularization": 1.4849425120087482e-05
}