{
    "val/dynamics_x": 1.3197996667946845e-06,
    "val/dynamics_z": 0.0,
    "val/loss": 1.4306882817652472e-05,
    "val/reconstruction": 1.0552157383076146e-06,
    "val/regularization": 1.1931867412550173e-05
}