{
    "val/dynamics_x": 3.245290282728327e-06,
    "val/dynamics_z": 0.0,
    "val/loss": 3.0253202878936442e-05,
    "val/reconstruction": 7.998406427047608e-06,
    "val/regularization": 1.9009506169160507e-05
}