{
    "val/dynamics_x": 5.884481589088636e-06,
    "val/dynamics_z": 0.0,
    "val/loss": 3.609746223296072e-05,
    "val/reconstruction": 7.988092240101105e-06,
    "val/regularization": 2.2224888403770982e-05
}