{
    "val/dynamics_dx": 598.0390014648438,
    "val/dynamics_dz": 1.2013031244277954,
    "val/loss": 683.929931640625,
    "val/reconstruction": 17.181196212768555,
    "val/regularization": 20.65768051147461,
    "train/dynamics_dx": 727.93603515625,
    "train/dynamics_dz": 1.032647728919983,
    "train/loss": 805.8238525390625,
    "train/reconstruction": 15.924165725708008,
    "train/regularization": 20.657684326171875,
    "epoch_time": 0.08423399925231934
}