{
    "val/dynamics_dx": 192.66506958007812,
    "val/dynamics_dz": 9.07032585144043,
    "val/loss": 216.16964721679688,
    "val/reconstruction": 4.22343635559082,
    "val/regularization": 10.21082592010498,
    "train/dynamics_dx": 857.3225708007812,
    "train/dynamics_dz": 69.35031127929688,
    "train/loss": 947.64599609375,
    "train/reconstruction": 10.762287139892578,
    "train/regularization": 10.21082878112793,
    "epoch_time": 0.08377790451049805
}