{
    "val/dynamics_dx": 192.66506958007812,
    "val/dynamics_dz": 9.07032585144043,
    "val/loss": 216.16964721679688,
    "val/reconstruction": 4.22343635559082,
    "val/regularization": 10.21082592010498
}