{
    "val/dynamics_x": 2.3404606963595143e-06,
    "val/dynamics_z": 2.364856300118845e-06,
    "val/loss": 6.431649126170669e-06,
    "val/reconstruction": 1.7263333802475245e-06
}