{
    "val/dynamics_x": 1.3606713764602318e-06,
    "val/dynamics_z": 2.238264187326422e-06,
    "val/loss": 4.394420557218837e-06,
    "val/reconstruction": 7.954853913361148e-07
}