{
    "val/dynamics_x": 3.0055359729885822e-06,
    "val/dynamics_z": 2.2570695819013054e-06,
    "val/loss": 6.787429811083712e-06,
    "val/reconstruction": 1.524824710941175e-06
}