{
    "val/dynamics_x": 2.141684035450453e-06,
    "val/dynamics_z": 2.3242287170432974e-06,
    "val/loss": 6.608445801248308e-06,
    "val/reconstruction": 1.2699516673819744e-06,
    "val/regularization": 8.725804718778818e-07
}