{
    "val/dynamics_x": 2.7041055545851123e-06,
    "val/dynamics_z": 2.492848807378323e-06,
    "val/loss": 7.494279543607263e-06,
    "val/reconstruction": 1.1667275430227164e-06,
    "val/regularization": 1.130597411247436e-06
}