{
    "val/dynamics_x": 4.0946147237264086e-06,
    "val/dynamics_z": 2.504530812075245e-06,
    "val/loss": 9.082851647690404e-06,
    "val/reconstruction": 1.344249881185533e-06,
    "val/regularization": 1.1394574812584324e-06
}