{
    "val/dynamics_x": 3.789635684370296e-06,
    "val/dynamics_z": 2.452020453347359e-06,
    "val/loss": 8.897953193809371e-06,
    "val/reconstruction": 2.656297283465392e-06
}