{
    "val/dynamics_x": 4.498328053159639e-06,
    "val/dynamics_z": 2.3352156404143898e-06,
    "val/loss": 1.092250386136584e-05,
    "val/reconstruction": 2.718210680541233e-06,
    "val/regularization": 1.3707500556847663e-06
}