{
    "val/dynamics_x": 2.989002723552403e-06,
    "val/dynamics_z": 2.719999883993296e-06,
    "val/loss": 8.118342520901933e-06,
    "val/reconstruction": 1.4715213865201804e-06,
    "val/regularization": 9.378191521136614e-07
}