{
    "val/dynamics_x": 1.2007481018372346e-05,
    "val/dynamics_z": 3.6627368444897e-06,
    "val/loss": 2.496183878974989e-05,
    "val/reconstruction": 8.053895726334304e-06,
    "val/regularization": 1.237723154190462e-06
}