{
    "val/dynamics_x": 5.097329449199606e-06,
    "val/dynamics_z": 2.555913852120284e-06,
    "val/loss": 1.2053216778440401e-05,
    "val/reconstruction": 3.1763124752615113e-06,
    "val/regularization": 1.223661797666864e-06
}