{
    "val/dynamics_x": 1.3830062925990205e-06,
    "val/dynamics_z": 2.1299390482454328e-06,
    "val/loss": 4.099394573131576e-06,
    "val/reconstruction": 5.864495165042172e-07
}