{
    "val/dynamics_x": 5.4071138038125355e-06,
    "val/dynamics_z": 2.712828290896141e-06,
    "val/loss": 1.1079578143835533e-05,
    "val/reconstruction": 1.852841137406358e-06,
    "val/regularization": 1.1067947980336612e-06
}