{
    "val/dynamics_x": 1.5943924154271372e-06,
    "val/dynamics_z": 2.357841140110395e-06,
    "val/loss": 4.543385330180172e-06,
    "val/reconstruction": 5.911520588597341e-07
}