{
    "val/dynamics_x": 1.433914917470247e-06,
    "val/dynamics_z": 2.0016589132865192e-06,
    "val/loss": 4.198899205221096e-06,
    "val/reconstruction": 7.633249765603978e-07
}