{
    "val/dynamics_x": 3.341998308314942e-06,
    "val/dynamics_z": 2.373152938162093e-06,
    "val/loss": 1.1413213542255107e-05,
    "val/reconstruction": 4.413570877659367e-06,
    "val/regularization": 1.2844900538766524e-06
}