{
    "val/dynamics_x": 2.75278716799221e-06,
    "val/dynamics_z": 2.139763864761335e-06,
    "val/loss": 5.953309937467566e-06,
    "val/reconstruction": 1.0607591320876963e-06
}