{
    "val/dynamics_x": 2.7618436888587894e-06,
    "val/dynamics_z": 2.418814119664603e-06,
    "val/loss": 7.1521508289151825e-06,
    "val/reconstruction": 1.037267566061928e-06,
    "val/regularization": 9.342234079667833e-07
}