{
    "val/dynamics_x": 5.655313088936964e-06,
    "val/dynamics_z": 2.6643078854249325e-06,
    "val/loss": 1.269053973373957e-05,
    "val/reconstruction": 3.068567366426578e-06,
    "val/regularization": 1.3023505971432314e-06
}