{
    "val/dynamics_x": 0.0008491219258221203,
    "val/dynamics_z": 0.0,
    "val/loss": 0.036867106495808113,
    "val/reconstruction": 0.03601798456998599
}