{
    "val/dynamics_x": 0.0008297858553744943,
    "val/dynamics_z": 0.0,
    "val/loss": 0.03655112304104693,
    "val/reconstruction": 0.03571301135572375,
    "val/regularization": 8.32582994868004e-06
}