{
    "val/dynamics_x": 0.0008073644303470286,
    "val/dynamics_z": 0.0,
    "val/loss": 0.035788176182534194,
    "val/reconstruction": 0.03496820564322329,
    "val/regularization": 1.2606108963877078e-05
}