{
    "val/dynamics_x": 0.0008099489558384871,
    "val/dynamics_z": 0.0,
    "val/loss": 0.036139820284300565,
    "val/reconstruction": 0.035315487797860916,
    "val/regularization": 1.4383530601159174e-05
}