{
    "val/dynamics_x": 1.8768629093525385e-06,
    "val/dynamics_z": 0.0,
    "val/loss": 1.0674569812643311e-05,
    "val/reconstruction": 1.2873449515714025e-06,
    "val/regularization": 7.5103619517193705e-06
}