{
    "val/dynamics_x": 2.4024848320158555e-06,
    "val/dynamics_z": 0.0,
    "val/loss": 1.5219731202245375e-05,
    "val/reconstruction": 2.602117457166364e-06,
    "val/regularization": 1.0215128913063155e-05
}