{
    "val/dynamics_x": 1.9210767302090314e-06,
    "val/dynamics_z": 0.0,
    "val/loss": 1.119460336792386e-05,
    "val/reconstruction": 9.312206258980599e-07,
    "val/regularization": 8.342306011816768e-06
}