{
    "val/dynamics_x": 2.0375260678170566e-06,
    "val/dynamics_z": 0.0,
    "val/loss": 1.9904855059056496e-05,
    "val/reconstruction": 9.366771675074489e-06,
    "val/regularization": 8.500557316164953e-06
}