{
    "val/dynamics_x": 1.8913275672472675e-06,
    "val/dynamics_z": 0.0,
    "val/loss": 1.0692515765697766e-05,
    "val/reconstruction": 6.273520259786521e-07,
    "val/regularization": 8.173836172471847e-06
}