{
    "val/dynamics_x": 6.431127302933879e-06,
    "val/dynamics_z": 0.0,
    "val/loss": 2.786092440758966e-05,
    "val/reconstruction": 2.9936370516762765e-06,
    "val/regularization": 1.8436160052979504e-05
}