{
    "val/dynamics_x": 2.120941318512056e-06,
    "val/dynamics_z": 0.0,
    "val/loss": 1.2544993631753544e-05,
    "val/reconstruction": 1.5659597958919226e-06,
    "val/regularization": 8.858092517349564e-06
}