{
    "val/dynamics_x": 1.871184094527345e-06,
    "val/dynamics_z": 0.0,
    "val/loss": 1.0202793208819613e-05,
    "val/reconstruction": 5.52377143452758e-07,
    "val/regularization": 7.77923197083951e-06
}