{
    "val/dynamics_x": 4.800687286001102e-06,
    "val/dynamics_z": 0.0,
    "val/loss": 3.925787359303814e-05,
    "val/reconstruction": 1.7331533956693914e-05,
    "val/regularization": 1.712565235034312e-05
}