{
    "val/dynamics_x": 1.0980722338476261e-05,
    "val/dynamics_z": 0.0,
    "val/loss": 3.905670899124549e-05,
    "val/reconstruction": 9.994539852706849e-06,
    "val/regularization": 1.8081446800062377e-05
}