{
    "val/dynamics_x": 2.0981528692733004e-07,
    "val/dynamics_z": 0.0,
    "val/loss": 2.298837189505839e-06,
    "val/reconstruction": 2.089021902578509e-06
}