{
    "val/dynamics_x": 2.131283790285299e-07,
    "val/dynamics_z": 0.0,
    "val/loss": 8.483863018379508e-06,
    "val/reconstruction": 9.37685681828048e-07,
    "val/regularization": 7.3330489575229306e-06
}