{
    "val/dynamics_x": 0.000459131074459663,
    "val/dynamics_z": 0.0,
    "val/loss": 0.02738018651555677,
    "val/reconstruction": 0.02691112105528216,
    "val/regularization": 9.934385814947429e-06
}