{
    "val/dynamics_x": 0.0007193238887187385,
    "val/dynamics_z": 0.0,
    "val/loss": 0.032117719300839245,
    "val/reconstruction": 0.03138591739707416,
    "val/regularization": 1.2478015046348612e-05
}