{
    "val/dynamics_x": 1.1513620847836137e-06,
    "val/dynamics_z": 1.514724061735251e-07,
    "val/loss": 7.399585683742771e-06,
    "val/reconstruction": 6.096751349105034e-06
}