{
    "val/dynamics_x": 9.96209976733553e-08,
    "val/dynamics_z": 1.1901691721050156e-07,
    "val/loss": 5.633637556456961e-06,
    "val/reconstruction": 5.4150000323716085e-06
}