{
    "val/dynamics_x": 2.752667569438927e-07,
    "val/dynamics_z": 3.776850974190893e-07,
    "val/loss": 1.0669318726286292e-05,
    "val/reconstruction": 9.134414540312719e-06,
    "val/regularization": 8.819530421533273e-07
}