{
    "val/dynamics_x": 1.3721363245622342e-07,
    "val/dynamics_z": 1.1578315906035641e-07,
    "val/loss": 5.78809840590111e-06,
    "val/reconstruction": 5.53510199097218e-06
}