{
    "val/dynamics_x": 2.596288823042414e-06,
    "val/dynamics_z": 1.3878329241379106e-07,
    "val/loss": 9.41482085181633e-06,
    "val/reconstruction": 6.679748821625253e-06
}