{
    "val/dynamics_x": 1.0962993712837488e-07,
    "val/dynamics_z": 1.2463665655104705e-07,
    "val/loss": 6.153976300993236e-06,
    "val/reconstruction": 5.919710019952618e-06
}