{
    "val/dynamics_x": 5.911256266699638e-07,
    "val/dynamics_z": 4.1741367340364377e-07,
    "val/loss": 1.4815012036706321e-05,
    "val/reconstruction": 1.2860265997005627e-05,
    "val/regularization": 9.462051480113587e-07
}