{
    "val/dynamics_x": 8.795669259598071e-07,
    "val/dynamics_z": 5.429148473012901e-07,
    "val/loss": 1.8200938939116895e-05,
    "val/reconstruction": 1.5714133041910827e-05,
    "val/regularization": 1.0643234418239444e-06
}