{
    "val/dynamics_x": 2.1613827527744434e-07,
    "val/dynamics_z": 1.290280238208652e-07,
    "val/loss": 5.952411811449565e-06,
    "val/reconstruction": 5.607246748695616e-06
}