{
    "val/dynamics_x": 8.573814369583488e-08,
    "val/dynamics_z": 1.158340054985274e-07,
    "val/loss": 5.735515060223406e-06,
    "val/reconstruction": 5.53394283997477e-06
}