{
    "val/dynamics_x": 1.3996881307321019e-06,
    "val/dynamics_z": 3.3439974345128576e-08,
    "val/loss": 2.168226274079643e-06,
    "val/reconstruction": 7.350978989961732e-07
}