{
    "val/dynamics_x": 8.906506820949289e-08,
    "val/dynamics_z": 1.2123201997837896e-07,
    "val/loss": 5.716559826396406e-06,
    "val/reconstruction": 5.506262823473662e-06
}