{
    "val/dynamics_x": 1.4018759202372166e-06,
    "val/dynamics_z": 1.2118623260448658e-07,
    "val/loss": 7.4457248047110625e-06,
    "val/reconstruction": 5.922662694501923e-06
}