{
    "val/dynamics_x": 9.122415178808296e-08,
    "val/dynamics_z": 1.1801223109841885e-07,
    "val/loss": 5.580413471761858e-06,
    "val/reconstruction": 5.371176939661382e-06
}