{
    "val/dynamics_x": 1.5408054423460271e-06,
    "val/dynamics_z": 4.1030968844779636e-08,
    "val/loss": 2.246220674351207e-06,
    "val/reconstruction": 6.643841174991394e-07
}