{
    "val/dynamics_x": 0.0005223575833634153,
    "val/dynamics_z": 0.0,
    "val/loss": 0.02497001147574078,
    "val/reconstruction": 0.024435074949597842,
    "val/regularization": 1.2578942779523748e-05
}