{
    "val/dynamics_x": 0.0005195209865603315,
    "val/dynamics_z": 0.0,
    "val/loss": 0.024937712498116774,
    "val/reconstruction": 0.02440623113157314,
    "val/regularization": 1.196037998329841e-05
}