{
    "val/dynamics_x": 0.0005162903191249425,
    "val/dynamics_z": 0.0,
    "val/loss": 0.024784811258328647,
    "val/reconstruction": 0.024268520939203706
}