{
    "val/dynamics_x": 0.0010907757138140751,
    "val/dynamics_z": 0.0,
    "val/loss": 0.0363475713271703,
    "val/reconstruction": 0.03525679561335623
}