{
    "val/dynamics_x": 2.8593483420991106e-06,
    "val/dynamics_z": 4.924791596749856e-07,
    "val/loss": 3.8438943192886654e-06,
    "val/reconstruction": 4.920671585750824e-07
}