{
    "val/dynamics_x": 1.3510896224033786e-06,
    "val/dynamics_z": 2.4937449438766635e-07,
    "val/loss": 1.7973220565181691e-06,
    "val/reconstruction": 1.9685784025114117e-07
}