{
    "val/dynamics_x": 1.19486435323779e-06,
    "val/dynamics_z": 2.5394351155227923e-07,
    "val/loss": 1.635663466004189e-06,
    "val/reconstruction": 1.8685582858779526e-07
}