{
    "val/dynamics_x": 1.528292273178522e-06,
    "val/dynamics_z": 2.3695709217008698e-07,
    "val/loss": 2.935898010036908e-06,
    "val/reconstruction": 2.403617713753192e-07,
    "val/regularization": 9.302870580540912e-07
}