{
    "val/dynamics_x": 8.818710170999111e-07,
    "val/dynamics_z": 2.4881288140932156e-07,
    "val/loss": 1.263800754713884e-06,
    "val/reconstruction": 1.3311691304807027e-07
}