{
    "val/dynamics_x": 9.522968866804149e-07,
    "val/dynamics_z": 2.5303771167273226e-07,
    "val/loss": 1.330676923316787e-06,
    "val/reconstruction": 1.2534215443338326e-07
}