{
    "val/dynamics_x": 9.28073291106557e-07,
    "val/dynamics_z": 2.5883338139465195e-07,
    "val/loss": 2.2526414795720484e-06,
    "val/reconstruction": 1.2636145640954055e-07,
    "val/regularization": 9.393734217155725e-07
}