{
    "val/dynamics_x": 1.0476126135472441e-06,
    "val/dynamics_z": 2.582184208677063e-07,
    "val/loss": 2.3823163246561307e-06,
    "val/reconstruction": 1.38416694994703e-07,
    "val/regularization": 9.380686947224604e-07
}