{
    "val/dynamics_x": 2.072738197966828e-06,
    "val/dynamics_z": 1.4484183452623256e-07,
    "val/loss": 3.425864633754827e-06,
    "val/reconstruction": 3.1026922897581244e-07,
    "val/regularization": 8.980156280813389e-07
}