{
    "val/dynamics_x": 1.3129804301570402e-06,
    "val/dynamics_z": 1.8581157235075807e-07,
    "val/loss": 2.6088132472068537e-06,
    "val/reconstruction": 1.914494731636296e-07,
    "val/regularization": 9.185717999571352e-07
}