{
    "val/dynamics_x": 1.4601796465285588e-06,
    "val/dynamics_z": 2.666901366410457e-07,
    "val/loss": 2.876970711440663e-06,
    "val/reconstruction": 2.1337022815259843e-07,
    "val/regularization": 9.367307711727335e-07
}