{
    "val/dynamics_x": 5.439868346002186e-06,
    "val/dynamics_z": 3.904374636931607e-07,
    "val/loss": 7.32294438421377e-06,
    "val/reconstruction": 6.467778348451247e-07,
    "val/regularization": 8.458603133476572e-07
}