{
    "val/dynamics_x": 1.0895503237406956e-06,
    "val/dynamics_z": 3.065013629566238e-07,
    "val/loss": 1.671706399974937e-06,
    "val/reconstruction": 2.7565494065129315e-07
}