{
    "val/dynamics_x": 2.630621111165965e-06,
    "val/dynamics_z": 3.076828818393551e-07,
    "val/loss": 3.2863556498341495e-06,
    "val/reconstruction": 3.4805157156370115e-07
}