{
    "val/dynamics_x": 1.1827234629890881e-05,
    "val/dynamics_z": 3.795137786255509e-07,
    "val/loss": 1.5301699022529647e-05,
    "val/reconstruction": 2.262780981254764e-06,
    "val/regularization": 8.321679842993035e-07
}