{
    "val/dynamics_x": 1.8663115497474791e-06,
    "val/dynamics_z": 3.7328288726712344e-07,
    "val/loss": 3.514828449624474e-06,
    "val/reconstruction": 3.360563596288557e-07,
    "val/regularization": 9.391771413902461e-07
}