{
    "val/dynamics_x": 2.155473794118734e-06,
    "val/dynamics_z": 2.0117153098908602e-07,
    "val/loss": 3.723480404005386e-06,
    "val/reconstruction": 4.6437855871772626e-07,
    "val/regularization": 9.02456747553515e-07
}