{
    "val/dynamics_x": 7.846907124076097e-07,
    "val/dynamics_z": 2.539989054639591e-07,
    "val/loss": 1.1420738701417577e-06,
    "val/reconstruction": 1.033842664810436e-07
}