{
    "val/dynamics_x": 8.527069894626038e-07,
    "val/dynamics_z": 2.715441098644078e-07,
    "val/loss": 1.2514904028648743e-06,
    "val/reconstruction": 1.2723903353162314e-07
}