{
    "val/dynamics_x": 5.334221896191593e-06,
    "val/dynamics_z": 2.5198184516739275e-07,
    "val/loss": 7.179864041972905e-06,
    "val/reconstruction": 7.54210645936837e-07,
    "val/regularization": 8.39449228351441e-07
}