{
    "val/dynamics_x": 9.93106368696317e-07,
    "val/dynamics_z": 2.4775587803560484e-07,
    "val/loss": 1.3829427416567341e-06,
    "val/reconstruction": 1.4208026755113679e-07
}