{
    "val/dynamics_x": 0.0007889097025802751,
    "val/dynamics_z": 0.0,
    "val/loss": 0.03358046113603933,
    "val/reconstruction": 0.032791551433459055
}