{
    "val/dynamics_x": 0.0007874183027992458,
    "val/dynamics_z": 0.0,
    "val/loss": 0.03354883291668169,
    "val/reconstruction": 0.03276141461388244
}