{
    "val/dynamics_x": 0.0010176365238222485,
    "val/dynamics_z": 0.0,
    "val/loss": 0.03794374588236401,
    "val/reconstruction": 0.03691323626087051,
    "val/regularization": 1.2873097671251795e-05
}