{
    "val/dynamics_x": 0.0007030756368762916,
    "val/dynamics_z": 0.0,
    "val/loss": 0.03198909778562978,
    "val/reconstruction": 0.031286022148753485,
    "train/dynamics_x": 6.203585123205936e-08,
    "train/dynamics_z": 0.0,
    "train/loss": 1.6697154471636666e-06,
    "train/reconstruction": 1.6076795959316078e-06
}