{
    "val/dynamics_x": 0.0007244891780119622,
    "val/dynamics_z": 0.0,
    "val/loss": 0.03273243324848397,
    "val/reconstruction": 0.03199965221319529,
    "val/regularization": 8.291857276716582e-06
}