{
    "val/dynamics_x": 0.000701419380248677,
    "val/dynamics_z": 0.0,
    "val/loss": 0.032105335330181145,
    "val/reconstruction": 0.03139666687185331,
    "val/regularization": 7.249078079161247e-06
}