{
    "val/dynamics_x": 6.947563485263371e-07,
    "val/dynamics_z": 0.0,
    "val/loss": 1.5427272637482026e-06,
    "val/reconstruction": 8.479709152218655e-07,
    "train/dynamics_x": 5.498780839437277e-07,
    "train/dynamics_z": 0.0,
    "train/loss": 1.1709902146883861e-05,
    "train/reconstruction": 1.560435914518684e-06,
    "train/regularization": 9.599588148421454e-06
}