{
    "val/dynamics_x": 6.947563485263371e-07,
    "val/dynamics_z": 0.0,
    "val/loss": 1.5427272637482026e-06,
    "val/reconstruction": 8.479709152218655e-07
}