{
    "val/dynamics_x": 6.922419858417434e-07,
    "val/dynamics_z": 0.0,
    "val/loss": 1.134254753387989e-05,
    "val/reconstruction": 8.786723566077221e-07,
    "val/regularization": 9.771633191430424e-06
}