{
    "val/dynamics_x": 9.369770125075889e-07,
    "val/dynamics_z": 0.0,
    "val/loss": 1.4578661347693384e-05,
    "val/reconstruction": 3.6405329481659865e-06,
    "val/regularization": 1.0001151387019809e-05
}