{
    "val/dynamics_x": 3.036837672560257e-06,
    "val/dynamics_z": 0.0,
    "val/loss": 2.6869688141718524e-05,
    "val/reconstruction": 7.898888331466742e-06,
    "val/regularization": 1.5933962137691524e-05
}