{
    "val/dynamics_x": 5.909073747888693e-06,
    "val/dynamics_z": 0.0,
    "val/loss": 3.608952619930857e-05,
    "val/reconstruction": 1.0872148075801951e-05,
    "val/regularization": 1.930830437561793e-05
}