{
    "val/dynamics_x": 7.312811637494496e-07,
    "val/dynamics_z": 0.0,
    "val/loss": 1.2605987976442386e-05,
    "val/reconstruction": 2.074341851271994e-06,
    "val/regularization": 9.800364961420942e-06
}