{
    "val/dynamics_x": 7.208147733977083e-07,
    "val/dynamics_z": 0.0,
    "val/loss": 1.1511307603412585e-05,
    "val/reconstruction": 1.0471206142795883e-06,
    "val/regularization": 9.74337221573529e-06
}