{
    "val/dynamics_x": 1.323748686025345e-06,
    "val/dynamics_z": 0.0,
    "val/loss": 1.3724467156461871e-05,
    "val/reconstruction": 1.9993324747988375e-06,
    "val/regularization": 1.0401385995637689e-05
}