{
    "val/dynamics_x": 9.010959672878681e-07,
    "val/dynamics_z": 0.0,
    "val/loss": 1.3573436993043765e-05,
    "val/reconstruction": 2.8670512246950055e-06,
    "val/regularization": 9.805289801060892e-06
}