{
    "val/dynamics_x": 5.353627090491851e-07,
    "val/dynamics_z": 0.0,
    "val/loss": 1.1405818603815118e-05,
    "val/reconstruction": 1.7776624655160693e-06,
    "val/regularization": 9.092793429249865e-06
}