{
    "val/dynamics_x": 6.108770184655304e-07,
    "val/dynamics_z": 0.0,
    "val/loss": 1.134617909110581e-05,
    "val/reconstruction": 1.5087158654713784e-06,
    "val/regularization": 9.2265862071689e-06
}