{
    "val/dynamics_x": 0.001068652139120517,
    "val/dynamics_z": 0.0,
    "val/loss": 0.04141104163118379,
    "val/reconstruction": 0.04033307816818564,
    "val/regularization": 9.311323877633539e-06
}