{
    "val/dynamics_x": 0.0010659725834198835,
    "val/dynamics_z": 0.0,
    "val/loss": 0.041317792229504526,
    "val/reconstruction": 0.040251819646084645
}