{
    "val/dynamics_x": 2.072765664321484e-07,
    "val/dynamics_z": 0.0,
    "val/loss": 7.683108897682187e-06,
    "val/reconstruction": 4.071680764736513e-07,
    "val/regularization": 7.068664254776387e-06
}