{
    "val/dynamics_x": 4.16506353881472e-06,
    "val/dynamics_z": 0.0,
    "val/loss": 3.0651302569153544e-05,
    "val/reconstruction": 5.546001537913757e-06,
    "val/regularization": 2.094023749242507e-05
}