{
    "val/dynamics_x": 2.6998684236514376e-07,
    "val/dynamics_z": 0.0,
    "val/loss": 1.1220706158062354e-05,
    "val/reconstruction": 3.724338012297257e-06,
    "val/regularization": 7.2263813033999524e-06
}