{
    "val/dynamics_x": 4.2629759721544555e-07,
    "val/dynamics_z": 0.0,
    "val/loss": 1.1374505934528103e-05,
    "val/reconstruction": 3.3611059998332633e-06,
    "val/regularization": 7.587102337479394e-06
}