{
    "val/dynamics_x": 3.0988872819310426e-07,
    "val/dynamics_z": 0.0,
    "val/loss": 1.0039817490799767e-05,
    "val/reconstruction": 2.435912293113773e-06,
    "val/regularization": 7.294016469492889e-06
}