{
    "val/dynamics_x": 5.00129379306243e-07,
    "val/dynamics_z": 0.0,
    "val/loss": 1.3502712272988465e-05,
    "val/reconstruction": 5.203522496857891e-06,
    "val/regularization": 7.799060396824331e-06
}