{
    "val/dynamics_x": 0.0005157759045616601,
    "val/dynamics_z": 0.0,
    "val/loss": 0.02476815295767452,
    "val/reconstruction": 0.024243210556460476,
    "val/regularization": 9.166496652385032e-06,
    "train/dynamics_x": 2.0967147663233817e-06,
    "train/dynamics_z": 0.0,
    "train/loss": 1.2581647891845525e-05,
    "train/reconstruction": 1.3171927898851423e-06,
    "train/regularization": 9.167740335636998e-06
}