{
    "val/dynamics_x": 0.0005434015280190047,
    "val/dynamics_z": 0.0,
    "val/loss": 0.02510037670768682,
    "val/reconstruction": 0.024539024365042135,
    "val/regularization": 1.7950814625677393e-05
}