{
    "val/dynamics_x": 0.0005157363042445672,
    "val/dynamics_z": 0.0,
    "val/loss": 0.024867008262205774,
    "val/reconstruction": 0.024339965388373713,
    "val/regularization": 1.1306569587496062e-05
}