{
    "val/dynamics_x": 2.888010581755323e-07,
    "val/dynamics_z": 0.0,
    "val/loss": 9.47244060887583e-06,
    "val/reconstruction": 8.438286950485952e-07,
    "val/regularization": 8.339810855651702e-06
}