{
    "val/dynamics_x": 8.924146010710963e-07,
    "val/dynamics_z": 0.0,
    "val/loss": 1.4227766277989655e-05,
    "val/reconstruction": 1.7271656005819867e-06,
    "val/regularization": 1.1608186076336573e-05
}