{
    "val/dynamics_x": 3.935408118446398e-06,
    "val/dynamics_z": 0.0,
    "val/loss": 3.40551175479642e-05,
    "val/reconstruction": 9.773114617904946e-06,
    "val/regularization": 2.034659481161285e-05
}