{
    "val/dynamics_x": 2.3997694222406174e-07,
    "val/dynamics_z": 0.0,
    "val/loss": 8.831072158376432e-06,
    "val/reconstruction": 7.332607897648434e-07,
    "val/regularization": 7.857834426387527e-06
}