{
    "val/dynamics_x": 6.936610551652082e-07,
    "val/dynamics_z": 0.0,
    "val/loss": 2.0207545297378762e-05,
    "val/reconstruction": 9.754428867294075e-06,
    "val/regularization": 9.759455374919482e-06
}