{
    "val/dynamics_x": 2.4367069535298477e-07,
    "val/dynamics_z": 0.0,
    "val/loss": 2.428878647341701e-06,
    "val/reconstruction": 2.185207951988716e-06
}