{
    "val/dynamics_x": 6.375752530486307e-07,
    "val/dynamics_z": 0.0,
    "val/loss": 1.283502603774926e-05,
    "val/reconstruction": 1.9225087428791583e-06,
    "val/regularization": 1.027494204182147e-05
}