{
    "val/dynamics_x": 1.3648388225313104e-06,
    "val/dynamics_z": 0.0,
    "val/loss": 1.6264810708302376e-05,
    "val/reconstruction": 1.67079008574508e-06,
    "val/regularization": 1.3229181800025985e-05
}