{
    "val/dynamics_x": 1.466761789948519e-05,
    "val/dynamics_z": 0.0,
    "val/loss": 5.669787617221602e-05,
    "val/reconstruction": 1.8988801092975076e-05,
    "val/regularization": 2.3041457179755755e-05
}