{
    "val/dynamics_x": 5.153618386542044e-06,
    "val/dynamics_z": 0.0,
    "val/loss": 4.798070130628466e-05,
    "val/reconstruction": 2.267200093106492e-05,
    "val/regularization": 2.01550819886777e-05
}