{
    "val/dynamics_x": 2.6716881499111655e-06,
    "val/dynamics_z": 0.0,
    "val/loss": 2.8129812391975253e-05,
    "val/reconstruction": 8.627072385584308e-06,
    "val/regularization": 1.683105185647978e-05
}