{
    "val/dynamics_x": 1.1096235515803077e-06,
    "val/dynamics_z": 0.0,
    "val/loss": 1.3104334548516316e-05,
    "val/reconstruction": 2.5349913807927707e-06,
    "val/regularization": 9.459719616143237e-06
}