{
    "val/dynamics_x": 1.2019299179653786e-06,
    "val/dynamics_z": 0.0,
    "val/loss": 1.1753378135844511e-05,
    "val/reconstruction": 1.2342487351497925e-06,
    "val/regularization": 9.31719948272934e-06
}