{
    "val/dynamics_x": 2.293059951739656e-06,
    "val/dynamics_z": 0.0,
    "val/loss": 1.7777210248422055e-05,
    "val/reconstruction": 3.005260978752812e-06,
    "val/regularization": 1.2478889317929588e-05
}