{
    "val/dynamics_x": 1.1509125534770049e-06,
    "val/dynamics_z": 0.0,
    "val/loss": 1.2543830900391336e-05,
    "val/reconstruction": 1.1905193948552978e-06,
    "val/regularization": 1.0202398952059033e-05
}