{
    "val/dynamics_x": 1.600833146846636e-06,
    "val/dynamics_z": 0.0,
    "val/loss": 2.377655663181838e-05,
    "val/reconstruction": 1.069985210155538e-05,
    "val/regularization": 1.1475871383416362e-05
}