{
    "val/dynamics_x": 1.3661630560260835e-06,
    "val/dynamics_z": 0.0,
    "val/loss": 1.3287316826501222e-05,
    "val/reconstruction": 1.1123495071320307e-06,
    "val/regularization": 1.0808804263343109e-05
}