{
    "val/dynamics_x": 1.0947971808266953e-06,
    "val/dynamics_z": 0.0,
    "val/loss": 1.423121119785923e-05,
    "val/reconstruction": 3.5447753588170705e-06,
    "val/regularization": 9.591638658215463e-06
}