{
    "val/dynamics_x": 1.7852438999749573e-06,
    "val/dynamics_z": 0.0,
    "val/loss": 2.511276197628437e-05,
    "val/reconstruction": 1.2060321481517591e-05,
    "val/regularization": 1.1267196594791818e-05
}