{
    "val/dynamics_x": 1.5412251948584786e-06,
    "val/dynamics_z": 0.0,
    "val/loss": 1.824298792306327e-05,
    "val/reconstruction": 3.2095045412018515e-06,
    "val/regularization": 1.3492258187002941e-05
}