{
    "val/dynamics_x": 1.3184271237029537e-06,
    "val/dynamics_z": 0.0,
    "val/loss": 1.1384254512989233e-05,
    "val/reconstruction": 9.080846573138195e-07,
    "val/regularization": 9.15774273197246e-06
}