{
    "val/dynamics_x": 1.435043970269532e-06,
    "val/dynamics_z": 0.0,
    "val/loss": 2.3412536015942818e-06,
    "val/reconstruction": 9.062096313247497e-07
}