{
    "val/dynamics_x": 1.8176744858444017e-06,
    "val/dynamics_z": 0.0,
    "val/loss": 1.675134170931446e-05,
    "val/reconstruction": 3.209092018011292e-06,
    "val/regularization": 1.1724575205458764e-05
}