{
    "val/dynamics_x": 1.300036513266322e-06,
    "val/dynamics_z": 0.0,
    "val/loss": 1.4606733876899523e-05,
    "val/reconstruction": 2.707505173251891e-06,
    "val/regularization": 1.059919219038131e-05
}