{
    "val/dynamics_x": 2.136304128858906e-06,
    "val/dynamics_z": 0.0,
    "val/loss": 1.617043435295428e-05,
    "val/reconstruction": 2.0358217733941496e-06,
    "val/regularization": 1.1998308450701222e-05
}