{
    "val/dynamics_x": 1.0732441451151e-06,
    "val/dynamics_z": 0.0,
    "val/loss": 1.1805914380144685e-05,
    "val/reconstruction": 7.806257512776909e-07,
    "val/regularization": 9.952044483751894e-06
}