{
    "val/dynamics_x": 1.972570525070373e-06,
    "val/dynamics_z": 0.0,
    "val/loss": 2.0983820333351485e-05,
    "val/reconstruction": 4.596416831438946e-06,
    "val/regularization": 1.4414832976842168e-05
}