{
    "val/dynamics_x": 1.8396401881659708e-06,
    "val/dynamics_z": 0.0,
    "val/loss": 3.401486163823768e-05,
    "val/reconstruction": 1.928541017649338e-05,
    "val/regularization": 1.2889811273578328e-05
}