{
    "val/dynamics_x": 1.0585802695091572e-06,
    "val/dynamics_z": 0.0,
    "val/loss": 1.2088775808090853e-05,
    "val/reconstruction": 1.1966258919740745e-06,
    "val/regularization": 9.833569646607622e-06
}