{
    "val/dynamics_x": 1.072120762537343e-06,
    "val/dynamics_z": 0.0,
    "val/loss": 1.176965483653762e-05,
    "val/reconstruction": 9.820471425473453e-07,
    "val/regularization": 9.715486931452932e-06
}