{
    "val/dynamics_x": 4.817429459480017e-07,
    "val/dynamics_z": 0.0,
    "val/loss": 1.1446449010281428e-05,
    "val/reconstruction": 5.298622320002358e-07,
    "val/regularization": 1.043484383233319e-05
}