{
    "val/dynamics_x": 1.3022319445595991e-06,
    "val/dynamics_z": 0.0,
    "val/loss": 2.0574552626380034e-05,
    "val/reconstruction": 3.0992624704017377e-06,
    "val/regularization": 1.6173058211418696e-05
}