{
    "val/dynamics_x": 7.7321831251662e-07,
    "val/dynamics_z": 0.0,
    "val/loss": 1.9089568265359776e-05,
    "val/reconstruction": 6.617349240085839e-06,
    "val/regularization": 1.1699000712757318e-05
}