{
    "val/dynamics_x": 1.0593693871465344e-06,
    "val/dynamics_z": 0.0,
    "val/loss": 1.757765204506014e-05,
    "val/reconstruction": 2.55385668152325e-06,
    "val/regularization": 1.3964425976390353e-05
}