{
    "val/dynamics_x": 3.9603615638732765e-07,
    "val/dynamics_z": 0.0,
    "val/loss": 1.2984114836220923e-06,
    "val/reconstruction": 9.023753272347646e-07
}