{
    "val/dynamics_x": 4.28199901300643e-07,
    "val/dynamics_z": 0.0,
    "val/loss": 1.0873281547624028e-05,
    "val/reconstruction": 3.8806714425253506e-07,
    "val/regularization": 1.005701450207085e-05
}