{
    "val/dynamics_x": 5.666655899439369e-07,
    "val/dynamics_z": 0.0,
    "val/loss": 9.539245169592134e-06,
    "val/reconstruction": 8.605757158154908e-07,
    "val/regularization": 8.112003863832705e-06
}