{
    "val/dynamics_x": 5.117756998253084e-07,
    "val/dynamics_z": 0.0,
    "val/loss": 1.0780151890065126e-05,
    "val/reconstruction": 1.95207359331504e-06,
    "val/regularization": 8.31630259692478e-06
}