{
    "val/dynamics_x": 6.51554907633482e-07,
    "val/dynamics_z": 0.0,
    "val/loss": 1.1616153694593063e-05,
    "val/reconstruction": 2.807693720510939e-06,
    "val/regularization": 8.156905066448642e-06
}