{
    "val/dynamics_x": 6.32190872362474e-07,
    "val/dynamics_z": 0.0,
    "val/loss": 9.52397226043823e-06,
    "val/reconstruction": 9.229605784996529e-07,
    "val/regularization": 7.968820809576104e-06
}