{
    "val/dynamics_x": 7.516314315584939e-07,
    "val/dynamics_z": 0.0,
    "val/loss": 4.795881263484052e-06,
    "val/reconstruction": 4.044249831925559e-06
}