{
    "val/dynamics_x": 4.6526870151652226e-07,
    "val/dynamics_z": 0.0,
    "val/loss": 1.0962670622145446e-05,
    "val/reconstruction": 1.8443233671862787e-06,
    "val/regularization": 8.653078553442644e-06
}