{
    "val/dynamics_x": 5.3987055315963e-07,
    "val/dynamics_z": 0.0,
    "val/loss": 1.0074848274062562e-05,
    "val/reconstruction": 1.2781568513297401e-06,
    "val/regularization": 8.256820869573192e-06
}