{
    "val/dynamics_x": 8.614224748477073e-07,
    "val/dynamics_z": 0.0,
    "val/loss": 1.232594406013768e-05,
    "val/reconstruction": 3.5449599742147387e-06,
    "val/regularization": 7.919561611075234e-06
}