{
    "val/dynamics_x": 4.802271365786946e-07,
    "val/dynamics_z": 0.0,
    "val/loss": 1.3505984035025187e-05,
    "val/reconstruction": 3.7262817100025684e-06,
    "val/regularization": 9.299475188443926e-06
}