{
    "val/dynamics_x": 6.325425267636432e-07,
    "val/dynamics_z": 0.0,
    "val/loss": 1.0667802770163129e-05,
    "val/reconstruction": 2.023932796775862e-06,
    "val/regularization": 8.011327446623623e-06
}