{
    "val/dynamics_x": 4.992066861621658e-07,
    "val/dynamics_z": 0.0,
    "val/loss": 1.1002020709645191e-05,
    "val/reconstruction": 1.3585581674533653e-06,
    "val/regularization": 9.14425585602966e-06
}