{
    "val/dynamics_x": 5.091672428914317e-07,
    "val/dynamics_z": 0.0,
    "val/loss": 1.1056502925005747e-05,
    "val/reconstruction": 2.1735577849613146e-06,
    "val/regularization": 8.373777897153001e-06
}