{
    "val/dynamics_x": 5.492341133382593e-07,
    "val/dynamics_z": 0.0,
    "val/loss": 1.6648336200226242e-05,
    "val/reconstruction": 6.332486347751943e-06,
    "val/regularization": 9.76661573913604e-06
}