{
    "val/dynamics_x": 5.435803147849195e-07,
    "val/dynamics_z": 0.0,
    "val/loss": 1.0146981033140409e-05,
    "val/reconstruction": 1.1613596865703453e-06,
    "val/regularization": 8.442041031785144e-06
}