{
    "val/dynamics_x": 5.713308652045294e-07,
    "val/dynamics_z": 0.0,
    "val/loss": 1.5603661381726807e-05,
    "val/reconstruction": 5.526763833556904e-06,
    "val/regularization": 9.505566682965372e-06
}