{
    "val/dynamics_x": 6.608401631311235e-07,
    "val/dynamics_z": 0.0,
    "val/loss": 2.8410074279075597e-06,
    "val/reconstruction": 2.1801672647764367e-06
}