{
    "val/dynamics_x": 1.0533299537943901e-06,
    "val/dynamics_z": 0.0,
    "val/loss": 1.6758780750323812e-05,
    "val/reconstruction": 4.821134167500364e-06,
    "val/regularization": 1.0884316629029056e-05
}