{
    "val/dynamics_x": 5.429927056013313e-07,
    "val/dynamics_z": 0.0,
    "val/loss": 1.3184966056709966e-05,
    "val/reconstruction": 3.906941773981214e-06,
    "val/regularization": 8.73503157712742e-06
}