{
    "val/dynamics_x": 0.0008075454277551813,
    "val/dynamics_z": 0.0,
    "val/loss": 0.03651076224882657,
    "val/reconstruction": 0.035691326667613,
    "val/regularization": 1.1890153458392559e-05
}