{
    "val/dynamics_x": 0.0008098786743025948,
    "val/dynamics_z": 0.0,
    "val/loss": 0.03693266722542461,
    "val/reconstruction": 0.03612278855112202
}