{
    "val/dynamics_x": 0.0008259971869344326,
    "val/dynamics_z": 0.0,
    "val/loss": 0.03173985714241189,
    "val/reconstruction": 0.030892609616223737,
    "val/regularization": 2.125033925372544e-05,
    "train/dynamics_x": 6.20753272302591e-06,
    "train/dynamics_z": 0.0,
    "train/loss": 3.878818245069406e-05,
    "train/reconstruction": 1.1328200901993631e-05,
    "train/regularization": 2.1252448825674518e-05
}