{
    "val/dynamics_x": 0.0008624143651503673,
    "val/dynamics_z": 0.0,
    "val/loss": 0.03210128011137234,
    "val/reconstruction": 0.031238865746221967
}