{
    "val/dynamics_x": 0.0008259971869344326,
    "val/dynamics_z": 0.0,
    "val/loss": 0.03173985714241189,
    "val/reconstruction": 0.030892609616223737,
    "val/regularization": 2.125033925372544e-05
}