{
    "val/dynamics_x": 0.0005715265293107375,
    "val/dynamics_z": 0.0,
    "val/loss": 0.03336720744402834,
    "val/reconstruction": 0.03277811188845908,
    "val/regularization": 1.756902625851783e-05
}