{
    "val/dynamics_x": 4.918992090097163e-06,
    "val/dynamics_z": 2.5954821012419416e-06,
    "val/loss": 8.68444567458937e-06,
    "val/reconstruction": 7.291016004273843e-07,
    "val/regularization": 4.4086922912356385e-07
}