{
    "val/dynamics_x": 7.697932596784085e-05,
    "val/dynamics_z": 4.062982952746097e-06,
    "val/loss": 9.511189273325726e-05,
    "val/reconstruction": 1.3632315130962525e-05,
    "val/regularization": 4.3726331000470964e-07
}