{
    "val/dynamics_x": 5.138223514222773e-06,
    "val/dynamics_z": 3.0630521905550268e-06,
    "val/loss": 9.398734619026072e-06,
    "val/reconstruction": 7.590910513499693e-07,
    "val/regularization": 4.3836658392137906e-07
}