{
    "val/dynamics_x": 4.947120487486245e-06,
    "val/dynamics_z": 2.6659561171982205e-06,
    "val/loss": 8.829343641991727e-06,
    "val/reconstruction": 7.754424586892128e-07,
    "val/regularization": 4.4082557337787875e-07
}