{
    "val/dynamics_x": 4.8681822590879165e-06,
    "val/dynamics_z": 2.354864363951492e-06,
    "val/loss": 7.75757507653907e-06,
    "val/reconstruction": 5.34528396656242e-07
}