{
    "val/dynamics_x": 5.097216217109235e-06,
    "val/dynamics_z": 2.324387651242432e-06,
    "val/loss": 8.073846402112395e-06,
    "val/reconstruction": 6.522429316646594e-07
}