{
    "val/dynamics_x": 4.720595370599767e-06,
    "val/dynamics_z": 2.3886107101134257e-06,
    "val/loss": 7.575376002932899e-06,
    "val/reconstruction": 4.6616980853286805e-07
}