{
    "val/dynamics_x": 9.290750313084573e-06,
    "val/dynamics_z": 3.78945037482481e-06,
    "val/loss": 1.597603659320157e-05,
    "val/reconstruction": 2.458298467900022e-06,
    "val/regularization": 4.3753590261985664e-07
}