{
    "val/dynamics_x": 3.4205052037888446e-07,
    "val/dynamics_z": 0.0,
    "val/loss": 1.7127104207146713e-05,
    "val/reconstruction": 8.85863863382356e-06,
    "val/regularization": 7.926415052944269e-06
}