{
    "val/dynamics_x": 4.1928189836378613e-07,
    "val/dynamics_z": 0.0,
    "val/loss": 9.853145682608176e-06,
    "val/reconstruction": 1.208638065997119e-06,
    "val/regularization": 8.22522571824727e-06
}