{
    "val/dynamics_x": 7.292889039467682e-07,
    "val/dynamics_z": 0.0,
    "val/loss": 1.379056811013513e-05,
    "val/reconstruction": 4.534754849001735e-06,
    "val/regularization": 8.526524357186626e-06
}