{
    "val/dynamics_x": 1.1701049491883484e-07,
    "val/dynamics_z": 0.0,
    "val/loss": 7.89290924898545e-06,
    "val/reconstruction": 7.154952407491936e-07,
    "val/regularization": 7.060403513317421e-06
}