{
    "val/dynamics_x": 1.410351500918255e-07,
    "val/dynamics_z": 0.0,
    "val/loss": 8.291053601389595e-06,
    "val/reconstruction": 1.0179411089814159e-06,
    "val/regularization": 7.132077342316354e-06
}