{
    "val/dynamics_x": 1.876222341875089e-07,
    "val/dynamics_z": 0.0,
    "val/loss": 9.243779322355227e-06,
    "val/reconstruction": 1.654969545092592e-06,
    "val/regularization": 7.401187543075127e-06
}