{
    "val/dynamics_x": 2.5414821762931845e-07,
    "val/dynamics_z": 0.0,
    "val/loss": 8.792171029250327e-06,
    "val/reconstruction": 8.40943204381024e-07,
    "val/regularization": 7.697079607239985e-06
}