{
    "val/dynamics_x": 1.1909273757968692e-07,
    "val/dynamics_z": 0.0,
    "val/loss": 9.784493232336404e-06,
    "val/reconstruction": 2.5865701427846687e-06,
    "val/regularization": 7.078830351972049e-06
}