{
    "val/dynamics_x": 1.1753422932304734e-07,
    "val/dynamics_z": 0.0,
    "val/loss": 7.931771561486863e-06,
    "val/reconstruction": 7.141693045374038e-07,
    "val/regularization": 7.1000680276264115e-06
}