{
    "val/dynamics_x": 2.1903127411680326e-07,
    "val/dynamics_z": 0.0,
    "val/loss": 8.30470009913233e-06,
    "val/reconstruction": 5.5804343765211e-07,
    "val/regularization": 7.527625387363417e-06
}