{
    "val/dynamics_x": 1.1807665606380837e-07,
    "val/dynamics_z": 0.0,
    "val/loss": 1.0663063757925355e-06,
    "val/reconstruction": 9.482297197287272e-07
}