{
    "val/dynamics_x": 2.209878675222536e-07,
    "val/dynamics_z": 0.0,
    "val/loss": 8.366655988831375e-06,
    "val/reconstruction": 5.386620009609473e-07,
    "val/regularization": 7.607006120348173e-06
}