{
    "val/dynamics_x": 1.8995562103908807e-07,
    "val/dynamics_z": 0.0,
    "val/loss": 8.557727559166603e-06,
    "val/reconstruction": 9.087166964859771e-07,
    "val/regularization": 7.459055241641537e-06
}