{
    "val/dynamics_x": 5.595790842279271e-07,
    "val/dynamics_z": 0.0,
    "val/loss": 9.62448578780583e-06,
    "val/reconstruction": 8.16268920581442e-07,
    "val/regularization": 8.24863778299646e-06
}