{
    "val/dynamics_x": 1.4712825883311754e-06,
    "val/dynamics_z": 0.0,
    "val/loss": 3.0132157362281367e-05,
    "val/reconstruction": 1.399873012642913e-05,
    "val/regularization": 1.4662144647521062e-05
}