{
    "val/dynamics_x": 2.2429714425931544e-07,
    "val/dynamics_z": 0.0,
    "val/loss": 1.4490259845231447e-05,
    "val/reconstruction": 7.005817114033572e-06,
    "val/regularization": 7.260145586938561e-06
}