{
    "val/dynamics_x": 1.688521171076521e-07,
    "val/dynamics_z": 0.0,
    "val/loss": 8.076068689557115e-06,
    "val/reconstruction": 5.599902366695162e-07,
    "val/regularization": 7.347226335779946e-06
}