{
    "val/dynamics_x": 4.4485827815088105e-07,
    "val/dynamics_z": 0.0,
    "val/loss": 1.7154825548341058e-05,
    "val/reconstruction": 8.663092070336059e-06,
    "val/regularization": 8.046875199854118e-06
}