{
    "val/dynamics_x": 3.252812538884303e-07,
    "val/dynamics_z": 0.0,
    "val/loss": 2.21136183192851e-05,
    "val/reconstruction": 1.3985889492816023e-05,
    "val/regularization": 7.802447572580646e-06
}