{
    "val/dynamics_x": 9.004238824286117e-07,
    "val/dynamics_z": 0.0,
    "val/loss": 1.3933085322631656e-05,
    "val/reconstruction": 1.9942517208746775e-06,
    "val/regularization": 1.1038409719328367e-05
}