{
    "val/dynamics_x": 1.5488383607591447e-07,
    "val/dynamics_z": 0.0,
    "val/loss": 9.504851777223076e-06,
    "val/reconstruction": 2.1903597792110303e-06,
    "val/regularization": 7.159608161936131e-06
}