{
    "val/dynamics_x": 1.3515112085141994e-07,
    "val/dynamics_z": 0.0,
    "val/loss": 8.03367218446467e-06,
    "val/reconstruction": 7.084344015138851e-07,
    "val/regularization": 7.190086662099365e-06
}