{
    "val/dynamics_x": 1.3625502210346997e-07,
    "val/dynamics_z": 0.0,
    "val/loss": 8.258374188387965e-06,
    "val/reconstruction": 1.0148904986117906e-06,
    "val/regularization": 7.107228667672705e-06
}