{
    "val/dynamics_x": 3.2214100475431754e-06,
    "val/dynamics_z": 0.0,
    "val/loss": 2.888673164700189e-05,
    "val/reconstruction": 5.412419353618394e-06,
    "val/regularization": 2.025290224584032e-05
}