{
    "val/dynamics_x": 2.2790558399933378e-07,
    "val/dynamics_z": 0.0,
    "val/loss": 5.494179059207611e-07,
    "val/reconstruction": 3.2151232192142724e-07,
    "train/dynamics_x": 2.0001335267033964e-07,
    "train/dynamics_z": 0.0,
    "train/loss": 7.979946167160035e-06,
    "train/reconstruction": 5.781036920059903e-07,
    "train/regularization": 7.2018291224837056e-06
}