{
    "val/dynamics_x": 5.75995992019495e-07,
    "val/dynamics_z": 0.0,
    "val/loss": 1.1188889687014682e-05,
    "val/reconstruction": 2.0720377986371267e-06,
    "val/regularization": 8.54085589635806e-06
}