{
    "val/dynamics_x": 5.222123534795902e-07,
    "val/dynamics_z": 0.0,
    "val/loss": 1.4810139399260874e-05,
    "val/reconstruction": 6.5005572596480295e-06,
    "val/regularization": 7.787369786133255e-06
}