{
    "val/dynamics_x": 8.867736550897631e-07,
    "val/dynamics_z": 0.0,
    "val/loss": 1.4975445692643165e-05,
    "val/reconstruction": 1.9611435733297564e-06,
    "val/regularization": 1.2127528464223646e-05
}