{
    "val/dynamics_x": 3.5371324503667587e-07,
    "val/dynamics_z": 0.0,
    "val/loss": 1.0567446807806588e-05,
    "val/reconstruction": 2.6862431482423938e-06,
    "val/regularization": 7.527490414527518e-06
}