{
    "val/dynamics_x": 1.4183824508716407e-06,
    "val/dynamics_z": 0.0,
    "val/loss": 2.011698779028448e-05,
    "val/reconstruction": 5.191743655949485e-06,
    "val/regularization": 1.3506861683463354e-05
}