{
    "val/dynamics_x": 4.615360503033745e-07,
    "val/dynamics_z": 0.0,
    "val/loss": 1.1881996468125328e-05,
    "val/reconstruction": 3.3959912020697043e-06,
    "val/regularization": 8.024469215752249e-06
}