{
    "val/dynamics_x": 3.0367814019151056e-07,
    "val/dynamics_z": 0.0,
    "val/loss": 1.0056508368639265e-05,
    "val/reconstruction": 2.4221601633779036e-06,
    "val/regularization": 7.3306700650698515e-06
}