{
    "val/dynamics_x": 2.8249841266681256e-07,
    "val/dynamics_z": 0.0,
    "val/loss": 9.923694049746348e-06,
    "val/reconstruction": 2.3660738045769865e-06,
    "val/regularization": 7.2751218325025485e-06
}