{
    "val/dynamics_x": 5.347167423883015e-07,
    "val/dynamics_z": 0.0,
    "val/loss": 1.2933894791298437e-05,
    "val/reconstruction": 4.072765137462171e-06,
    "val/regularization": 8.326412911447965e-06
}