{
    "val/dynamics_x": 2.8168455861641275e-07,
    "val/dynamics_z": 0.0,
    "val/loss": 8.482033679948588e-06,
    "val/reconstruction": 8.375030602342067e-07,
    "val/regularization": 7.362846061097968e-06
}