{
    "val/dynamics_x": 0.001284634791994802,
    "val/dynamics_z": 0.0,
    "val/loss": 0.039039091793503754,
    "val/reconstruction": 0.03775445700150895
}