{
    "val/dynamics_x": 0.0012744329445487325,
    "val/dynamics_z": 0.0,
    "val/loss": 0.038861160933638665,
    "val/reconstruction": 0.037586727989089935
}