{
    "val/dynamics_x": 1.4955023175389215e-07,
    "val/dynamics_z": 6.106078309642271e-09,
    "val/loss": 2.6771579086926067e-07,
    "val/reconstruction": 1.120595101156141e-07,
    "train/dynamics_x": 1.3907930451750872e-07,
    "train/dynamics_z": 1.1048900461219091e-08,
    "train/loss": 1.07706512153527e-06,
    "train/reconstruction": 1.1087786333519034e-07,
    "train/regularization": 8.160594688888523e-07
}