{
    "val/dynamics_x": 5.182297400097013e-07,
    "val/dynamics_z": 3.4510712509927544e-08,
    "val/loss": 1.6083193941085483e-06,
    "val/reconstruction": 2.4994847080961335e-07,
    "val/regularization": 8.05630349987041e-07
}