{
    "val/dynamics_x": 5.464802370624966e-07,
    "val/dynamics_z": 9.4884038404075e-09,
    "val/loss": 7.940478781165439e-07,
    "val/reconstruction": 2.3807920968010876e-07
}