{
    "val/dynamics_x": 2.5683725652925204e-06,
    "val/dynamics_z": 9.821275881449765e-08,
    "val/loss": 4.74100352221285e-06,
    "val/reconstruction": 6.940954335732386e-07,
    "val/regularization": 1.3803219189867377e-06
}