{
    "val/dynamics_x": 4.4462368009590136e-07,
    "val/dynamics_z": 1.1767259877615288e-07,
    "val/loss": 1.6382932699343655e-06,
    "val/reconstruction": 2.3268279392141267e-07,
    "val/regularization": 8.433142397734628e-07
}