{
    "val/dynamics_x": 1.1209671129108756e-06,
    "val/dynamics_z": 4.3642032210300385e-08,
    "val/loss": 2.7514495286595775e-06,
    "val/reconstruction": 2.4603295400993375e-07,
    "val/regularization": 1.3408071026788093e-06
}