{
    "val/dynamics_x": 2.0671939182648202e-07,
    "val/dynamics_z": 3.758914068896502e-09,
    "val/loss": 3.5459339642329724e-07,
    "val/reconstruction": 1.4411504878353298e-07
}