{
    "val/dynamics_x": 1.4955023175389215e-07,
    "val/dynamics_z": 6.106078309642271e-09,
    "val/loss": 2.6771579086926067e-07,
    "val/reconstruction": 1.120595101156141e-07
}