{
    "val/dynamics_x": 3.6261960190131504e-07,
    "val/dynamics_z": 7.130005030830944e-08,
    "val/loss": 1.4939835182303796e-06,
    "val/reconstruction": 2.1997968246978417e-07,
    "val/regularization": 8.400843967137916e-07
}