{
    "val/dynamics_x": 2.3312137273023836e-05,
    "val/dynamics_z": 1.6776952804775647e-07,
    "val/loss": 2.833977123373188e-05,
    "val/reconstruction": 3.5080540783383185e-06,
    "val/regularization": 1.3518122159439372e-06
}