{
    "val/dynamics_x": 4.5274643412085425e-07,
    "val/dynamics_z": 3.268344528351008e-08,
    "val/loss": 1.931109409269993e-06,
    "val/reconstruction": 1.9706401133134932e-07,
    "val/regularization": 1.2486152627388947e-06
}