{
    "val/dynamics_x": 3.966929682519549e-07,
    "val/dynamics_z": 3.391900804672332e-08,
    "val/loss": 1.8731282125372672e-06,
    "val/reconstruction": 1.7361070092647424e-07,
    "val/regularization": 1.2689054074144224e-06
}