{
    "val/dynamics_x": 4.824995016861067e-07,
    "val/dynamics_z": 8.139803497897447e-09,
    "val/loss": 7.484215416297957e-07,
    "val/reconstruction": 2.577823181582062e-07
}