{
    "val/dynamics_x": 6.511920673801797e-07,
    "val/dynamics_z": 4.061049807546624e-08,
    "val/loss": 2.204940983574488e-06,
    "val/reconstruction": 1.8717754812769272e-07,
    "val/regularization": 1.3259608522275812e-06
}