{
    "val/dynamics_x": 4.004624827302905e-07,
    "val/dynamics_z": 1.2809009852787767e-08,
    "val/loss": 5.870174391020555e-07,
    "val/reconstruction": 1.7374588878737995e-07
}