{
    "val/dynamics_x": 5.999255563438055e-07,
    "val/dynamics_z": 2.41426594271843e-08,
    "val/loss": 1.803816189749341e-06,
    "val/reconstruction": 1.8340006135986187e-07,
    "val/regularization": 9.963478078134358e-07
}