{
    "val/dynamics_x": 4.0044531601779454e-07,
    "val/dynamics_z": 2.0354065100036678e-08,
    "val/loss": 1.5920419400572428e-06,
    "val/reconstruction": 1.7752363135059568e-07,
    "val/regularization": 9.937187996911234e-07
}