{
    "val/dynamics_x": 4.306973266920977e-07,
    "val/dynamics_z": 2.856979364196377e-08,
    "val/loss": 1.771681468198949e-06,
    "val/reconstruction": 1.741184547654484e-07,
    "val/regularization": 1.1382959428374306e-06
}