{
    "val/dynamics_x": 1.5398697428281594e-07,
    "val/dynamics_z": 5.540440106699407e-09,
    "val/loss": 2.9223954811641306e-07,
    "val/reconstruction": 1.3271213106236246e-07
}