{
    "val/dynamics_x": 0.0013100156144750118,
    "val/dynamics_z": 0.0,
    "val/loss": 0.04549831892987123,
    "val/reconstruction": 0.04418830331539622
}