{
    "val/dynamics_x": 0.002408947999685765,
    "val/dynamics_z": 0.0,
    "val/loss": 0.04467328724938738,
    "val/reconstruction": 0.04226433924970161
}