{
    "val/dynamics_x": 5.303697321323853e-07,
    "val/dynamics_z": 0.0,
    "val/loss": 1.513107008577208e-06,
    "val/reconstruction": 9.82737219601404e-07,
    "train/dynamics_x": 4.838225891035108e-07,
    "train/dynamics_z": 0.0,
    "train/loss": 1.3581277016783133e-05,
    "train/reconstruction": 3.487457206574618e-06,
    "train/regularization": 9.609999324311502e-06
}