{
    "val/dynamics_x": 4.683079168898985e-07,
    "val/dynamics_z": 0.0,
    "val/loss": 1.2118398444727063e-05,
    "val/reconstruction": 1.8248864535053144e-06,
    "val/regularization": 9.825203960645013e-06
}