{
    "val/dynamics_x": 3.782816975217429e-07,
    "val/dynamics_z": 0.0,
    "val/loss": 1.8364440620644018e-05,
    "val/reconstruction": 7.411780188704142e-06,
    "val/regularization": 1.0574377483862918e-05
}