{
    "val/dynamics_x": 5.197915697863209e-07,
    "val/dynamics_z": 0.0,
    "val/loss": 1.2671704098465852e-05,
    "val/reconstruction": 2.4377366116823396e-06,
    "val/regularization": 9.71417648543138e-06
}