{
    "val/dynamics_x": 4.931819148623617e-07,
    "val/dynamics_z": 0.0,
    "val/loss": 1.3897383723815437e-05,
    "val/reconstruction": 3.6561712022376014e-06,
    "val/regularization": 9.748030606715474e-06
}