{
    "val/dynamics_x": 4.3592447696028103e-07,
    "val/dynamics_z": 0.0,
    "val/loss": 1.3118569768266752e-05,
    "val/reconstruction": 1.6054432308010291e-06,
    "val/regularization": 1.10772016341798e-05
}