{
    "val/dynamics_x": 4.579040648877708e-07,
    "val/dynamics_z": 0.0,
    "val/loss": 1.533167960587889e-05,
    "val/reconstruction": 4.902829005004605e-06,
    "val/regularization": 9.970946848625317e-06
}