{
    "val/dynamics_x": 1.7969270020099673e-07,
    "val/dynamics_z": 0.0,
    "val/loss": 6.432977627369942e-07,
    "val/reconstruction": 4.636050625359975e-07
}