{
    "val/dynamics_x": 2.472412584956203e-07,
    "val/dynamics_z": 0.0,
    "val/loss": 1.4160936373102994e-05,
    "val/reconstruction": 4.632932194681547e-06,
    "val/regularization": 9.280762919925826e-06
}