{
    "val/dynamics_x": 4.2673581747931036e-07,
    "val/dynamics_z": 0.0,
    "val/loss": 1.2953238752751291e-05,
    "val/reconstruction": 1.9369842987494105e-06,
    "val/regularization": 1.058951863652257e-05
}