{
    "val/dynamics_x": 6.036340186009726e-07,
    "val/dynamics_z": 0.0,
    "val/loss": 1.443665749056222e-05,
    "val/reconstruction": 2.082302254265994e-06,
    "val/regularization": 1.1750721217695253e-05
}