{
    "val/dynamics_x": 1.2436260600009838e-06,
    "val/dynamics_z": 0.0,
    "val/loss": 2.0196983006439826e-05,
    "val/reconstruction": 2.914293906607411e-06,
    "val/regularization": 1.603906303983143e-05
}