{
    "val/dynamics_x": 1.8382872430004125e-07,
    "val/dynamics_z": 0.0,
    "val/loss": 9.939035715843268e-06,
    "val/reconstruction": 6.8133195494064e-07,
    "val/regularization": 9.073875036602587e-06
}