{
    "val/dynamics_x": 2.3207440583134587e-07,
    "val/dynamics_z": 0.0,
    "val/loss": 1.065871359452948e-05,
    "val/reconstruction": 9.73352832711821e-07,
    "val/regularization": 9.453286355986313e-06
}