{
    "val/dynamics_x": 2.2828685508927768e-07,
    "val/dynamics_z": 0.0,
    "val/loss": 1.1714424096852686e-05,
    "val/reconstruction": 2.0962896249650464e-06,
    "val/regularization": 9.389847616798362e-06
}