{
    "val/dynamics_x": 2.393114891289235e-06,
    "val/dynamics_z": 0.0,
    "val/loss": 2.4862100360409883e-05,
    "val/reconstruction": 2.906284266606717e-06,
    "val/regularization": 1.956270120251393e-05
}