{
    "val/dynamics_x": 1.9813246757424913e-07,
    "val/dynamics_z": 0.0,
    "val/loss": 5.562680595396825e-07,
    "val/reconstruction": 3.581355919654334e-07
}