{
    "val/dynamics_x": 7.459485319040036e-07,
    "val/dynamics_z": 0.0,
    "val/loss": 1.8122483986390218e-05,
    "val/reconstruction": 4.8490285070965955e-06,
    "val/regularization": 1.2527506947389617e-05
}