{
    "val/dynamics_x": 2.1639054148385515e-07,
    "val/dynamics_z": 0.0,
    "val/loss": 1.0271113646774742e-05,
    "val/reconstruction": 9.196686101661537e-07,
    "val/regularization": 9.135054495124733e-06
}