{
    "val/dynamics_x": 2.9315762333655035e-07,
    "val/dynamics_z": 0.0,
    "val/loss": 1.2776660237428022e-05,
    "val/reconstruction": 2.8756218751134e-06,
    "val/regularization": 9.607880738978072e-06
}