{
    "val/dynamics_x": 3.793058422406252e-07,
    "val/dynamics_z": 0.0,
    "val/loss": 1.2067700457409033e-05,
    "val/reconstruction": 1.3685876669011205e-06,
    "val/regularization": 1.0319806948267286e-05
}