{
    "val/dynamics_x": 2.1170266166172275e-07,
    "val/dynamics_z": 0.0,
    "val/loss": 1.121797998567893e-05,
    "val/reconstruction": 1.7746503870888396e-06,
    "val/regularization": 9.231626936928367e-06
}