{
    "val/dynamics_x": 4.425296388205124e-07,
    "val/dynamics_z": 0.0,
    "val/loss": 1.2258917659843823e-05,
    "val/reconstruction": 8.569742780419752e-07,
    "val/regularization": 1.0959413742981336e-05
}