{
    "val/dynamics_x": 2.238256410979352e-07,
    "val/dynamics_z": 0.0,
    "val/loss": 1.039076421116083e-05,
    "val/reconstruction": 8.357219878498713e-07,
    "val/regularization": 9.331216582213023e-06
}