{
    "val/dynamics_x": 2.454739619085062e-07,
    "val/dynamics_z": 0.0,
    "val/loss": 1.453465572002488e-05,
    "val/reconstruction": 5.088313531592838e-06,
    "val/regularization": 9.200868226523537e-06
}