{
    "val/dynamics_x": 2.824191726996085e-07,
    "val/dynamics_z": 0.0,
    "val/loss": 1.7890359039321684e-05,
    "val/reconstruction": 7.900798043507917e-06,
    "val/regularization": 9.707141823114158e-06
}