{
    "val/dynamics_x": 3.059544457860863e-07,
    "val/dynamics_z": 0.0,
    "val/loss": 1.216459236838737e-05,
    "val/reconstruction": 2.046174916690516e-06,
    "val/regularization": 9.812463005910767e-06
}