{
    "val/dynamics_x": 8.773657551431991e-07,
    "val/dynamics_z": 0.0,
    "val/loss": 1.568344590169912e-05,
    "val/reconstruction": 7.761950367812006e-07,
    "val/regularization": 1.4029885109774723e-05
}