{
    "val/dynamics_x": 0.000596463300018917,
    "val/dynamics_z": 0.0,
    "val/loss": 0.02796274459600023,
    "val/reconstruction": 0.027353830836283396,
    "val/regularization": 1.2450459697914142e-05
}