{
    "val/dynamics_x": 1.9555648469449115e-06,
    "val/dynamics_z": 0.0,
    "val/loss": 1.075599301933058e-05,
    "val/reconstruction": 1.1821826615486806e-06,
    "val/regularization": 7.618245510836989e-06
}