{
    "val/dynamics_x": 1.670645654780541e-06,
    "val/dynamics_z": 0.0,
    "val/loss": 1.0088477112333422e-05,
    "val/reconstruction": 1.1529034985928945e-06,
    "val/regularization": 7.264927958959986e-06
}