{
    "val/dynamics_x": 1.8942144019486803e-06,
    "val/dynamics_z": 0.0,
    "val/loss": 1.1328480009163101e-05,
    "val/reconstruction": 2.0124271371140353e-06,
    "val/regularization": 7.421838470100384e-06
}