{
    "val/dynamics_x": 1.7729190595853898e-06,
    "val/dynamics_z": 0.0,
    "val/loss": 1.0273920639147609e-05,
    "val/reconstruction": 1.1827363414512394e-06,
    "val/regularization": 7.31826523811098e-06
}