{
    "val/dynamics_x": 2.141770782921586e-06,
    "val/dynamics_z": 0.0,
    "val/loss": 1.0620192533505247e-05,
    "val/reconstruction": 9.480011796417763e-07,
    "val/regularization": 7.530420570941884e-06
}