{
    "val/dynamics_x": 2.1016019505624676e-06,
    "val/dynamics_z": 0.0,
    "val/loss": 1.6035037795362327e-05,
    "val/reconstruction": 5.2814738916293264e-06,
    "val/regularization": 8.651961953170534e-06
}