{
    "val/dynamics_x": 2.3391172900815066e-06,
    "val/dynamics_z": 0.0,
    "val/loss": 1.3903508293247514e-05,
    "val/reconstruction": 1.5733069305194251e-06,
    "val/regularization": 9.991084072646582e-06
}