{
    "val/dynamics_x": 2.024011340796338e-06,
    "val/dynamics_z": 0.0,
    "val/loss": 1.2948986407296205e-05,
    "val/reconstruction": 1.4822557273988411e-06,
    "val/regularization": 9.442719339101025e-06
}