{
    "val/dynamics_x": 2.188997599910676e-06,
    "val/dynamics_z": 0.0,
    "val/loss": 2.126639973722946e-05,
    "val/reconstruction": 9.366982464547942e-06,
    "val/regularization": 9.710419672770844e-06
}