{
    "val/dynamics_x": 1.8987905797728269e-06,
    "val/dynamics_z": 0.0,
    "val/loss": 1.8906133285266004e-05,
    "val/reconstruction": 9.795796408115842e-06,
    "val/regularization": 7.211546297377336e-06
}