{
    "val/dynamics_x": 1.8090882409285483e-06,
    "val/dynamics_z": 0.0,
    "val/loss": 1.3380622598237316e-05,
    "val/reconstruction": 4.197724163099106e-06,
    "val/regularization": 7.373810194209661e-06
}