{
    "val/dynamics_x": 2.073478069004927e-06,
    "val/dynamics_z": 0.0,
    "val/loss": 3.270892879277941e-06,
    "val/reconstruction": 1.1974148102730143e-06
}