{
    "val/dynamics_x": 1.647136462759229e-06,
    "val/dynamics_z": 0.0,
    "val/loss": 5.174623832496615e-06,
    "val/reconstruction": 3.527487369737386e-06
}