{
    "val/dynamics_x": 2.017727053038027e-06,
    "val/dynamics_z": 0.0,
    "val/loss": 1.8050182101126175e-05,
    "val/reconstruction": 6.837601418869764e-06,
    "val/regularization": 9.194853629218383e-06
}