{
    "val/dynamics_x": 3.178687417423763e-06,
    "val/dynamics_z": 0.0,
    "val/loss": 2.6060409118748676e-05,
    "val/reconstruction": 7.815210610240067e-06,
    "val/regularization": 1.5066511091084845e-05
}