{
    "val/dynamics_x": 2.667124158104767e-06,
    "val/dynamics_z": 0.0,
    "val/loss": 1.608880405354232e-05,
    "val/reconstruction": 2.7233859150822015e-06,
    "val/regularization": 1.069829398035535e-05
}