{
    "val/dynamics_x": 2.8582374690687586e-06,
    "val/dynamics_z": 0.0,
    "val/loss": 1.9282070150040652e-05,
    "val/reconstruction": 4.223951126750587e-06,
    "val/regularization": 1.2199881554221307e-05
}