{
    "val/dynamics_x": 0.001443476130520623,
    "val/dynamics_z": 0.0,
    "val/loss": 0.04125926571239197,
    "val/reconstruction": 0.039808051247224606,
    "val/regularization": 7.73833464673813e-06,
    "train/dynamics_x": 3.2090448247048845e-07,
    "train/dynamics_z": 0.0,
    "train/loss": 9.629105607182328e-06,
    "train/reconstruction": 1.5693446418345705e-06,
    "train/regularization": 7.73885648287727e-06
}