{
    "val/dynamics_x": 0.0014408844284413286,
    "val/dynamics_z": 0.0,
    "val/loss": 0.041803991732351775,
    "val/reconstruction": 0.04034834000090099,
    "val/regularization": 1.4767303009454372e-05
}