{
    "val/dynamics_x": 0.0005275673212442752,
    "val/dynamics_z": 0.0,
    "val/loss": 0.02812791971741539,
    "val/reconstruction": 0.027600352396171115
}