{
    "val/dynamics_x": 0.0005263861021204344,
    "val/dynamics_z": 0.0,
    "val/loss": 0.028085823171628253,
    "val/reconstruction": 0.02755943706950782
}