{
    "val/dynamics_x": 2.2163923602421717e-06,
    "val/dynamics_z": 0.0,
    "val/loss": 3.15347435240592e-05,
    "val/reconstruction": 1.769619954052187e-05,
    "val/regularization": 1.1622151623295165e-05
}