{
    "val/dynamics_x": 5.552977104999864e-07,
    "val/dynamics_z": 0.0,
    "val/loss": 9.166560432831036e-06,
    "val/reconstruction": 1.3453251515184383e-06,
    "val/regularization": 7.265937570812611e-06
}