{
    "val/dynamics_x": 1.0488110335951064e-06,
    "val/dynamics_z": 0.0,
    "val/loss": 1.140392806409578e-05,
    "val/reconstruction": 2.3623479385974003e-06,
    "val/regularization": 7.992769091903274e-06
}