{
    "val/dynamics_x": 7.347554493529455e-07,
    "val/dynamics_z": 0.0,
    "val/loss": 1.2519341524033226e-05,
    "val/reconstruction": 4.166900228417554e-06,
    "val/regularization": 7.617685846262726e-06
}