{
    "val/dynamics_x": 1.565835624681696e-06,
    "val/dynamics_z": 0.0,
    "val/loss": 1.575696444403138e-05,
    "val/reconstruction": 5.51338639062736e-06,
    "val/regularization": 8.677742428722324e-06
}