{
    "val/dynamics_x": 5.167682342663714e-07,
    "val/dynamics_z": 0.0,
    "val/loss": 9.001845682444734e-06,
    "val/reconstruction": 1.2833658719775127e-06,
    "val/regularization": 7.201711576200851e-06
}