{
    "val/dynamics_x": 5.728331192479976e-07,
    "val/dynamics_z": 0.0,
    "val/loss": 1.0420175089202631e-05,
    "val/reconstruction": 2.5445394953340822e-06,
    "val/regularization": 7.302802474620552e-06
}