{
    "val/dynamics_x": 7.342781136199164e-07,
    "val/dynamics_z": 0.0,
    "val/loss": 2.6080419185540162e-05,
    "val/reconstruction": 1.7853416644790066e-05,
    "val/regularization": 7.492724427130179e-06
}