{
    "val/dynamics_x": 5.896927377655307e-07,
    "val/dynamics_z": 0.0,
    "val/loss": 9.293185719885916e-06,
    "val/reconstruction": 1.3587285596587106e-06,
    "val/regularization": 7.344764422461676e-06
}