{
    "val/dynamics_x": 3.823073161278222e-06,
    "val/dynamics_z": 0.0,
    "val/loss": 2.8350306002656128e-05,
    "val/reconstruction": 7.909472270820881e-06,
    "val/regularization": 1.6617760570557025e-05
}