{
    "val/dynamics_x": 5.489473342097496e-07,
    "val/dynamics_z": 0.0,
    "val/loss": 9.336357137072794e-06,
    "val/reconstruction": 1.5553485347821892e-06,
    "val/regularization": 7.2320612680808555e-06
}