{
    "val/dynamics_x": 4.6279783909072796e-07,
    "val/dynamics_z": 0.0,
    "val/loss": 9.362726628955162e-06,
    "val/reconstruction": 1.7749993775793863e-06,
    "val/regularization": 7.1249294122850475e-06
}