{
    "val/dynamics_x": 6.45339276156572e-06,
    "val/dynamics_z": 0.0,
    "val/loss": 4.042006598960135e-05,
    "val/reconstruction": 1.4250573198240616e-05,
    "val/regularization": 1.9716100029795017e-05
}