{
    "val/dynamics_x": 7.707172804721356e-07,
    "val/dynamics_z": 0.0,
    "val/loss": 1.3741216308913877e-05,
    "val/reconstruction": 5.277660887832636e-06,
    "val/regularization": 7.692838140609105e-06
}