{
    "val/dynamics_x": 6.426680821239321e-07,
    "val/dynamics_z": 0.0,
    "val/loss": 9.243209109156878e-06,
    "val/reconstruction": 1.161536971015984e-06,
    "val/regularization": 7.439004056016962e-06
}