{
    "val/dynamics_x": 4.853476898136581e-07,
    "val/dynamics_z": 0.0,
    "val/loss": 9.18387965262133e-06,
    "val/reconstruction": 1.550327310106985e-06,
    "val/regularization": 7.148204652700687e-06
}