{
    "val/dynamics_x": 1.758119764564261e-06,
    "val/dynamics_z": 0.0,
    "val/loss": 1.615966160398663e-05,
    "val/reconstruction": 4.422812790746723e-06,
    "val/regularization": 9.978729048675644e-06
}