{
    "val/dynamics_x": 5.272895117672974e-07,
    "val/dynamics_z": 0.0,
    "val/loss": 9.019947461113671e-06,
    "val/reconstruction": 1.3175199782050952e-06,
    "val/regularization": 7.175137971141279e-06
}