{
    "val/dynamics_x": 2.7454434530227445e-06,
    "val/dynamics_z": 4.075656434565644e-08,
    "val/loss": 4.775432898895815e-06,
    "val/reconstruction": 1.1741427670131088e-06,
    "val/regularization": 8.150905728143698e-07
}