{
    "val/dynamics_x": 1.2520089853751415e-07,
    "val/dynamics_z": 5.4028879148404485e-09,
    "val/loss": 1.8842797544493806e-07,
    "val/reconstruction": 5.782423428968286e-08
}