{
    "val/dynamics_x": 5.518408556781651e-07,
    "val/dynamics_z": 1.5922944740509593e-08,
    "val/loss": 1.6286502386719803e-06,
    "val/reconstruction": 2.1460103027948207e-07,
    "val/regularization": 8.462857294944115e-07
}