{
    "val/dynamics_x": 1.0099424940790414e-07,
    "val/dynamics_z": 4.426385924460874e-09,
    "val/loss": 1.8272548629738594e-07,
    "val/reconstruction": 7.730489670620955e-08
}