{
    "val/dynamics_x": 2.97236738333595e-07,
    "val/dynamics_z": 1.8672425383670088e-08,
    "val/loss": 1.2615500963875093e-06,
    "val/reconstruction": 1.4907308809597453e-07,
    "val/regularization": 7.965672352838737e-07
}