{
    "val/dynamics_x": 6.107366630203614e-07,
    "val/dynamics_z": 1.6323907559012696e-08,
    "val/loss": 1.6736255474825157e-06,
    "val/reconstruction": 2.0308135617597145e-07,
    "val/regularization": 8.434834057879925e-07
}