{
    "val/dynamics_x": 6.710986895086535e-07,
    "val/dynamics_z": 1.9505181114709558e-07,
    "val/loss": 1.7221379948750837e-06,
    "val/reconstruction": 1.549990571447779e-07,
    "val/regularization": 7.009886644482322e-07
}