{
    "val/dynamics_x": 2.3118035130664794e-07,
    "val/dynamics_z": 5.737666342042758e-09,
    "val/loss": 2.99545718007721e-07,
    "val/reconstruction": 6.262776963694705e-08
}