{
    "val/dynamics_x": 6.843739015494066e-07,
    "val/dynamics_z": 1.948309957811034e-08,
    "val/loss": 1.7028309002853348e-06,
    "val/reconstruction": 1.4007926552039862e-07,
    "val/regularization": 8.588937703279953e-07
}