{
    "val/dynamics_x": 1.3212920180194487e-07,
    "val/dynamics_z": 4.271150544354896e-09,
    "val/loss": 1.738296049325072e-07,
    "val/reconstruction": 3.7429263244348476e-08
}