{
    "val/dynamics_x": 9.71075451161596e-07,
    "val/dynamics_z": 2.5372838052817315e-08,
    "val/loss": 2.077383896903484e-06,
    "val/reconstruction": 2.1369763203438197e-07,
    "val/regularization": 8.672370768181281e-07
}