{
    "val/dynamics_x": 3.55828035480954e-07,
    "val/dynamics_z": 5.9502699656377445e-08,
    "val/loss": 1.3808107723889407e-06,
    "val/reconstruction": 2.003076673418036e-07,
    "val/regularization": 7.651726718904683e-07
}