{
    "val/dynamics_x": 1.152536768245227e-07,
    "val/dynamics_z": 4.190578994922589e-09,
    "val/loss": 1.5216255633276887e-07,
    "val/reconstruction": 3.271831161555383e-08
}