{
    "val/dynamics_x": 2.1978026154556574e-07,
    "val/dynamics_z": 9.093390040959548e-09,
    "val/loss": 1.1380708428987418e-06,
    "val/reconstruction": 9.50859018189476e-08,
    "val/regularization": 8.14111615454749e-07
}