{
    "val/dynamics_x": 3.397046839381801e-07,
    "val/dynamics_z": 2.08095904952188e-08,
    "val/loss": 1.4451971992457402e-06,
    "val/reconstruction": 2.69019210463739e-07,
    "val/regularization": 8.156638386935811e-07
}