{
    "val/dynamics_x": 1.1586104875505043e-07,
    "val/dynamics_z": 4.192951319481608e-09,
    "val/loss": 1.4144899296297808e-07,
    "val/reconstruction": 2.139496224629056e-08
}