{
    "val/dynamics_x": 1.4861235797525296e-07,
    "val/dynamics_z": 5.159152216549501e-09,
    "val/loss": 3.9348816471829196e-07,
    "val/reconstruction": 2.397165701495396e-07
}