{
    "val/dynamics_x": 2.654976469784742e-07,
    "val/dynamics_z": 7.718985450821947e-09,
    "val/loss": 1.1588509778448497e-06,
    "val/reconstruction": 7.478546137917874e-08,
    "val/regularization": 8.108481779345311e-07
}