{
    "val/dynamics_x": 2.941488048691099e-07,
    "val/dynamics_z": 2.948180011230761e-08,
    "val/loss": 1.159966586783412e-06,
    "val/reconstruction": 5.164773497767783e-08,
    "val/regularization": 7.846878133932478e-07
}