{
    "val/dynamics_x": 5.429729981187847e-07,
    "val/dynamics_z": 1.8256484324297162e-08,
    "val/loss": 1.519739953437238e-06,
    "val/reconstruction": 1.0467057620644482e-07,
    "val/regularization": 8.538393103663111e-07
}