{
    "val/dynamics_x": 4.836224434257019e-07,
    "val/dynamics_z": 1.783641678798631e-08,
    "val/loss": 1.4687554994452512e-06,
    "val/reconstruction": 1.1641360941894163e-07,
    "val/regularization": 8.508839073329e-07
}