{
    "val/dynamics_x": 3.787748994454887e-07,
    "val/dynamics_z": 5.971823924255659e-09,
    "val/loss": 1.3471328657033155e-06,
    "val/reconstruction": 1.468043961949661e-07,
    "val/regularization": 8.155815294230706e-07
}