{
    "val/dynamics_x": 7.689806125199539e-07,
    "val/dynamics_z": 2.19297522363604e-08,
    "val/loss": 1.7837636505646515e-06,
    "val/reconstruction": 1.284748094576571e-07,
    "val/regularization": 8.643784781270369e-07
}