{
    "val/dynamics_x": 9.760712060824517e-08,
    "val/dynamics_z": 3.6754748133915882e-09,
    "val/loss": 1.171324370830007e-07,
    "val/reconstruction": 1.5849829892999878e-08
}