{
    "val/dynamics_x": 5.373165663513646e-07,
    "val/dynamics_z": 1.1084000561822904e-07,
    "val/loss": 1.4918251736162347e-06,
    "val/reconstruction": 1.0654710536073253e-07,
    "val/regularization": 7.371220362983877e-07
}