{
    "val/dynamics_x": 9.817851065463401e-08,
    "val/dynamics_z": 4.665648312141002e-09,
    "val/loss": 1.5915344420136535e-07,
    "val/reconstruction": 5.6309307439050826e-08
}