{
    "val/dynamics_x": 9.382870302943047e-08,
    "val/dynamics_z": 4.400997788422956e-09,
    "val/loss": 2.590358860743436e-07,
    "val/reconstruction": 1.6080616660474334e-07
}