{
    "val/dynamics_x": 0.0016893784726482396,
    "val/dynamics_z": 0.0,
    "val/loss": 0.04298117144117009,
    "val/reconstruction": 0.041291792968521854
}