{
    "val/dynamics_x": 0.0013960720516992666,
    "val/dynamics_z": 0.0,
    "val/loss": 0.040050809454776716,
    "val/reconstruction": 0.03864006675188852,
    "val/regularization": 1.4670651188931516e-05
}