{
    "val/dynamics_x": 0.0016974896021751458,
    "val/dynamics_z": 0.0,
    "val/loss": 0.04257308298405703,
    "val/reconstruction": 0.040866560024330055,
    "val/regularization": 9.033357551830127e-06
}