{
    "val/dynamics_x": 0.0016882583036758076,
    "val/dynamics_z": 0.0,
    "val/loss": 0.04292588040972659,
    "val/reconstruction": 0.04123762210605079
}