{
    "val/dynamics_x": 0.0010099418952279496,
    "val/dynamics_z": 0.0,
    "val/loss": 0.034641107724265055,
    "val/reconstruction": 0.03363116582903711
}