{
    "val/dynamics_x": 0.0010080763007632026,
    "val/dynamics_z": 0.0,
    "val/loss": 0.03485317505562438,
    "val/reconstruction": 0.03383613426894969,
    "val/regularization": 8.96448591148589e-06
}