{
    "val/dynamics_x": 0.0010081081267500844,
    "val/dynamics_z": 0.0,
    "val/loss": 0.03480441540843702,
    "val/reconstruction": 0.03378774406062719,
    "val/regularization": 8.563221059744324e-06
}