{
    "val/dynamics_x": 0.0010448800134808401,
    "val/dynamics_z": 0.0,
    "val/loss": 0.03585991177134945,
    "val/reconstruction": 0.0348070759104475,
    "val/regularization": 7.955847421106424e-06
}