{
    "val/dynamics_x": 4.659064862205571e-06,
    "val/dynamics_z": 0.0,
    "val/loss": 1.0441267034834378e-05,
    "val/reconstruction": 5.782202172628805e-06
}