{
    "val/dynamics_x": 4.033487440182493e-06,
    "val/dynamics_z": 0.0,
    "val/loss": 1.5818975208255268e-05,
    "val/reconstruction": 6.319356982130918e-06,
    "val/regularization": 5.466130785941855e-06
}