{
    "val/dynamics_x": 4.870986167386295e-06,
    "val/dynamics_z": 0.0,
    "val/loss": 1.4028582446479033e-05,
    "val/reconstruction": 3.3768880586541728e-06,
    "val/regularization": 5.780708220438566e-06
}