{
    "val/dynamics_x": 3.664864471763319e-06,
    "val/dynamics_z": 0.0,
    "val/loss": 7.2969387246991535e-06,
    "val/reconstruction": 3.6320742529358343e-06
}