{
    "val/dynamics_x": 4.268703208489945e-06,
    "val/dynamics_z": 0.0,
    "val/loss": 1.2907592170324292e-05,
    "val/reconstruction": 2.9961448689411185e-06,
    "val/regularization": 5.642744092893227e-06
}