{
    "val/dynamics_x": 4.733572542411224e-06,
    "val/dynamics_z": 0.0,
    "val/loss": 1.8809146929276186e-05,
    "val/reconstruction": 9.382870018525055e-06,
    "val/regularization": 4.692704368339908e-06
}