{
    "val/dynamics_x": 4.836875307906417e-06,
    "val/dynamics_z": 0.0,
    "val/loss": 1.3772575722091541e-05,
    "val/reconstruction": 4.1771663416013334e-06,
    "val/regularization": 4.758534072583792e-06
}