{
    "val/dynamics_x": 3.7105828064324355e-06,
    "val/dynamics_z": 0.0,
    "val/loss": 2.081427243393842e-05,
    "val/reconstruction": 3.5555906407611466e-06,
    "val/regularization": 1.3548098986744836e-05
}