{
    "val/dynamics_x": 4.973171784857396e-06,
    "val/dynamics_z": 0.0,
    "val/loss": 1.4556767104396363e-05,
    "val/reconstruction": 4.74065874477338e-06,
    "val/regularization": 4.8429365747655905e-06
}