{
    "val/dynamics_x": 3.158300002894243e-06,
    "val/dynamics_z": 0.0,
    "val/loss": 1.1172499159104772e-05,
    "val/reconstruction": 2.6183502706245195e-06,
    "val/regularization": 5.395848885586008e-06
}