{
    "val/dynamics_x": 4.1621012207423085e-06,
    "val/dynamics_z": 0.0,
    "val/loss": 1.2786010184594361e-05,
    "val/reconstruction": 3.988283644416272e-06,
    "val/regularization": 4.63562531943578e-06
}