{
    "val/dynamics_x": 3.040374590827759e-06,
    "val/dynamics_z": 0.0,
    "val/loss": 1.3277116228739224e-05,
    "val/reconstruction": 3.774345627420783e-06,
    "val/regularization": 6.462396010490684e-06
}