{
    "val/dynamics_x": 2.513730405271695e-06,
    "val/dynamics_z": 0.0,
    "val/loss": 1.5006419175086477e-05,
    "val/reconstruction": 1.7334161601457218e-06,
    "val/regularization": 1.075927260966906e-05
}