{
    "val/dynamics_x": 2.824470585760128e-06,
    "val/dynamics_z": 0.0,
    "val/loss": 1.288550696908789e-05,
    "val/reconstruction": 4.106802402347629e-06,
    "val/regularization": 5.954233980980134e-06
}