{
    "val/dynamics_x": 1.6930550827964908e-06,
    "val/dynamics_z": 2.1934379645927038e-08,
    "val/loss": 2.8943018151039723e-06,
    "val/reconstruction": 3.668780550469819e-07,
    "val/regularization": 8.124343366944231e-07
}