{
    "val/dynamics_x": 2.8953843411727576e-06,
    "val/dynamics_z": 1.614821769635455e-07,
    "val/loss": 4.710068878921447e-06,
    "val/reconstruction": 8.524444865543046e-07,
    "val/regularization": 8.00757959495968e-07
}