{
    "val/dynamics_x": 2.103114866258693e-06,
    "val/dynamics_z": 8.328451883699017e-08,
    "val/loss": 2.9081804768793518e-06,
    "val/reconstruction": 7.217811912596517e-07
}