{
    "val/dynamics_x": 4.6397067308134865e-06,
    "val/dynamics_z": 2.1300354546838207e-07,
    "val/loss": 7.425553121720441e-06,
    "val/reconstruction": 1.5850921499804826e-06,
    "val/regularization": 9.877513775791158e-07
}