{
    "val/dynamics_x": 1.188329861179227e-06,
    "val/dynamics_z": 4.727604085985604e-09,
    "val/loss": 1.379955506308761e-06,
    "val/reconstruction": 1.8689796377202583e-07
}