{
    "val/dynamics_x": 9.365975529362913e-06,
    "val/dynamics_z": 4.989523745280167e-07,
    "val/loss": 1.5365591025329195e-05,
    "val/reconstruction": 4.472905857255682e-06,
    "val/regularization": 1.027758003147028e-06
}