{
    "val/dynamics_x": 1.0582154573057778e-05,
    "val/dynamics_z": 3.367103147411399e-07,
    "val/loss": 1.3432188097795006e-05,
    "val/reconstruction": 2.5133231247309595e-06
}