{
    "val/dynamics_x": 1.6240124978139647e-06,
    "val/dynamics_z": 9.76098633032052e-08,
    "val/loss": 2.7015782961825607e-06,
    "val/reconstruction": 9.799558711165446e-07
}