{
    "val/dynamics_x": 4.708812866738299e-06,
    "val/dynamics_z": 1.8272265833729762e-07,
    "val/loss": 7.078615908540087e-06,
    "val/reconstruction": 1.3814966450809152e-06,
    "val/regularization": 8.055832836362242e-07
}