{
    "val/dynamics_x": 3.978753738920204e-06,
    "val/dynamics_z": 2.3711356789135607e-07,
    "val/loss": 6.987329925323138e-06,
    "val/reconstruction": 1.7990090555031202e-06,
    "val/regularization": 9.72453335634782e-07
}