{
    "val/dynamics_x": 2.857997287719627e-06,
    "val/dynamics_z": 3.7435455624290626e-08,
    "val/loss": 4.541013367997948e-06,
    "val/reconstruction": 8.314702881762059e-07,
    "val/regularization": 8.141104785863718e-07
}