{
    "val/dynamics_x": 7.416796961479122e-06,
    "val/dynamics_z": 1.9260072292581754e-07,
    "val/loss": 9.676268746261485e-06,
    "val/reconstruction": 1.2969970839549205e-06,
    "val/regularization": 7.698736226302572e-07
}