{
    "val/dynamics_x": 3.0102228265604936e-06,
    "val/dynamics_z": 2.4887773975024174e-07,
    "val/loss": 4.021535914944252e-06,
    "val/reconstruction": 7.624356044289016e-07
}