{
    "val/dynamics_x": 1.2950572454428766e-06,
    "val/dynamics_z": 2.5835682038177765e-08,
    "val/loss": 1.6193973806366557e-06,
    "val/reconstruction": 2.9850437499590043e-07
}