{
    "val/dynamics_x": 1.2064222119079204e-06,
    "val/dynamics_z": 5.771715549940382e-09,
    "val/loss": 1.413268364558462e-06,
    "val/reconstruction": 2.010744708513812e-07
}