{
    "val/dynamics_x": 1.2279007250981522e-06,
    "val/dynamics_z": 1.1167330171701906e-08,
    "val/loss": 1.5107046920093126e-06,
    "val/reconstruction": 2.716365656851849e-07
}