{
    "val/dynamics_x": 1.8476299601388746e-06,
    "val/dynamics_z": 3.960059657970305e-08,
    "val/loss": 3.113652155661839e-06,
    "val/reconstruction": 4.1266017092311813e-07,
    "val/regularization": 8.137612894643098e-07
}