{
    "val/dynamics_x": 3.473181540625183e-07,
    "val/dynamics_z": 0.0,
    "val/loss": 1.03947132002249e-06,
    "val/reconstruction": 6.921531659599719e-07,
    "train/dynamics_x": 2.4733045051060144e-07,
    "train/dynamics_z": 0.0,
    "train/loss": 1.1617187073772613e-05,
    "train/reconstruction": 1.4502047378566875e-06,
    "train/regularization": 9.919651885405322e-06
}