{
    "val/dynamics_x": 5.361226503588456e-07,
    "val/dynamics_z": 0.0,
    "val/loss": 1.6118093800045802e-05,
    "val/reconstruction": 5.5524448195294714e-06,
    "val/regularization": 1.0029526330157485e-05
}