{
    "val/dynamics_x": 4.170147375054109e-07,
    "val/dynamics_z": 0.0,
    "val/loss": 1.1972895494954548e-05,
    "val/reconstruction": 1.5463239951503003e-06,
    "val/regularization": 1.0009556762298837e-05
}