{
    "val/dynamics_x": 7.226465561389112e-06,
    "val/dynamics_z": 0.0,
    "val/loss": 7.252677497418253e-05,
    "val/reconstruction": 4.371821799915881e-05,
    "val/regularization": 2.158209141363461e-05
}