{
    "val/dynamics_x": 4.934934819016206e-07,
    "val/dynamics_z": 0.0,
    "val/loss": 1.1467637237850085e-05,
    "val/reconstruction": 8.77356202051755e-07,
    "val/regularization": 1.009678755389671e-05
}