{
    "val/dynamics_x": 3.4627279506140085e-07,
    "val/dynamics_z": 0.0,
    "val/loss": 1.0808500737814212e-05,
    "val/reconstruction": 5.133524381791029e-07,
    "val/regularization": 9.948875504573707e-06
}