{
    "val/dynamics_x": 4.751364710687463e-07,
    "val/dynamics_z": 0.0,
    "val/loss": 1.1998117274606729e-05,
    "val/reconstruction": 1.4302855310652798e-06,
    "val/regularization": 1.0092695272472703e-05
}