{
    "val/dynamics_x": 5.106306017473854e-07,
    "val/dynamics_z": 0.0,
    "val/loss": 1.3597209401259164e-05,
    "val/reconstruction": 3.0318833705598013e-06,
    "val/regularization": 1.0054695428951977e-05
}