{
    "val/dynamics_x": 3.4519143843415675e-07,
    "val/dynamics_z": 0.0,
    "val/loss": 1.0919140542636163e-05,
    "val/reconstruction": 6.358132200712291e-07,
    "val/regularization": 9.938135884130778e-06
}