{
    "val/dynamics_x": 3.7937633567597167e-07,
    "val/dynamics_z": 0.0,
    "val/loss": 1.1189925294919767e-05,
    "val/reconstruction": 8.365199152348288e-07,
    "val/regularization": 9.974029044008966e-06
}