{
    "val/dynamics_x": 2.346884086599753e-06,
    "val/dynamics_z": 0.0,
    "val/loss": 3.6365482156733256e-05,
    "val/reconstruction": 1.9428236723433642e-05,
    "val/regularization": 1.459036134669986e-05
}