{
    "val/dynamics_x": 4.2713322974476526e-07,
    "val/dynamics_z": 0.0,
    "val/loss": 1.1916469996917608e-05,
    "val/reconstruction": 1.4304877470286416e-06,
    "val/regularization": 1.00588490201442e-05
}