{
    "val/dynamics_x": 5.318706756673441e-07,
    "val/dynamics_z": 0.0,
    "val/loss": 1.575423008898704e-05,
    "val/reconstruction": 5.078346801247366e-06,
    "val/regularization": 1.0144012612072331e-05
}