{
    "val/dynamics_x": 1.773608164650026e-06,
    "val/dynamics_z": 0.0,
    "val/loss": 1.8011747903237118e-05,
    "val/reconstruction": 4.425823889270588e-06,
    "val/regularization": 1.1812315849316505e-05
}