{
    "val/dynamics_x": 3.596374978666651e-07,
    "val/dynamics_z": 0.0,
    "val/loss": 1.153852306693403e-05,
    "val/reconstruction": 1.2174649107039165e-06,
    "val/regularization": 9.961420658363449e-06
}