{
    "val/dynamics_x": 1.4251223678752076e-06,
    "val/dynamics_z": 0.0,
    "val/loss": 1.5664320639363413e-05,
    "val/reconstruction": 3.1928477934022536e-06,
    "val/regularization": 1.1046350478085951e-05
}