{
    "val/dynamics_x": 3.473181540625183e-07,
    "val/dynamics_z": 0.0,
    "val/loss": 1.03947132002249e-06,
    "val/reconstruction": 6.921531659599719e-07
}