{
    "val/dynamics_x": 3.921659609765098e-06,
    "val/dynamics_z": 0.0,
    "val/loss": 4.275213416484306e-05,
    "val/reconstruction": 2.0861544462318562e-05,
    "val/regularization": 1.79689300927594e-05
}