{
    "val/dynamics_x": 7.274537698061958e-07,
    "val/dynamics_z": 0.0,
    "val/loss": 1.214914386915846e-05,
    "val/reconstruction": 1.0997508769073524e-06,
    "val/regularization": 1.0321939222444913e-05
}