{
    "val/dynamics_x": 8.520824550813812e-07,
    "val/dynamics_z": 0.0,
    "val/loss": 1.293962745625173e-05,
    "val/reconstruction": 1.6722500437192756e-06,
    "val/regularization": 1.0415294957451073e-05
}