{
    "val/dynamics_x": 8.228814147963948e-07,
    "val/dynamics_z": 0.0,
    "val/loss": 1.5069879321141892e-05,
    "val/reconstruction": 2.0058322737315603e-06,
    "val/regularization": 1.2241165632613936e-05
}