{
    "val/dynamics_x": 5.241566251495885e-07,
    "val/dynamics_z": 0.0,
    "val/loss": 1.48606931284623e-05,
    "val/reconstruction": 3.7524321428910636e-06,
    "val/regularization": 1.0584104360421649e-05
}