{
    "val/dynamics_x": 7.14149273304485e-07,
    "val/dynamics_z": 0.0,
    "val/loss": 1.5669156671888765e-05,
    "val/reconstruction": 3.605701792016928e-06,
    "val/regularization": 1.1349305606567351e-05
}