{
    "val/dynamics_x": 5.183636754290924e-07,
    "val/dynamics_z": 0.0,
    "val/loss": 1.5659196097125815e-05,
    "val/reconstruction": 4.806851995755974e-06,
    "val/regularization": 1.0333980425940748e-05
}