{
    "val/dynamics_x": 5.527302576328227e-07,
    "val/dynamics_z": 0.0,
    "val/loss": 1.2332658423868775e-05,
    "val/reconstruction": 1.0056298838265837e-06,
    "val/regularization": 1.0774298282409367e-05
}