{
    "val/dynamics_x": 4.1127236051347856e-07,
    "val/dynamics_z": 0.0,
    "val/loss": 1.5123785030112385e-05,
    "val/reconstruction": 4.798933711952462e-06,
    "val/regularization": 9.913578957646445e-06
}