{
    "val/dynamics_x": 1.733356035539528e-06,
    "val/dynamics_z": 0.0,
    "val/loss": 2.406304470640022e-05,
    "val/reconstruction": 4.592690474416801e-06,
    "val/regularization": 1.773699819644389e-05
}