{
    "val/dynamics_x": 4.2660477663834206e-07,
    "val/dynamics_z": 0.0,
    "val/loss": 1.0603073377406078e-05,
    "val/reconstruction": 6.128508857831441e-07,
    "val/regularization": 9.563617714984593e-06
}