{
    "val/dynamics_x": 3.869504957511217e-07,
    "val/dynamics_z": 0.0,
    "val/loss": 1.0558667358044646e-05,
    "val/reconstruction": 4.287784381641477e-07,
    "val/regularization": 9.742938424129377e-06
}