{
    "val/dynamics_x": 4.532409654332924e-06,
    "val/dynamics_z": 0.0,
    "val/loss": 3.354444025535972e-05,
    "val/reconstruction": 8.242228676242112e-06,
    "val/regularization": 2.0769801924784678e-05
}