{
    "val/dynamics_x": 2.3772719420224914e-06,
    "val/dynamics_z": 0.0,
    "val/loss": 2.7125967074393505e-05,
    "val/reconstruction": 5.5580745734725175e-06,
    "val/regularization": 1.9190620558898495e-05
}