{
    "val/dynamics_x": 4.0229663557562307e-07,
    "val/dynamics_z": 0.0,
    "val/loss": 1.1244399013584783e-05,
    "val/reconstruction": 1.149933359969768e-06,
    "val/regularization": 9.692169018039391e-06
}