{
    "val/dynamics_x": 4.3743314662526177e-07,
    "val/dynamics_z": 0.0,
    "val/loss": 1.0608611899832308e-05,
    "val/reconstruction": 5.696274578950286e-07,
    "val/regularization": 9.601551295312017e-06
}