{
    "val/dynamics_x": 4.218900251925459e-07,
    "val/dynamics_z": 0.0,
    "val/loss": 1.1370512111304829e-05,
    "val/reconstruction": 9.663878756285035e-07,
    "val/regularization": 9.98223421048378e-06
}