{
    "val/dynamics_x": 4.262580976085988e-07,
    "val/dynamics_z": 0.0,
    "val/loss": 1.5916130993410346e-06,
    "val/reconstruction": 1.1653550017324358e-06
}