{
    "val/dynamics_x": 4.2268234990039837e-07,
    "val/dynamics_z": 0.0,
    "val/loss": 1.0436547878587013e-05,
    "val/reconstruction": 4.838429572752481e-07,
    "val/regularization": 9.530022571411366e-06
}