{
    "val/dynamics_x": 5.947702240601299e-07,
    "val/dynamics_z": 0.0,
    "val/loss": 1.357416341186044e-05,
    "val/reconstruction": 1.9743173600964476e-06,
    "val/regularization": 1.1005075827703863e-05
}