{
    "val/dynamics_x": 4.5686397647857144e-07,
    "val/dynamics_z": 0.0,
    "val/loss": 1.3552693592330295e-05,
    "val/reconstruction": 2.9571542472645983e-06,
    "val/regularization": 1.0138675368587126e-05
}