{
    "val/dynamics_x": 3.8725090333156043e-07,
    "val/dynamics_z": 0.0,
    "val/loss": 1.1029276510764476e-05,
    "val/reconstruction": 8.476876303820418e-07,
    "val/regularization": 9.794337977050875e-06
}