{
    "val/dynamics_x": 4.0829370585282946e-07,
    "val/dynamics_z": 0.0,
    "val/loss": 1.0797396897296474e-05,
    "val/reconstruction": 5.384423341522704e-07,
    "val/regularization": 9.850660857291374e-06
}