{
    "val/dynamics_x": 4.831295720199056e-07,
    "val/dynamics_z": 0.0,
    "val/loss": 1.1417370587253975e-05,
    "val/reconstruction": 7.046281284154291e-07,
    "val/regularization": 1.022961288681864e-05
}