{
    "val/dynamics_x": 0.0007546417805090698,
    "val/dynamics_z": 0.0,
    "val/loss": 0.03359369521871789,
    "val/reconstruction": 0.03283905343820882
}