{
    "val/dynamics_x": 0.0007539069721662447,
    "val/dynamics_z": 0.0,
    "val/loss": 0.03355389203358112,
    "val/reconstruction": 0.03279998506141488
}