{
    "val/dynamics_x": 0.00155471193205253,
    "val/dynamics_z": 0.0,
    "val/loss": 0.05613764035798028,
    "val/reconstruction": 0.05458292842592775
}