{
    "val/dynamics_x": 1.8824683593671798e-07,
    "val/dynamics_z": 0.0,
    "val/loss": 8.040899571537086e-06,
    "val/reconstruction": 8.627257620630577e-07,
    "val/regularization": 6.989926973537312e-06
}