{
    "val/dynamics_x": 1.7042561344813728e-07,
    "val/dynamics_z": 0.0,
    "val/loss": 1.147552124564536e-06,
    "val/reconstruction": 9.771265111163987e-07
}