{
    "val/dynamics_x": 1.6652311634620718e-07,
    "val/dynamics_z": 0.0,
    "val/loss": 8.498561404864905e-06,
    "val/reconstruction": 1.121170869194539e-06,
    "val/regularization": 7.210867419324158e-06
}