{
    "val/dynamics_x": 2.0865533677603357e-07,
    "val/dynamics_z": 0.0,
    "val/loss": 9.44477260714747e-06,
    "val/reconstruction": 1.7290565296780705e-06,
    "val/regularization": 7.507060740693367e-06
}