{
    "val/dynamics_x": 2.8129975822156696e-07,
    "val/dynamics_z": 0.0,
    "val/loss": 1.0725046704875649e-05,
    "val/reconstruction": 2.766911311671622e-06,
    "val/regularization": 7.67683563498246e-06
}