{
    "val/dynamics_x": 2.914490263952173e-07,
    "val/dynamics_z": 0.0,
    "val/loss": 1.1214767337177454e-05,
    "val/reconstruction": 4.0285804210312994e-06,
    "val/regularization": 6.894737889750937e-06
}