{
    "val/dynamics_x": 1.7078761839562775e-07,
    "val/dynamics_z": 0.0,
    "val/loss": 7.734875180460911e-06,
    "val/reconstruction": 6.521997665772697e-07,
    "val/regularization": 6.911887795488014e-06
}