{
    "val/dynamics_x": 1.851717256271233e-07,
    "val/dynamics_z": 0.0,
    "val/loss": 7.486568208573581e-06,
    "val/reconstruction": 4.3034202083859554e-07,
    "val/regularization": 6.871054462107863e-06
}