{
    "val/dynamics_x": 2.9676051119139955e-07,
    "val/dynamics_z": 0.0,
    "val/loss": 1.0613329755158687e-05,
    "val/reconstruction": 3.472362395494015e-06,
    "val/regularization": 6.84420684847327e-06
}