{
    "val/dynamics_x": 6.234357847732407e-07,
    "val/dynamics_z": 0.0,
    "val/loss": 2.1808169131738967e-05,
    "val/reconstruction": 1.2905752626460787e-05,
    "val/regularization": 8.278980720504941e-06
}