{
    "val/dynamics_x": 2.3407408782244533e-07,
    "val/dynamics_z": 0.0,
    "val/loss": 8.656044724644496e-06,
    "val/reconstruction": 1.5199639813011915e-06,
    "val/regularization": 6.9020066555208595e-06
}