{
    "val/dynamics_x": 1.9608395023792774e-07,
    "val/dynamics_z": 0.0,
    "val/loss": 7.899099934424468e-06,
    "val/reconstruction": 7.536438762751027e-07,
    "val/regularization": 6.949372107911437e-06
}