{
    "val/dynamics_x": 0.0009690213064259988,
    "val/dynamics_z": 0.0,
    "val/loss": 0.032641578721571925,
    "val/reconstruction": 0.03165080896993044,
    "val/regularization": 2.1748445215492544e-05
}