{
    "val/dynamics_x": 0.0013636530951541667,
    "val/dynamics_z": 0.0,
    "val/loss": 0.05828098469775077,
    "val/reconstruction": 0.05689850681447502,
    "val/regularization": 1.882478812158417e-05,
    "train/dynamics_x": 4.5222828799271616e-06,
    "train/dynamics_z": 0.0,
    "train/loss": 3.438528390379391e-05,
    "train/reconstruction": 1.1032289701525588e-05,
    "train/regularization": 1.8830711322341152e-05
}