{
    "val/dynamics_x": 0.0013636530951541667,
    "val/dynamics_z": 0.0,
    "val/loss": 0.05828098469775077,
    "val/reconstruction": 0.05689850681447502,
    "val/regularization": 1.882478812158417e-05
}