{
    "val/dynamics_x": 0.000859994881785544,
    "val/dynamics_z": 0.0,
    "val/loss": 0.0333146429326234,
    "val/reconstruction": 0.03245464805083786,
    "train/dynamics_x": 2.0319172023751893e-06,
    "train/dynamics_z": 0.0,
    "train/loss": 1.2837194139971419e-05,
    "train/reconstruction": 2.181594060537217e-06,
    "train/regularization": 8.623682877059013e-06
}