{
    "val/dynamics_x": 0.000832902208298137,
    "val/dynamics_z": 0.0,
    "val/loss": 0.03364387250529251,
    "val/reconstruction": 0.03280010875967298,
    "val/regularization": 1.0861537321390508e-05
}