{
    "val/dynamics_x": 4.011407014148834e-07,
    "val/dynamics_z": 0.0,
    "val/loss": 1.2958403047710069e-05,
    "val/reconstruction": 2.396154706827881e-06,
    "val/regularization": 1.0161107639467304e-05
}