{
    "val/dynamics_x": 4.853089211551523e-07,
    "val/dynamics_z": 0.0,
    "val/loss": 1.0315574216691738e-05,
    "val/reconstruction": 8.354722010031814e-07,
    "val/regularization": 8.994793094533405e-06
}