{
    "val/dynamics_x": 4.4769649839493633e-07,
    "val/dynamics_z": 0.0,
    "val/loss": 1.7710504765340753e-05,
    "val/reconstruction": 7.788299527184482e-06,
    "val/regularization": 9.474508739761338e-06
}