{
    "val/dynamics_x": 4.106890946318577e-07,
    "val/dynamics_z": 0.0,
    "val/loss": 1.0134639814840648e-05,
    "val/reconstruction": 5.49856220740574e-07,
    "val/regularization": 9.174094499468217e-06
}