{
    "val/dynamics_x": 4.449027027404552e-07,
    "val/dynamics_z": 0.0,
    "val/loss": 1.3407664601778818e-05,
    "val/reconstruction": 3.3167312098644377e-06,
    "val/regularization": 9.646030689173927e-06
}