{
    "val/dynamics_x": 5.543572558278067e-07,
    "val/dynamics_z": 0.0,
    "val/loss": 9.859561498888787e-06,
    "val/reconstruction": 6.148496521326335e-07,
    "val/regularization": 8.690354590928348e-06
}