{
    "val/dynamics_x": 5.430667823174478e-07,
    "val/dynamics_z": 0.0,
    "val/loss": 1.004899722351809e-05,
    "val/reconstruction": 7.184281031938566e-07,
    "val/regularization": 8.787502338006786e-06
}