{
    "val/dynamics_x": 7.595180559745774e-07,
    "val/dynamics_z": 0.0,
    "val/loss": 1.2572677270559862e-05,
    "val/reconstruction": 2.9729034859857047e-06,
    "val/regularization": 8.840255728599578e-06
}