{
    "val/dynamics_x": 6.00389068662637e-07,
    "val/dynamics_z": 0.0,
    "val/loss": 1.5721023468067984e-06,
    "val/reconstruction": 9.717132781441615e-07
}