{
    "val/dynamics_x": 5.462344530419607e-07,
    "val/dynamics_z": 0.0,
    "val/loss": 1.2668453792626805e-05,
    "val/reconstruction": 2.564079258662875e-06,
    "val/regularization": 9.55814008092197e-06
}