{
    "val/dynamics_x": 5.751980947729587e-07,
    "val/dynamics_z": 0.0,
    "val/loss": 1.1328334671079114e-05,
    "val/reconstruction": 1.1524054071628707e-06,
    "val/regularization": 9.600731169143285e-06
}