{
    "val/dynamics_x": 6.712029340892722e-07,
    "val/dynamics_z": 0.0,
    "val/loss": 1.4388573547146034e-05,
    "val/reconstruction": 3.6531044656216707e-06,
    "val/regularization": 1.006426614743509e-05
}