{
    "val/dynamics_x": 1.8017742710543018e-06,
    "val/dynamics_z": 0.0,
    "val/loss": 3.054634351704196e-05,
    "val/reconstruction": 1.6993677353716212e-05,
    "val/regularization": 1.1750891892271447e-05
}