{
    "val/dynamics_x": 6.036000144408085e-07,
    "val/dynamics_z": 0.0,
    "val/loss": 1.1248766899581038e-05,
    "val/reconstruction": 9.190681950609294e-07,
    "val/regularization": 9.7260986900793e-06
}