{
    "val/dynamics_x": 4.749462100672545e-07,
    "val/dynamics_z": 0.0,
    "val/loss": 1.0482989567799615e-05,
    "val/reconstruction": 5.507901434262055e-07,
    "val/regularization": 9.457253214306154e-06
}