{
    "val/dynamics_x": 6.049908998863842e-07,
    "val/dynamics_z": 0.0,
    "val/loss": 1.2012892564196245e-05,
    "val/reconstruction": 1.7495049899341299e-06,
    "val/regularization": 9.658396674375731e-06
}