{
    "val/dynamics_x": 4.877563807370753e-07,
    "val/dynamics_z": 0.0,
    "val/loss": 1.0614044660448573e-05,
    "val/reconstruction": 6.384302914342362e-07,
    "val/regularization": 9.487857988277262e-06
}