{
    "val/dynamics_x": 4.929941198455932e-07,
    "val/dynamics_z": 0.0,
    "val/loss": 1.0437760248762983e-05,
    "val/reconstruction": 4.225921541792236e-07,
    "val/regularization": 9.522173974738166e-06
}