{
    "val/dynamics_x": 9.264617186188304e-07,
    "val/dynamics_z": 0.0,
    "val/loss": 1.3982381990540225e-05,
    "val/reconstruction": 2.3730227342934114e-06,
    "val/regularization": 1.0682897537627982e-05
}