{
    "val/dynamics_x": 4.3972925980272205e-07,
    "val/dynamics_z": 0.0,
    "val/loss": 1.504098509281518e-05,
    "val/reconstruction": 5.229142838876168e-06,
    "val/regularization": 9.372112994136291e-06
}