{
    "val/dynamics_x": 8.257756634006173e-07,
    "val/dynamics_z": 0.0,
    "val/loss": 1.2116323340496983e-05,
    "val/reconstruction": 9.644434663295476e-07,
    "val/regularization": 1.0326104210766817e-05
}