{
    "val/dynamics_x": 4.1229759901031663e-07,
    "val/dynamics_z": 0.0,
    "val/loss": 8.984537850048985e-07,
    "val/reconstruction": 4.861561859945818e-07
}