{
    "val/dynamics_x": 6.259945272299407e-07,
    "val/dynamics_z": 0.0,
    "val/loss": 1.1584810898542065e-05,
    "val/reconstruction": 1.1574022959869248e-06,
    "val/regularization": 9.801414075325199e-06
}