{
    "val/dynamics_x": 5.038675658555309e-07,
    "val/dynamics_z": 0.0,
    "val/loss": 1.4401967193156667e-05,
    "val/reconstruction": 4.4705759689684815e-06,
    "val/regularization": 9.427523658332655e-06
}