{
    "val/dynamics_x": 6.924971380812932e-07,
    "val/dynamics_z": 0.0,
    "val/loss": 1.9466471041227067e-05,
    "val/reconstruction": 8.802486253162004e-06,
    "val/regularization": 9.971487649983772e-06
}