{
    "val/dynamics_x": 8.749574928687977e-07,
    "val/dynamics_z": 0.0,
    "val/loss": 1.620038020226399e-05,
    "val/reconstruction": 4.8615387062332224e-06,
    "val/regularization": 1.046388400316197e-05
}