{
    "val/dynamics_x": 6.690599600670142e-07,
    "val/dynamics_z": 0.0,
    "val/loss": 1.6084184860522523e-05,
    "val/reconstruction": 5.531218212840698e-06,
    "val/regularization": 9.883906687614811e-06
}