{
    "val/dynamics_x": 4.1112239066649193e-07,
    "val/dynamics_z": 0.0,
    "val/loss": 1.3492697088042478e-06,
    "val/reconstruction": 9.381473181377559e-07
}