{
    "val/dynamics_x": 4.1437688346172227e-07,
    "val/dynamics_z": 0.0,
    "val/loss": 1.0472373688719467e-05,
    "val/reconstruction": 7.108635759638415e-07,
    "val/regularization": 9.347133229293903e-06
}