{
    "val/dynamics_x": 0.0011681379983319424,
    "val/dynamics_z": 0.0,
    "val/loss": 0.03589148766902002,
    "val/reconstruction": 0.034707419307316086,
    "val/regularization": 1.593036337199199e-05,
    "train/dynamics_x": 1.360233889897709e-06,
    "train/dynamics_z": 0.0,
    "train/loss": 2.1863399433960965e-05,
    "train/reconstruction": 4.560093066606313e-06,
    "train/regularization": 1.5943072477456955e-05
}