{
    "val/dynamics_x": 0.0020296482357416564,
    "val/dynamics_z": 0.0,
    "val/loss": 0.042515186530824506,
    "val/reconstruction": 0.0404783211060756,
    "val/regularization": 7.21718900724915e-06
}