{
    "val/dynamics_x": 0.0014840914257356619,
    "val/dynamics_z": 0.0,
    "val/loss": 0.04195072897805843,
    "val/reconstruction": 0.040459457610637115,
    "val/regularization": 7.1799416856574195e-06
}