{
    "val/dynamics_x": 0.0014369247206122932,
    "val/dynamics_z": 0.0,
    "val/loss": 0.041529078394086996,
    "val/reconstruction": 0.040092153673474705
}