{
    "val/dynamics_x": 0.0014489760748673144,
    "val/dynamics_z": 0.0,
    "val/loss": 0.04209599437863859,
    "val/reconstruction": 0.04063019594740222,
    "val/regularization": 1.682235636905943e-05
}