{
    "val/dynamics_x": 0.0014349987162060541,
    "val/dynamics_z": 0.0,
    "val/loss": 0.04159566972386659,
    "val/reconstruction": 0.04016067100766054
}