{
    "val/dynamics_dx": 0.03293338418006897,
    "val/dynamics_dz": 2.1050266241218196e-06,
    "val/loss": 0.8005828261375427,
    "val/reconstruction": 0.767623782157898,
    "val/regularization": 2.355595279368572e-05
}