{
    "val/dynamics_x": 1.971852008831019e-07,
    "val/dynamics_z": 0.0,
    "val/loss": 7.743136819684206e-06,
    "val/reconstruction": 8.462304691216042e-07,
    "val/regularization": 6.699721149679499e-06
}