{
    "val/dynamics_x": 3.4085699297745716e-07,
    "val/dynamics_z": 0.0,
    "val/loss": 1.0148516820438417e-05,
    "val/reconstruction": 3.092708392825176e-06,
    "val/regularization": 6.714951434635783e-06
}