{
    "val/dynamics_x": 3.4196769234718555e-07,
    "val/dynamics_z": 0.0,
    "val/loss": 1.1267283986736437e-05,
    "val/reconstruction": 4.250280112728155e-06,
    "val/regularization": 6.675036181661096e-06
}