{
    "val/dynamics_x": 2.5381815248570987e-07,
    "val/dynamics_z": 0.0,
    "val/loss": 7.802205688375892e-06,
    "val/reconstruction": 6.332866914050914e-07,
    "val/regularization": 6.915100844485092e-06
}