{
    "val/dynamics_x": 2.598861196247375e-07,
    "val/dynamics_z": 0.0,
    "val/loss": 8.443988141043577e-06,
    "val/reconstruction": 1.4527695062231165e-06,
    "val/regularization": 6.731332515195722e-06
}