{
    "val/dynamics_x": 7.588817286447425e-07,
    "val/dynamics_z": 0.0,
    "val/loss": 1.2214720457547486e-05,
    "val/reconstruction": 4.253924987020987e-06,
    "val/regularization": 7.2019137418817564e-06
}