{
    "val/dynamics_x": 2.6084490377131185e-07,
    "val/dynamics_z": 0.0,
    "val/loss": 3.0101461282961132e-06,
    "val/reconstruction": 2.749301224524801e-06
}