{
    "val/dynamics_x": 1.8432235801609341e-06,
    "val/dynamics_z": 0.0,
    "val/loss": 1.9630833109168278e-05,
    "val/reconstruction": 2.82074873221313e-06,
    "val/regularization": 1.4966860796794218e-05
}