{
    "val/dynamics_x": 2.39837444382994e-07,
    "val/dynamics_z": 0.0,
    "val/loss": 8.566740932405283e-06,
    "val/reconstruction": 1.5269814177925264e-06,
    "val/regularization": 6.7999220702297625e-06
}