{
    "val/dynamics_x": 4.0100190126655933e-07,
    "val/dynamics_z": 0.0,
    "val/loss": 9.772292334041513e-06,
    "val/reconstruction": 2.5871386295495275e-06,
    "val/regularization": 6.784151803225426e-06
}