{
    "val/dynamics_x": 2.527413430544585e-07,
    "val/dynamics_z": 0.0,
    "val/loss": 8.542019202234462e-06,
    "val/reconstruction": 1.6020994558178884e-06,
    "val/regularization": 6.687178403362115e-06
}