{
    "val/dynamics_x": 2.301922585639028e-07,
    "val/dynamics_z": 0.0,
    "val/loss": 8.040739792195693e-06,
    "val/reconstruction": 9.640827216187388e-07,
    "val/regularization": 6.846464812013052e-06
}