{
    "val/dynamics_x": 4.3235522184659203e-07,
    "val/dynamics_z": 0.0,
    "val/loss": 1.1170172911079135e-05,
    "val/reconstruction": 6.356449375743978e-07,
    "val/regularization": 1.0102172382175922e-05
}