{
    "val/dynamics_x": 4.861470870309859e-07,
    "val/dynamics_z": 0.0,
    "val/loss": 1.1571713002922479e-05,
    "val/reconstruction": 1.2190436109449365e-06,
    "val/regularization": 9.866522304946557e-06
}