{
    "val/dynamics_x": 2.91616674985562e-06,
    "val/dynamics_z": 0.0,
    "val/loss": 3.2663203455740586e-05,
    "val/reconstruction": 1.0433222996653058e-05,
    "val/regularization": 1.9313814846100286e-05
}