{
    "val/dynamics_x": 6.128483960310405e-07,
    "val/dynamics_z": 0.0,
    "val/loss": 1.7321772247669287e-06,
    "val/reconstruction": 1.1193287718924694e-06
}