{
    "val/dynamics_x": 4.34290967632478e-07,
    "val/dynamics_z": 0.0,
    "val/loss": 1.2040209185215645e-05,
    "val/reconstruction": 1.6880289877008181e-06,
    "val/regularization": 9.91788965620799e-06
}