{
    "val/dynamics_x": 0.0007800201387299568,
    "val/dynamics_z": 0.0,
    "val/loss": 0.03579876142835091,
    "val/reconstruction": 0.035006564503628775,
    "val/regularization": 1.2176785992176213e-05
}