{
    "val/dynamics_x": 0.0008169696767371973,
    "val/dynamics_z": 0.0,
    "val/loss": 0.03703727792197244,
    "val/reconstruction": 0.036201230291395915,
    "val/regularization": 1.907795383933042e-05
}