{
    "val/dynamics_x": 6.88989036292043e-07,
    "val/dynamics_z": 0.0,
    "val/loss": 1.1365526816128858e-05,
    "val/reconstruction": 3.8486358590243976e-06,
    "val/regularization": 6.827901920812418e-06
}