{
    "val/dynamics_x": 8.337902285014489e-07,
    "val/dynamics_z": 0.0,
    "val/loss": 1.526099053107189e-05,
    "val/reconstruction": 7.551886218157042e-06,
    "val/regularization": 6.875314084413401e-06
}