{
    "val/dynamics_x": 4.037743763419855e-07,
    "val/dynamics_z": 0.0,
    "val/loss": 9.717610692623182e-06,
    "val/reconstruction": 2.3828605002510465e-06,
    "val/regularization": 6.930975816030149e-06
}