{
    "val/dynamics_x": 2.7084329502641313e-07,
    "val/dynamics_z": 0.0,
    "val/loss": 8.971682231917433e-06,
    "val/reconstruction": 1.798978007158502e-06,
    "val/regularization": 6.901860929732517e-06
}