{
    "val/dynamics_x": 5.115844847142407e-07,
    "val/dynamics_z": 0.0,
    "val/loss": 8.691551639916496e-06,
    "val/reconstruction": 1.3748390859611151e-06,
    "val/regularization": 6.8051280692411405e-06
}