{
    "val/dynamics_x": 2.7742196052598567e-07,
    "val/dynamics_z": 0.0,
    "val/loss": 8.263471472542253e-06,
    "val/reconstruction": 1.0244148086884775e-06,
    "val/regularization": 6.96163470332779e-06
}