{
    "val/dynamics_x": 3.493418491574887e-07,
    "val/dynamics_z": 0.0,
    "val/loss": 8.637271553673403e-06,
    "val/reconstruction": 1.5067496684380864e-06,
    "val/regularization": 6.781180036077826e-06
}