{
    "val/dynamics_x": 2.6496573689244293e-07,
    "val/dynamics_z": 0.0,
    "val/loss": 7.737666727784785e-06,
    "val/reconstruction": 7.039485121766696e-07,
    "val/regularization": 6.768752478715672e-06
}