{
    "val/dynamics_x": 8.187835254577774e-07,
    "val/dynamics_z": 0.0,
    "val/loss": 1.8807389312951185e-05,
    "val/reconstruction": 1.122131538421669e-05,
    "val/regularization": 6.767290403276719e-06
}