{
    "val/dynamics_x": 0.0007484885628438279,
    "val/dynamics_z": 0.0,
    "val/loss": 0.03195768692384501,
    "val/reconstruction": 0.03119153739610211,
    "val/regularization": 1.766096489906964e-05,
    "train/dynamics_x": 4.551150409758491e-06,
    "train/dynamics_z": 0.0,
    "train/loss": 2.7156850742668308e-05,
    "train/reconstruction": 4.942778365623872e-06,
    "train/regularization": 1.766292196728596e-05
}