{
    "val/dynamics_x": 0.0007484885628438279,
    "val/dynamics_z": 0.0,
    "val/loss": 0.03195768692384501,
    "val/reconstruction": 0.03119153739610211,
    "val/regularization": 1.766096489906964e-05
}