{
    "val/dynamics_x": 0.0007410576385564846,
    "val/dynamics_z": 0.0,
    "val/loss": 0.03265510281901469,
    "val/reconstruction": 0.031914045180458206
}