{
    "val/dynamics_x": 4.1229759901031663e-07,
    "val/dynamics_z": 0.0,
    "val/loss": 8.984537850048985e-07,
    "val/reconstruction": 4.861561859945818e-07,
    "train/dynamics_x": 5.169028562203918e-07,
    "train/dynamics_z": 0.0,
    "train/loss": 1.2183416339712279e-05,
    "train/reconstruction": 2.3441459015559337e-06,
    "train/regularization": 9.322367581935948e-06
}