{
    "val/dynamics_x": 6.18622005111389e-07,
    "val/dynamics_z": 0.0,
    "val/loss": 1.1476775699276954e-05,
    "val/reconstruction": 1.2142505577837357e-06,
    "val/regularization": 9.64390313638183e-06
}