{
    "val/dynamics_x": 1.5331710791540817e-06,
    "val/dynamics_z": 0.0,
    "val/loss": 1.4505811154314711e-05,
    "val/reconstruction": 1.7561488540299303e-06,
    "val/regularization": 1.12164912211307e-05
}