{
    "val/dynamics_x": 1.2261043228253633e-06,
    "val/dynamics_z": 0.0,
    "val/loss": 1.8002273666076164e-05,
    "val/reconstruction": 5.853936901329823e-06,
    "val/regularization": 1.0922232441920976e-05
}