{
    "val/dynamics_x": 7.194379377496912e-07,
    "val/dynamics_z": 0.0,
    "val/loss": 1.227308912548171e-05,
    "val/reconstruction": 1.383179153240565e-06,
    "val/regularization": 1.0170472034491453e-05
}