{
    "val/dynamics_x": 2.1586866456478535e-06,
    "val/dynamics_z": 0.0,
    "val/loss": 1.8661081396180303e-05,
    "val/reconstruction": 3.766276404687946e-06,
    "val/regularization": 1.2736118345844504e-05
}