{
    "val/dynamics_x": 4.4214788955920717e-07,
    "val/dynamics_z": 0.0,
    "val/loss": 1.0752125187474338e-05,
    "val/reconstruction": 9.105409221866552e-07,
    "val/regularization": 9.399436375728476e-06
}