{
    "val/dynamics_x": 3.7851669177540524e-06,
    "val/dynamics_z": 0.0,
    "val/loss": 2.5452480099249235e-05,
    "val/reconstruction": 6.1260745783666556e-06,
    "val/regularization": 1.5541238603128526e-05
}