{
    "val/dynamics_x": 0.0010173347460765687,
    "val/dynamics_z": 0.0,
    "val/loss": 0.03492648823279379,
    "val/reconstruction": 0.03390915348671722
}