{
    "val/dynamics_x": 7.123407885496095e-07,
    "val/dynamics_z": 0.0,
    "val/loss": 1.478220704674838e-05,
    "val/reconstruction": 4.0483426300286735e-06,
    "val/regularization": 1.0021523628170098e-05
}