{
    "val/dynamics_x": 9.293239403052675e-07,
    "val/dynamics_z": 0.0,
    "val/loss": 1.4276837630151786e-05,
    "val/reconstruction": 3.4361433620321877e-06,
    "val/regularization": 9.91137032781433e-06
}