{
    "val/dynamics_x": 7.978899231864841e-07,
    "val/dynamics_z": 0.0,
    "val/loss": 1.2616491338905159e-05,
    "val/reconstruction": 1.991616188971056e-06,
    "val/regularization": 9.826985226747618e-06
}