{
    "val/dynamics_x": 1.0393280161653456e-06,
    "val/dynamics_z": 0.0,
    "val/loss": 1.3660857295842665e-05,
    "val/reconstruction": 1.996701600348801e-06,
    "val/regularization": 1.0624827679328519e-05
}