{
    "val/dynamics_x": 2.4072350745893693e-06,
    "val/dynamics_z": 0.0,
    "val/loss": 1.891523370704345e-05,
    "val/reconstruction": 5.061290405413145e-06,
    "val/regularization": 1.1446708227040937e-05
}