{
    "val/dynamics_x": 1.100423279128759e-06,
    "val/dynamics_z": 0.0,
    "val/loss": 1.5677016734861915e-05,
    "val/reconstruction": 3.7734603323699006e-06,
    "val/regularization": 1.0803133123363258e-05
}