{
    "val/dynamics_x": 1.004069129900953e-06,
    "val/dynamics_z": 0.0,
    "val/loss": 2.4895507427693794e-05,
    "val/reconstruction": 1.4008379436618019e-05,
    "val/regularization": 9.883058861174822e-06
}