{
    "val/dynamics_x": 7.367861135416027e-07,
    "val/dynamics_z": 0.0,
    "val/loss": 1.1908271437540473e-05,
    "val/reconstruction": 9.66551830361395e-07,
    "val/regularization": 1.0204933493637474e-05
}