{
    "val/dynamics_x": 6.808995251012397e-07,
    "val/dynamics_z": 0.0,
    "val/loss": 1.1190017995064792e-05,
    "val/reconstruction": 7.962176280093813e-07,
    "val/regularization": 9.712900841954171e-06
}