{
    "val/dynamics_x": 9.014389216198059e-07,
    "val/dynamics_z": 0.0,
    "val/loss": 1.9249102286115624e-05,
    "val/reconstruction": 7.860356395330136e-06,
    "val/regularization": 1.0487306969165684e-05
}