{
    "val/dynamics_x": 7.777094813139106e-07,
    "val/dynamics_z": 0.0,
    "val/loss": 1.2606868484905653e-05,
    "val/reconstruction": 1.546058535414363e-06,
    "val/regularization": 1.0283100468177378e-05
}