{
    "val/dynamics_x": 6.822366476476442e-07,
    "val/dynamics_z": 0.0,
    "val/loss": 1.2030748644248152e-05,
    "val/reconstruction": 1.2714348598637578e-06,
    "val/regularization": 1.007707713673675e-05
}