{
    "val/dynamics_x": 1.6012363025110167e-06,
    "val/dynamics_z": 0.0,
    "val/loss": 1.666447143343179e-05,
    "val/reconstruction": 4.005740421957659e-06,
    "val/regularization": 1.1057494708963115e-05
}