{
    "val/dynamics_x": 6.717928752451144e-07,
    "val/dynamics_z": 0.0,
    "val/loss": 1.1201193430567585e-05,
    "val/reconstruction": 8.510559154539839e-07,
    "val/regularization": 9.678344639868487e-06
}