{
    "val/dynamics_x": 8.959983144766733e-07,
    "val/dynamics_z": 0.0,
    "val/loss": 1.754472795508478e-05,
    "val/reconstruction": 6.271671181633797e-06,
    "val/regularization": 1.0377058458974309e-05
}