{
    "val/dynamics_x": 7.848664455099478e-07,
    "val/dynamics_z": 0.0,
    "val/loss": 1.3923371674187994e-05,
    "val/reconstruction": 3.284345854877731e-06,
    "val/regularization": 9.854159373800314e-06
}