{
    "val/dynamics_x": 6.94399192518915e-07,
    "val/dynamics_z": 0.0,
    "val/loss": 2.154082766751509e-06,
    "val/reconstruction": 1.459683574232594e-06
}