{
    "val/dynamics_x": 7.477423270843914e-07,
    "val/dynamics_z": 0.0,
    "val/loss": 1.2167434180225163e-05,
    "val/reconstruction": 1.283867939431094e-06,
    "val/regularization": 1.0135823913709677e-05
}