{
    "val/dynamics_x": 1.341807574656646e-06,
    "val/dynamics_z": 0.0,
    "val/loss": 2.285432832582236e-05,
    "val/reconstruction": 1.0551894130314969e-05,
    "val/regularization": 1.0960626620850745e-05
}