{
    "val/dynamics_x": 1.9210226523324586e-06,
    "val/dynamics_z": 0.0,
    "val/loss": 1.903190871281542e-05,
    "val/reconstruction": 4.626483770735121e-06,
    "val/regularization": 1.2484402289747839e-05
}