{
    "val/dynamics_x": 3.5336334886209336e-07,
    "val/dynamics_z": 0.0,
    "val/loss": 8.448186321200692e-06,
    "val/reconstruction": 9.89379048556569e-07,
    "val/regularization": 7.10544392378203e-06
}