{
    "val/dynamics_x": 6.862915007859518e-07,
    "val/dynamics_z": 0.0,
    "val/loss": 1.4539854897719775e-05,
    "val/reconstruction": 5.656221158163815e-06,
    "val/regularization": 8.197342238770008e-06
}