{
    "val/dynamics_x": 3.101481071359237e-07,
    "val/dynamics_z": 0.0,
    "val/loss": 2.239627487908152e-06,
    "val/reconstruction": 1.929479380772228e-06
}