{
    "val/dynamics_x": 6.389375033298965e-07,
    "val/dynamics_z": 0.0,
    "val/loss": 1.1287987416098288e-05,
    "val/reconstruction": 2.212383378046118e-06,
    "val/regularization": 8.436666534722274e-06
}