{
    "val/dynamics_x": 3.443919419959364e-07,
    "val/dynamics_z": 0.0,
    "val/loss": 8.431144072043234e-06,
    "val/reconstruction": 9.251239510804066e-07,
    "val/regularization": 7.16162817896689e-06
}