{
    "val/dynamics_x": 8.113572083390158e-07,
    "val/dynamics_z": 0.0,
    "val/loss": 1.1064404135134216e-05,
    "val/reconstruction": 1.4195637903196553e-06,
    "val/regularization": 8.833483136475545e-06
}