{
    "val/dynamics_x": 1.3830062925990205e-06,
    "val/dynamics_z": 2.1299390482454328e-06,
    "val/loss": 4.099394573131576e-06,
    "val/reconstruction": 5.864495165042172e-07,
    "train/dynamics_x": 1.5813473055459326e-06,
    "train/dynamics_z": 9.814167469812674e-07,
    "train/loss": 4.4398575482773595e-06,
    "train/reconstruction": 1.0018313787441002e-06,
    "train/regularization": 8.752624012231536e-07
}