{
    "val/dynamics_x": 2.859508640540298e-06,
    "val/dynamics_z": 2.826729996741051e-07,
    "val/loss": 3.5410789678280707e-06,
    "val/reconstruction": 3.9889755498734303e-07
}