{
    "val/dynamics_x": 2.0473869426496094e-06,
    "val/dynamics_z": 3.6484482279774966e-07,
    "val/loss": 3.7422562400024617e-06,
    "val/reconstruction": 3.559529204721912e-07,
    "val/regularization": 9.740714403960737e-07
}