{
    "val/dynamics_x": 1.2022500413877424e-05,
    "val/dynamics_z": 2.8484050744737033e-06,
    "val/loss": 2.3637076083105057e-05,
    "val/reconstruction": 7.614377864229027e-06,
    "val/regularization": 1.1517963685037103e-06
}