{
    "val/dynamics_x": 2.4059122551989276e-06,
    "val/dynamics_z": 4.883997917204397e-07,
    "val/loss": 4.143639671383426e-06,
    "val/reconstruction": 2.650704118423164e-07,
    "val/regularization": 9.842573263085796e-07
}