{
    "val/dynamics_x": 4.6687009103152377e-07,
    "val/dynamics_z": 3.2287380236084573e-07,
    "val/loss": 1.7956588180823019e-06,
    "val/reconstruction": 3.597427777890516e-08,
    "val/regularization": 9.69940970207972e-07
}