{
    "val/dynamics_x": 8.829889566186466e-07,
    "val/dynamics_z": 3.0087971936154645e-07,
    "val/loss": 2.3024688289297046e-06,
    "val/reconstruction": 1.5342078540925286e-07,
    "val/regularization": 9.65179197010002e-07
}