{
    "val/dynamics_x": 5.322408014762914e-06,
    "val/dynamics_z": 2.638334990479052e-06,
    "val/loss": 1.1663531040539965e-05,
    "val/reconstruction": 2.8322240268607857e-06,
    "val/regularization": 8.705636673767003e-07
}