{
    "val/dynamics_x": 4.070740544648288e-07,
    "val/dynamics_z": 2.447413010031596e-07,
    "val/loss": 6.943542985027307e-07,
    "val/reconstruction": 4.2539017641729515e-08
}