{
    "val/dynamics_x": 4.3507876398507506e-05,
    "val/dynamics_z": 1.9497729226714e-06,
    "val/loss": 5.076366869616322e-05,
    "val/reconstruction": 5.3060152822581585e-06
}