{
    "val/dynamics_x": 3.438932026256225e-06,
    "val/dynamics_z": 2.7233936634729616e-06,
    "val/loss": 9.029613465827424e-06,
    "val/reconstruction": 1.9483638880046783e-06,
    "val/regularization": 9.18923092285695e-07
}