{
    "val/dynamics_x": 8.127304681693204e-06,
    "val/dynamics_z": 6.286045959313924e-07,
    "val/loss": 1.0900134839175735e-05,
    "val/reconstruction": 1.2630829360205098e-06,
    "val/regularization": 8.811426823740476e-07
}