{
    "val/dynamics_x": 6.086000325922214e-07,
    "val/dynamics_z": 3.662049152808322e-07,
    "val/loss": 1.994455487874802e-06,
    "val/reconstruction": 4.053837443507291e-08,
    "val/regularization": 9.791123147806502e-07
}