{
    "val/dynamics_x": 3.572998821255169e-07,
    "val/dynamics_z": 2.5039406637006323e-07,
    "val/loss": 6.416546511900378e-07,
    "val/reconstruction": 3.396074887973555e-08
}