{
    "val/dynamics_x": 2.4106013825075934e-06,
    "val/dynamics_z": 2.5143763195956126e-06,
    "val/loss": 7.335401733143954e-06,
    "val/reconstruction": 1.2149156418672646e-06,
    "val/regularization": 1.1955092986681848e-06
}