{
    "val/dynamics_x": 1.6591737903581816e-06,
    "val/dynamics_z": 4.2351939555373974e-07,
    "val/loss": 3.246846517868107e-06,
    "val/reconstruction": 1.8272295676524664e-07,
    "val/regularization": 9.814300483412808e-07
}