{
    "val/dynamics_x": 3.587309720387566e-07,
    "val/dynamics_z": 2.4195460923692735e-07,
    "val/loss": 6.270396966101544e-07,
    "val/reconstruction": 2.635410645268621e-08
}