{
    "val/dynamics_x": 8.303591130243149e-07,
    "val/dynamics_z": 2.897881472563313e-07,
    "val/loss": 1.2463135590223828e-06,
    "val/reconstruction": 1.261662276874631e-07
}