{
    "val/dynamics_x": 6.313437097560382e-07,
    "val/dynamics_z": 2.9039921400908497e-07,
    "val/loss": 2.0053460048075067e-06,
    "val/reconstruction": 1.2379665292883146e-07,
    "val/regularization": 9.598059023119276e-07
}