{
    "val/dynamics_x": 1.1774250197049696e-06,
    "val/dynamics_z": 1.4466577624716592e-07,
    "val/loss": 2.4858136384864338e-06,
    "val/reconstruction": 2.0717560289540415e-07,
    "val/regularization": 9.565471827954752e-07
}