{
    "val/dynamics_x": 5.622324579235283e-07,
    "val/dynamics_z": 3.821281495675066e-07,
    "val/loss": 1.971685378521215e-06,
    "val/reconstruction": 4.6272461418084276e-08,
    "val/regularization": 9.810524943532073e-07
}