{
    "val/dynamics_x": 3.640334398369305e-06,
    "val/dynamics_z": 2.3101015358406585e-06,
    "val/loss": 8.822958989185281e-06,
    "val/reconstruction": 2.0041736661369214e-06,
    "val/regularization": 8.683488772476267e-07
}