{
    "val/dynamics_x": 2.060141241599922e-06,
    "val/dynamics_z": 2.3574336864840006e-06,
    "val/loss": 6.874384325783467e-06,
    "val/reconstruction": 1.3329002968021086e-06,
    "val/regularization": 1.123909783018462e-06
}