{
    "val/dynamics_x": 1.750795854604803e-05,
    "val/dynamics_z": 6.1215882851684e-07,
    "val/loss": 2.187251993746031e-05,
    "val/reconstruction": 2.8032779937348096e-06,
    "val/regularization": 9.4912411441328e-07
}