{
    "val/dynamics_x": 1.1595955129450886e-06,
    "val/dynamics_z": 3.629157276918704e-07,
    "val/loss": 2.7117137051391182e-06,
    "val/reconstruction": 2.2087911588641873e-07,
    "val/regularization": 9.683232065071934e-07
}