{
    "val/dynamics_x": 3.482898819129332e-06,
    "val/dynamics_z": 1.1378892850189004e-07,
    "val/loss": 5.583883648796473e-06,
    "val/reconstruction": 1.0524569233893999e-06,
    "val/regularization": 9.347396030534583e-07
}