{
    "val/dynamics_x": 8.285542207886465e-07,
    "val/dynamics_z": 2.6980916345564765e-07,
    "val/loss": 1.178320417238865e-06,
    "val/reconstruction": 7.995720352482749e-08
}