{
    "val/dynamics_x": 6.982330091886979e-07,
    "val/dynamics_z": 4.0295665826306504e-07,
    "val/loss": 2.146792894563987e-06,
    "val/reconstruction": 6.018041176503175e-08,
    "val/regularization": 9.85423071142577e-07
}