{
    "val/dynamics_x": 4.195968585918308e-07,
    "val/dynamics_z": 2.507398448869935e-07,
    "val/loss": 7.058015398797579e-07,
    "val/reconstruction": 3.546485416450196e-08
}