{
    "val/dynamics_x": 4.6208782578105456e-07,
    "val/dynamics_z": 3.2624282653159753e-07,
    "val/loss": 1.7950541177924606e-06,
    "val/reconstruction": 3.5555437705170334e-08,
    "val/regularization": 9.711681059343391e-07
}