{
    "val/dynamics_x": 7.444509151355305e-07,
    "val/dynamics_z": 4.1154888208438933e-07,
    "val/loss": 2.2311257907858817e-06,
    "val/reconstruction": 8.886509306194057e-08,
    "val/regularization": 9.862609431365854e-07
}