{
    "val/dynamics_x": 1.5098637504706858e-06,
    "val/dynamics_z": 2.148445219063433e-06,
    "val/loss": 4.591134711517952e-06,
    "val/reconstruction": 9.328250030193885e-07
}