{
    "val/dynamics_x": 7.711989383096807e-06,
    "val/dynamics_z": 2.605198972105427e-07,
    "val/loss": 1.4715888937644195e-05,
    "val/reconstruction": 5.744014288211474e-06,
    "val/regularization": 9.993664207286201e-07
}