{
    "val/dynamics_x": 5.091736738904729e-07,
    "val/dynamics_z": 3.3104072372225346e-07,
    "val/loss": 1.846711370490084e-06,
    "val/reconstruction": 3.325642339291335e-08,
    "val/regularization": 9.732406169860042e-07
}