{
    "val/dynamics_x": 7.175635232670174e-07,
    "val/dynamics_z": 4.110684699298872e-07,
    "val/loss": 2.2007341158314375e-06,
    "val/reconstruction": 8.742926382865335e-08,
    "val/regularization": 9.84672510639939e-07
}