{
    "val/dynamics_x": 1.5802382904439582e-06,
    "val/dynamics_z": 3.4216691346955486e-07,
    "val/loss": 2.171953155993833e-06,
    "val/reconstruction": 2.4954817945399554e-07
}