{
    "val/dynamics_x": 4.918363174510887e-07,
    "val/dynamics_z": 3.476505128219287e-07,
    "val/loss": 1.8474637499821256e-06,
    "val/reconstruction": 3.214244159721602e-08,
    "val/regularization": 9.758344958754606e-07
}