{
    "val/dynamics_x": 5.995781293677283e-07,
    "val/dynamics_z": 3.4502741641517787e-07,
    "val/loss": 1.9701251403603237e-06,
    "val/reconstruction": 4.940905995454159e-08,
    "val/regularization": 9.761106412042864e-07
}