{
    "val/dynamics_x": 4.1020877006303635e-07,
    "val/dynamics_z": 2.6507385086915747e-07,
    "val/loss": 7.0051623879408e-07,
    "val/reconstruction": 2.523352904404419e-08
}