{
    "val/dynamics_x": 5.122419111103227e-07,
    "val/dynamics_z": 3.433002291330922e-07,
    "val/loss": 1.8771991108224029e-06,
    "val/reconstruction": 4.6815074483674834e-08,
    "val/regularization": 9.748416687216377e-07
}