{
    "val/dynamics_x": 9.000982004181424e-07,
    "val/dynamics_z": 4.1795826177803974e-07,
    "val/loss": 2.388845359746483e-06,
    "val/reconstruction": 8.487430136483454e-08,
    "val/regularization": 9.859145393420476e-07
}