{
    "val/dynamics_x": 2.9620141503983177e-06,
    "val/dynamics_z": 2.723362968026777e-06,
    "val/loss": 8.225528290495276e-06,
    "val/reconstruction": 2.5401525363122346e-06
}