{
    "val/dynamics_x": 1.4486668078461662e-06,
    "val/dynamics_z": 3.739484952802741e-07,
    "val/loss": 2.9934417398180813e-06,
    "val/reconstruction": 2.0246800147560862e-07,
    "val/regularization": 9.68358449426887e-07
}