{
    "val/dynamics_x": 1.2738515806631767e-06,
    "val/dynamics_z": 4.1740869960449345e-07,
    "val/loss": 2.8273689167690463e-06,
    "val/reconstruction": 1.5815435006061307e-07,
    "val/regularization": 9.7795418696478e-07
}