{
    "val/dynamics_x": 1.4343990553163008e-07,
    "val/dynamics_z": 0.0,
    "val/loss": 1.0046597343951253e-05,
    "val/reconstruction": 2.648279155122406e-06,
    "val/regularization": 7.254878283297217e-06
}