{
    "val/dynamics_x": 5.510161962114704e-07,
    "val/dynamics_z": 0.0,
    "val/loss": 1.3063283232361775e-05,
    "val/reconstruction": 2.734778353633387e-06,
    "val/regularization": 9.777488682516917e-06
}