{
    "val/dynamics_x": 4.502106789694974e-07,
    "val/dynamics_z": 0.0,
    "val/loss": 1.7922153407077737e-05,
    "val/reconstruction": 7.894549877590048e-06,
    "val/regularization": 9.57739285051819e-06
}