{
    "val/dynamics_x": 2.5964650312298044e-07,
    "val/dynamics_z": 0.0,
    "val/loss": 9.532829996004288e-06,
    "val/reconstruction": 1.1252851609201412e-06,
    "val/regularization": 8.147898331961167e-06
}