{
    "val/dynamics_x": 1.2401747024324796e-07,
    "val/dynamics_z": 0.0,
    "val/loss": 8.167581890641013e-06,
    "val/reconstruction": 8.64283804126435e-07,
    "val/regularization": 7.179280616271329e-06
}