{
    "val/dynamics_x": 1.5520708154783454e-07,
    "val/dynamics_z": 0.0,
    "val/loss": 8.076267775422941e-06,
    "val/reconstruction": 4.2519535215832867e-07,
    "val/regularization": 7.495865341716778e-06
}