{
    "val/dynamics_x": 4.4728623331496187e-07,
    "val/dynamics_z": 0.0,
    "val/loss": 1.359963730354088e-05,
    "val/reconstruction": 3.505470369535347e-06,
    "val/regularization": 9.64688070069057e-06
}