{
    "val/dynamics_x": 0.0007597927844521449,
    "val/dynamics_z": 0.0,
    "val/loss": 0.030867537554740858,
    "val/reconstruction": 0.030107744770288714
}