{
    "val/dynamics_x": 0.0007505049747229127,
    "val/dynamics_z": 0.0,
    "val/loss": 0.029909710611813918,
    "val/reconstruction": 0.029149129966728304,
    "val/regularization": 1.0075670362701272e-05
}