{
    "val/dynamics_x": 0.0007534731372659664,
    "val/dynamics_z": 0.0,
    "val/loss": 0.03081935165236983,
    "val/reconstruction": 0.03005615255166614,
    "val/regularization": 9.725963437724115e-06
}