{
    "val/dynamics_x": 0.0007619992002784758,
    "val/dynamics_z": 0.0,
    "val/loss": 0.030860037441974474,
    "val/reconstruction": 0.030098038241695997
}