{
    "val/dynamics_x": 0.0008266840596513639,
    "val/dynamics_z": 0.0,
    "val/loss": 0.036629702757937116,
    "val/reconstruction": 0.03578914544943859,
    "val/regularization": 1.3873248847162603e-05
}