{
    "val/dynamics_x": 0.0007425694440467089,
    "val/dynamics_z": 0.0,
    "val/loss": 0.03271817905836101,
    "val/reconstruction": 0.03196618498340011,
    "val/regularization": 9.424630914191427e-06
}