{
    "val/dynamics_x": 0.0007385698407690516,
    "val/dynamics_z": 0.0,
    "val/loss": 0.032568011323078364,
    "val/reconstruction": 0.03182944148230931
}