{
    "val/dynamics_x": 0.0007403684768940504,
    "val/dynamics_z": 0.0,
    "val/loss": 0.03264939718612669,
    "val/reconstruction": 0.03189937672846969,
    "val/regularization": 9.651980762952881e-06
}