{
    "val/dynamics_x": 4.936051120269936e-06,
    "val/dynamics_z": 0.0,
    "val/loss": 2.9859286424084605e-05,
    "val/reconstruction": 6.165568727865084e-06,
    "val/regularization": 1.8757666575949585e-05
}