{
    "val/dynamics_x": 3.150562658172838e-07,
    "val/dynamics_z": 0.0,
    "val/loss": 9.76304032250047e-06,
    "val/reconstruction": 1.3376998188088363e-06,
    "val/regularization": 8.110284237874352e-06
}