{
    "val/dynamics_x": 2.8563972045649866e-07,
    "val/dynamics_z": 0.0,
    "val/loss": 9.782573198047368e-06,
    "val/reconstruction": 1.1532995418456031e-06,
    "val/regularization": 8.343633935745267e-06
}