{
    "val/dynamics_x": 5.438001494626529e-07,
    "val/dynamics_z": 0.0,
    "val/loss": 1.6863373584283393e-05,
    "val/reconstruction": 6.170409341182956e-06,
    "val/regularization": 1.0149164093637784e-05
}