{
    "val/dynamics_x": 3.9449024290813993e-07,
    "val/dynamics_z": 0.0,
    "val/loss": 1.203017059048895e-05,
    "val/reconstruction": 2.9476974030502754e-06,
    "val/regularization": 8.687982944530535e-06
}