{
    "val/dynamics_x": 4.422434259457159e-07,
    "val/dynamics_z": 0.0,
    "val/loss": 1.272115904552674e-05,
    "val/reconstruction": 3.1997884709505524e-06,
    "val/regularization": 9.079127148630472e-06
}