{
    "val/dynamics_x": 2.900971700764406e-07,
    "val/dynamics_z": 0.0,
    "val/loss": 9.389530123252995e-06,
    "val/reconstruction": 8.030149417113862e-07,
    "val/regularization": 8.296418011465169e-06
}