{
    "val/dynamics_x": 3.4259450925764254e-07,
    "val/dynamics_z": 0.0,
    "val/loss": 1.2333975418953998e-05,
    "val/reconstruction": 3.543296014128271e-06,
    "val/regularization": 8.448084895568083e-06
}