{
    "val/dynamics_x": 2.895115691443484e-07,
    "val/dynamics_z": 0.0,
    "val/loss": 9.178481328472956e-06,
    "val/reconstruction": 7.517129015061572e-07,
    "val/regularization": 8.13725685782245e-06
}