{
    "val/dynamics_x": 2.99930428160159e-07,
    "val/dynamics_z": 0.0,
    "val/loss": 1.0099444730033293e-05,
    "val/reconstruction": 1.6075033269332375e-06,
    "val/regularization": 8.192010974939897e-06
}