{
    "val/dynamics_x": 3.4124758293994053e-07,
    "val/dynamics_z": 0.0,
    "val/loss": 1.2278070449851463e-05,
    "val/reconstruction": 3.863065440538486e-06,
    "val/regularization": 8.073757426373038e-06
}