{
    "val/dynamics_x": 5.66622583304978e-07,
    "val/dynamics_z": 0.0,
    "val/loss": 1.3112372938946823e-05,
    "val/reconstruction": 2.8667158410751752e-06,
    "val/regularization": 9.679034514566669e-06
}