{
    "val/dynamics_x": 2.943153230986771e-07,
    "val/dynamics_z": 0.0,
    "val/loss": 9.16871896406699e-06,
    "val/reconstruction": 7.081594885307446e-07,
    "val/regularization": 8.166244152437567e-06
}