{
    "val/dynamics_x": 3.168564292439198e-07,
    "val/dynamics_z": 0.0,
    "val/loss": 1.0762885291971402e-05,
    "val/reconstruction": 2.376046838463822e-06,
    "val/regularization": 8.06998202426366e-06
}