{
    "val/dynamics_x": 3.0979930611326287e-07,
    "val/dynamics_z": 0.0,
    "val/loss": 9.97346347487291e-06,
    "val/reconstruction": 7.476826729543242e-07,
    "val/regularization": 8.915981495805324e-06
}