{
    "val/dynamics_x": 4.5934134528764375e-07,
    "val/dynamics_z": 0.0,
    "val/loss": 4.1210373265844605e-06,
    "val/reconstruction": 3.661695981296816e-06
}