{
    "val/dynamics_x": 2.598080972236721e-07,
    "val/dynamics_z": 0.0,
    "val/loss": 8.967745594943369e-06,
    "val/reconstruction": 6.497619134466168e-07,
    "val/regularization": 8.05817558427308e-06
}