{
    "val/dynamics_x": 4.7155934250146946e-07,
    "val/dynamics_z": 0.0,
    "val/loss": 1.4796063997507411e-05,
    "val/reconstruction": 6.230737796557999e-06,
    "val/regularization": 8.093766858447943e-06
}