{
    "val/dynamics_x": 4.831886095918467e-07,
    "val/dynamics_z": 0.0,
    "val/loss": 1.2122411621288453e-05,
    "val/reconstruction": 3.2461095101361327e-06,
    "val/regularization": 8.393113501560473e-06
}