{
    "val/dynamics_x": 4.3249770486192063e-07,
    "val/dynamics_z": 0.0,
    "val/loss": 1.1344127741999894e-05,
    "val/reconstruction": 2.3090589121377725e-06,
    "val/regularization": 8.6025711250002e-06
}