{
    "val/dynamics_x": 3.412728894050859e-07,
    "val/dynamics_z": 0.0,
    "val/loss": 1.0614164645200543e-05,
    "val/reconstruction": 1.4791979742960433e-06,
    "val/regularization": 8.793693781499414e-06
}