{
    "val/dynamics_x": 0.001028681273718012,
    "val/dynamics_z": 0.0,
    "val/loss": 0.03604506536656733,
    "val/reconstruction": 0.03500626705266511,
    "val/regularization": 1.0117040184213702e-05
}