{
    "val/dynamics_x": 0.0010085008660558944,
    "val/dynamics_z": 0.0,
    "val/loss": 0.03481804687849821,
    "val/reconstruction": 0.03380087206508254,
    "val/regularization": 8.673947359777587e-06
}