{
    "val/dynamics_x": 1.0247103628418368e-06,
    "val/dynamics_z": 0.0,
    "val/loss": 1.4055054039812147e-05,
    "val/reconstruction": 2.5674514294314073e-06,
    "val/regularization": 1.0462892247538903e-05
}