{
    "val/dynamics_x": 6.516224211958217e-07,
    "val/dynamics_z": 0.0,
    "val/loss": 1.1657601929566048e-05,
    "val/reconstruction": 7.62773737989432e-07,
    "val/regularization": 1.0243205770380795e-05
}