{
    "val/dynamics_x": 3.4260180881634336e-07,
    "val/dynamics_z": 0.0,
    "val/loss": 1.463876616583037e-06,
    "val/reconstruction": 1.1212748077666937e-06
}