{
    "val/dynamics_x": 4.3625946588264066e-07,
    "val/dynamics_z": 0.0,
    "val/loss": 1.2030413224700028e-05,
    "val/reconstruction": 1.5718347491500532e-06,
    "val/regularization": 1.0022319009667334e-05
}