{
    "val/dynamics_x": 5.838181089361325e-07,
    "val/dynamics_z": 0.0,
    "val/loss": 1.2150724831386613e-05,
    "val/reconstruction": 1.3644584402662115e-06,
    "val/regularization": 1.020244828218427e-05
}