{
    "val/dynamics_x": 1.2285978581754326e-06,
    "val/dynamics_z": 0.0,
    "val/loss": 1.3699003417557494e-05,
    "val/reconstruction": 1.7526148846006941e-06,
    "val/regularization": 1.0717790674781368e-05
}