{
    "val/dynamics_x": 5.826829431022386e-07,
    "val/dynamics_z": 0.0,
    "val/loss": 1.609065982009821e-05,
    "val/reconstruction": 5.518213189889764e-06,
    "val/regularization": 9.989763687106207e-06
}