{
    "val/dynamics_x": 0.000859994881785544,
    "val/dynamics_z": 0.0,
    "val/loss": 0.0333146429326234,
    "val/reconstruction": 0.03245464805083786
}