{
    "val/dynamics_x": 0.0008293541619942404,
    "val/dynamics_z": 0.0,
    "val/loss": 0.03365318426023125,
    "val/reconstruction": 0.03281272627392157,
    "val/regularization": 1.110382431543532e-05
}