{
    "val/dynamics_x": 5.63346661098461e-07,
    "val/dynamics_z": 0.0,
    "val/loss": 1.1343083781230776e-05,
    "val/reconstruction": 3.4215037030665825e-06,
    "val/regularization": 7.358233417065734e-06
}