{
    "val/dynamics_x": 2.825153779836166e-07,
    "val/dynamics_z": 0.0,
    "val/loss": 1.0745700311676914e-05,
    "val/reconstruction": 2.520458379099451e-06,
    "val/regularization": 7.942726554593847e-06
}