{
    "val/dynamics_x": 2.7034669701475655e-07,
    "val/dynamics_z": 0.0,
    "val/loss": 8.455363248545885e-06,
    "val/reconstruction": 8.396657361666e-07,
    "val/regularization": 7.345350815364529e-06
}