{
    "val/dynamics_x": 3.6170213988586225e-07,
    "val/dynamics_z": 0.0,
    "val/loss": 1.0665699689557355e-05,
    "val/reconstruction": 2.7677383005725725e-06,
    "val/regularization": 7.536259249098919e-06
}