{
    "val/dynamics_x": 2.776882473146654e-07,
    "val/dynamics_z": 0.0,
    "val/loss": 1.0381157724618701e-05,
    "val/reconstruction": 2.41763134612724e-06,
    "val/regularization": 7.685838131176795e-06
}