{
    "val/dynamics_x": 5.508164045527632e-07,
    "val/dynamics_z": 0.0,
    "val/loss": 1.2860470031734174e-05,
    "val/reconstruction": 3.249430270267325e-06,
    "val/regularization": 9.060223356914085e-06
}