{
    "val/dynamics_x": 2.966773847732571e-07,
    "val/dynamics_z": 0.0,
    "val/loss": 1.8237691386784214e-06,
    "val/reconstruction": 1.5270917539051646e-06
}