{
    "val/dynamics_x": 3.1846272032251163e-07,
    "val/dynamics_z": 0.0,
    "val/loss": 9.569921525601381e-06,
    "val/reconstruction": 1.87445103158784e-06,
    "val/regularization": 7.37700777369103e-06
}