{
    "val/dynamics_x": 2.1526282652917138e-06,
    "val/dynamics_z": 0.0,
    "val/loss": 2.882217291611164e-05,
    "val/reconstruction": 8.50198875757023e-06,
    "val/regularization": 1.8167555893249696e-05
}