{
    "val/dynamics_x": 3.546313956149155e-07,
    "val/dynamics_z": 0.0,
    "val/loss": 8.618645384200313e-06,
    "val/reconstruction": 9.362361032579244e-07,
    "val/regularization": 7.327777885327473e-06
}