{
    "val/dynamics_x": 2.4848744317330036e-07,
    "val/dynamics_z": 0.0,
    "val/loss": 9.653706672064094e-06,
    "val/reconstruction": 1.931490352361309e-06,
    "val/regularization": 7.473728876529485e-06
}