{
    "val/dynamics_x": 5.306177581154219e-07,
    "val/dynamics_z": 0.0,
    "val/loss": 3.216507495512169e-05,
    "val/reconstruction": 2.2866200334790655e-05,
    "val/regularization": 8.768256862215613e-06
}