{
    "val/dynamics_x": 2.3337120647118027e-07,
    "val/dynamics_z": 0.0,
    "val/loss": 9.37191419567523e-06,
    "val/reconstruction": 1.2591415571069259e-06,
    "val/regularization": 7.879401432097125e-06
}