{
    "val/dynamics_x": 5.912198029968024e-07,
    "val/dynamics_z": 0.0,
    "val/loss": 1.0795451829817839e-05,
    "val/reconstruction": 1.1499118643911368e-06,
    "val/regularization": 9.0543201624299e-06
}