{
    "val/dynamics_x": 2.83513212016012e-07,
    "val/dynamics_z": 0.0,
    "val/loss": 9.66080786379638e-06,
    "val/reconstruction": 1.2733028534490816e-06,
    "val/regularization": 8.103991798331286e-06
}