{
    "val/dynamics_x": 1.6400463077231333e-06,
    "val/dynamics_z": 0.0,
    "val/loss": 2.046062059310955e-05,
    "val/reconstruction": 7.333467042537025e-06,
    "val/regularization": 1.148710724284939e-05
}