{
    "val/dynamics_x": 2.001233772004836e-06,
    "val/dynamics_z": 0.0,
    "val/loss": 2.0928161732093728e-05,
    "val/reconstruction": 5.259058856810664e-06,
    "val/regularization": 1.3667869103278226e-05
}