{
    "val/dynamics_x": 2.8759790916168736e-07,
    "val/dynamics_z": 0.0,
    "val/loss": 1.03103448639257e-05,
    "val/reconstruction": 1.8603221017270355e-06,
    "val/regularization": 8.162424853036977e-06
}