{
    "val/dynamics_x": 2.2734586758801135e-07,
    "val/dynamics_z": 0.0,
    "val/loss": 8.611986830866302e-06,
    "val/reconstruction": 4.649329579784996e-07,
    "val/regularization": 7.91970800529979e-06
}