{
    "val/dynamics_x": 3.0709574248263975e-07,
    "val/dynamics_z": 0.0,
    "val/loss": 1.048590043276164e-05,
    "val/reconstruction": 1.8876286950928432e-06,
    "val/regularization": 8.291175995186158e-06
}