{
    "val/dynamics_x": 2.714511899653661e-07,
    "val/dynamics_z": 0.0,
    "val/loss": 3.379509580008901e-06,
    "val/reconstruction": 3.108058390043535e-06
}