{
    "val/dynamics_x": 2.6465091823461036e-07,
    "val/dynamics_z": 0.0,
    "val/loss": 9.409761531545385e-06,
    "val/reconstruction": 1.1855085334933978e-06,
    "val/regularization": 7.959602079817376e-06
}