{
    "val/dynamics_x": 1.2960483059406404e-06,
    "val/dynamics_z": 0.0,
    "val/loss": 1.5109389707051855e-05,
    "val/reconstruction": 3.189166778831775e-06,
    "val/regularization": 1.0624174622279439e-05
}