{
    "val/dynamics_x": 8.651253055565453e-07,
    "val/dynamics_z": 0.0,
    "val/loss": 1.2490610387304768e-05,
    "val/reconstruction": 1.7167946537664812e-06,
    "val/regularization": 9.908690427981741e-06
}