{
    "val/dynamics_x": 3.444767392403051e-07,
    "val/dynamics_z": 0.0,
    "val/loss": 9.989350273336867e-06,
    "val/reconstruction": 1.1944824898943015e-06,
    "val/regularization": 8.450391044202262e-06
}