{
    "val/dynamics_x": 5.447342080975501e-07,
    "val/dynamics_z": 0.0,
    "val/loss": 2.1933286946930554e-06,
    "val/reconstruction": 1.6485944865955053e-06
}