{
    "val/dynamics_x": 1.8232560326652162e-06,
    "val/dynamics_z": 0.0,
    "val/loss": 2.1091052458224917e-05,
    "val/reconstruction": 6.825893210739759e-06,
    "val/regularization": 1.2441903214819943e-05
}