{
    "val/dynamics_x": 9.363696445694057e-07,
    "val/dynamics_z": 0.0,
    "val/loss": 2.1964042814942755e-05,
    "val/reconstruction": 1.1308975530542152e-05,
    "val/regularization": 9.718697639831195e-06
}