{
    "val/dynamics_x": 7.07433644816974e-07,
    "val/dynamics_z": 0.0,
    "val/loss": 1.2191406752824541e-05,
    "val/reconstruction": 2.0466216935319234e-06,
    "val/regularization": 9.437351414475644e-06
}