{
    "val/dynamics_x": 6.795018201502746e-07,
    "val/dynamics_z": 0.0,
    "val/loss": 1.2389930395000303e-05,
    "val/reconstruction": 2.3303455936071385e-06,
    "val/regularization": 9.38008298124289e-06
}