{
    "val/dynamics_x": 7.268865473719495e-07,
    "val/dynamics_z": 0.0,
    "val/loss": 1.5744869195620037e-05,
    "val/reconstruction": 5.518060168858494e-06,
    "val/regularization": 9.499922479389593e-06
}