{
    "val/dynamics_x": 5.971127071566173e-07,
    "val/dynamics_z": 0.0,
    "val/loss": 1.4090987746896606e-05,
    "val/reconstruction": 4.315635052230699e-06,
    "val/regularization": 9.178239987509289e-06
}