{
    "val/dynamics_x": 8.55175870029358e-07,
    "val/dynamics_z": 0.0,
    "val/loss": 1.7341979963676323e-05,
    "val/reconstruction": 6.846684149571452e-06,
    "val/regularization": 9.640119944075514e-06
}