{
    "val/dynamics_x": 9.478789885175352e-06,
    "val/dynamics_z": 0.0,
    "val/loss": 5.167902810999577e-05,
    "val/reconstruction": 2.392209475349544e-05,
    "val/regularization": 1.8278143471324973e-05
}