{
    "val/dynamics_x": 7.401337210210547e-07,
    "val/dynamics_z": 0.0,
    "val/loss": 1.164691354178143e-05,
    "val/reconstruction": 1.3399793729932647e-06,
    "val/regularization": 9.566800447767111e-06
}