{
    "val/dynamics_x": 6.574247454198274e-07,
    "val/dynamics_z": 0.0,
    "val/loss": 1.7501351080139787e-05,
    "val/reconstruction": 7.570347785030242e-06,
    "val/regularization": 9.273578549689717e-06
}