{
    "val/dynamics_x": 9.309248250621634e-07,
    "val/dynamics_z": 0.0,
    "val/loss": 1.2475286814648546e-05,
    "val/reconstruction": 1.6470232912513396e-06,
    "val/regularization": 9.897338698335043e-06
}