{
    "val/dynamics_x": 1.1189110288935227e-06,
    "val/dynamics_z": 0.0,
    "val/loss": 1.4157694043915711e-05,
    "val/reconstruction": 2.949702337371956e-06,
    "val/regularization": 1.0089080677650232e-05
}