{
    "val/dynamics_x": 1.504559261251555e-06,
    "val/dynamics_z": 0.0,
    "val/loss": 2.2380575049439662e-05,
    "val/reconstruction": 9.25727429808079e-06,
    "val/regularization": 1.1618741490107317e-05
}