{
    "val/dynamics_x": 5.612845187751841e-07,
    "val/dynamics_z": 0.0,
    "val/loss": 1.0428697214930481e-05,
    "val/reconstruction": 7.329472393241865e-07,
    "val/regularization": 9.134465456831111e-06
}