{
    "val/dynamics_x": 4.1921521029481276e-06,
    "val/dynamics_z": 0.0,
    "val/loss": 3.144940143892374e-05,
    "val/reconstruction": 1.189985245828442e-05,
    "val/regularization": 1.5357396877691192e-05
}