{
    "val/dynamics_x": 1.2373675059974058e-06,
    "val/dynamics_z": 0.0,
    "val/loss": 1.6045572090153516e-05,
    "val/reconstruction": 4.592080914914783e-06,
    "val/regularization": 1.0216123669241328e-05
}