{
    "val/dynamics_x": 5.218252345281332e-07,
    "val/dynamics_z": 0.0,
    "val/loss": 2.802317369914567e-06,
    "val/reconstruction": 2.2804921353864338e-06
}