{
    "val/dynamics_x": 1.4268889366752796e-06,
    "val/dynamics_z": 0.0,
    "val/loss": 1.6206570239311452e-05,
    "val/reconstruction": 4.1371531905611184e-06,
    "val/regularization": 1.0642528112075054e-05
}