{
    "val/dynamics_x": 6.255534146641217e-07,
    "val/dynamics_z": 0.0,
    "val/loss": 1.1020347265263769e-05,
    "val/reconstruction": 1.0694698764688934e-06,
    "val/regularization": 9.325323974130754e-06
}