{
    "val/dynamics_x": 2.3992088764541226e-06,
    "val/dynamics_z": 0.0,
    "val/loss": 2.1722612493005156e-05,
    "val/reconstruction": 5.743613480262439e-06,
    "val/regularization": 1.3579790136288595e-05
}