{
    "val/dynamics_x": 1.6100416278168415e-06,
    "val/dynamics_z": 0.0,
    "val/loss": 1.5480643625091897e-05,
    "val/reconstruction": 2.9440379044797946e-06,
    "val/regularization": 1.0926564092795261e-05
}