{
    "val/dynamics_x": 3.5019591127417407e-07,
    "val/dynamics_z": 0.0,
    "val/loss": 9.266713671242502e-06,
    "val/reconstruction": 1.8070611261862984e-06,
    "val/regularization": 7.109456633782029e-06
}