{
    "val/dynamics_x": 5.957721006554285e-07,
    "val/dynamics_z": 0.0,
    "val/loss": 1.2288775045070679e-05,
    "val/reconstruction": 4.37504157335339e-06,
    "val/regularization": 7.31796137106186e-06
}