{
    "val/dynamics_x": 1.445333418801032e-06,
    "val/dynamics_z": 0.0,
    "val/loss": 1.46520936956914e-05,
    "val/reconstruction": 5.253331332570006e-06,
    "val/regularization": 7.953428944320362e-06
}