{
    "val/dynamics_x": 3.8955538362740835e-07,
    "val/dynamics_z": 0.0,
    "val/loss": 9.019283921120168e-06,
    "val/reconstruction": 1.4802519509179688e-06,
    "val/regularization": 7.149476586574792e-06
}