{
    "val/dynamics_x": 1.8450988688244329e-06,
    "val/dynamics_z": 0.0,
    "val/loss": 1.798473308893916e-05,
    "val/reconstruction": 5.983142801474422e-06,
    "val/regularization": 1.0156491418640302e-05
}