{
    "val/dynamics_x": 0.0012448870092102496,
    "val/dynamics_z": 0.0,
    "val/loss": 0.04496820127524609,
    "val/reconstruction": 0.04372331426603584,
    "train/dynamics_x": 1.0138364020156234e-07,
    "train/dynamics_z": 0.0,
    "train/loss": 1.2707333146838316e-06,
    "train/reconstruction": 1.1693496744822694e-06
}