{
    "val/dynamics_x": 4.0725839979445277e-07,
    "val/dynamics_z": 0.0,
    "val/loss": 1.0956879048341843e-05,
    "val/reconstruction": 8.404755583162857e-07,
    "val/regularization": 9.709145090231104e-06
}