{
    "val/dynamics_x": 5.633172188862861e-07,
    "val/dynamics_z": 0.0,
    "val/loss": 1.1411568100904338e-05,
    "val/reconstruction": 6.205833362825638e-07,
    "val/regularization": 1.0227667545735488e-05
}