{
    "val/dynamics_x": 5.218502409571928e-07,
    "val/dynamics_z": 0.0,
    "val/loss": 1.4915064290766096e-05,
    "val/reconstruction": 4.2908000087252886e-06,
    "val/regularization": 1.0102414041083614e-05
}