{
    "val/dynamics_x": 6.128540128219617e-07,
    "val/dynamics_z": 0.0,
    "val/loss": 1.6920750496284273e-05,
    "val/reconstruction": 6.168902572935417e-06,
    "val/regularization": 1.0138993910526896e-05
}