{
    "val/dynamics_x": 4.221695455836369e-07,
    "val/dynamics_z": 0.0,
    "val/loss": 1.1509538128340446e-05,
    "val/reconstruction": 1.276621726069749e-06,
    "val/regularization": 9.810746856687061e-06
}