{
    "val/dynamics_x": 2.9106738885148496e-06,
    "val/dynamics_z": 0.0,
    "val/loss": 2.14250609948493e-05,
    "val/reconstruction": 3.851398370015199e-06,
    "val/regularization": 1.466298873631925e-05
}