{
    "val/dynamics_x": 4.101778422766077e-07,
    "val/dynamics_z": 0.0,
    "val/loss": 1.2278519182989632e-05,
    "val/reconstruction": 2.093706045061176e-06,
    "val/regularization": 9.774635295651848e-06
}