{
    "val/dynamics_x": 9.882061149609429e-07,
    "val/dynamics_z": 0.0,
    "val/loss": 1.5269205198575788e-05,
    "val/reconstruction": 3.1374027516304743e-06,
    "val/regularization": 1.114359633198437e-05
}