{
    "val/dynamics_x": 6.004462825275018e-07,
    "val/dynamics_z": 0.0,
    "val/loss": 1.3928919753552612e-05,
    "val/reconstruction": 2.8701629604438368e-06,
    "val/regularization": 1.0458310510581274e-05
}