{
    "val/dynamics_x": 6.771381125242406e-07,
    "val/dynamics_z": 0.0,
    "val/loss": 1.3662289512656235e-05,
    "val/reconstruction": 2.198638729925721e-06,
    "val/regularization": 1.0786512670206273e-05
}