{
    "val/dynamics_x": 4.779460847315093e-07,
    "val/dynamics_z": 0.0,
    "val/loss": 1.4372542958286788e-05,
    "val/reconstruction": 4.045128374943248e-06,
    "val/regularization": 9.84946849861203e-06
}