{
    "val/dynamics_x": 1.683158709528372e-06,
    "val/dynamics_z": 0.0,
    "val/loss": 1.6012289382220208e-05,
    "val/reconstruction": 2.2558607557434674e-06,
    "val/regularization": 1.2073269916948368e-05
}