{
    "val/dynamics_x": 1.231013969508136e-06,
    "val/dynamics_z": 0.0,
    "val/loss": 1.41881492344968e-05,
    "val/reconstruction": 1.387318257234027e-06,
    "val/regularization": 1.1569817007754638e-05
}