{
    "val/dynamics_x": 0.0008262429266552211,
    "val/dynamics_z": 0.0,
    "val/loss": 0.035912756551810886,
    "val/reconstruction": 0.03508651362515566
}