{
    "val/dynamics_x": 0.000844988743499296,
    "val/dynamics_z": 0.0,
    "val/loss": 0.03603900145418869,
    "val/reconstruction": 0.03519401271068939
}