{
    "val/dynamics_x": 1.927778729096712e-06,
    "val/dynamics_z": 0.0,
    "val/loss": 2.0099489788246546e-05,
    "val/reconstruction": 4.045746058633321e-06,
    "val/regularization": 1.4125965000516511e-05
}