{
    "val/dynamics_x": 6.589506199532848e-07,
    "val/dynamics_z": 0.0,
    "val/loss": 1.8689542850534066e-05,
    "val/reconstruction": 8.441101968858319e-06,
    "val/regularization": 9.589490261722464e-06
}