{
    "val/dynamics_x": 5.582997590124107e-07,
    "val/dynamics_z": 0.0,
    "val/loss": 1.2454561340084587e-05,
    "val/reconstruction": 2.6475496605931045e-06,
    "val/regularization": 9.248711920479071e-06
}