{
    "val/dynamics_x": 0.01999233104288578,
    "val/dynamics_z": 0.0,
    "val/loss": 0.23598669469356537,
    "val/reconstruction": 0.21597932279109955,
    "val/regularization": 1.5031061593617778e-05
}