{
    "val/dynamics_x": 0.012855296023190022,
    "val/dynamics_z": 0.0,
    "val/loss": 0.1949145346879959,
    "val/reconstruction": 0.1820446252822876,
    "val/regularization": 1.462461568735307e-05
}