{
    "val/dynamics_x": 0.019962919875979424,
    "val/dynamics_z": 0.0,
    "val/loss": 0.19107794761657715,
    "val/reconstruction": 0.1710994690656662,
    "val/regularization": 1.5549399904557504e-05
}