{
    "val/dynamics_x": 0.06154284626245499,
    "val/dynamics_z": 0.0,
    "val/loss": 1.068892478942871,
    "val/reconstruction": 1.007331371307373,
    "val/regularization": 1.8194024960394017e-05
}