{
    "val/dynamics_x": 0.01005959790199995,
    "val/dynamics_z": 0.0,
    "val/loss": 0.1310528665781021,
    "val/reconstruction": 0.12097877264022827,
    "val/regularization": 1.4495676623482723e-05
}