{
    "val/dynamics_x": 0.0008548058835240103,
    "val/dynamics_z": 0.0,
    "val/loss": 0.03702700145972695,
    "val/reconstruction": 0.03617219557620294
}