{
    "val/dynamics_x": 4.772204647451872e-06,
    "val/dynamics_z": 2.4645869416417554e-06,
    "val/loss": 7.983010618772823e-06,
    "val/reconstruction": 7.46219029679196e-07
}