{
    "val/dynamics_x": 4.614578756445553e-06,
    "val/dynamics_z": 2.413171841908479e-06,
    "val/loss": 7.647318852832541e-06,
    "val/reconstruction": 6.195685386956029e-07
}