{
    "val/dynamics_x": 4.3223330976616126e-06,
    "val/dynamics_z": 2.333725433345535e-06,
    "val/loss": 7.123077921278309e-06,
    "val/reconstruction": 4.6702010081389744e-07
}