{
    "val/dynamics_x": 7.696417924307752e-06,
    "val/dynamics_z": 3.422926738494425e-06,
    "val/loss": 1.329374936176464e-05,
    "val/reconstruction": 1.7374229628330795e-06,
    "val/regularization": 4.3698327090169187e-07
}