{
    "val/dynamics_x": 5.137805146659957e-06,
    "val/dynamics_z": 3.0326214073284063e-06,
    "val/loss": 9.330431566922925e-06,
    "val/reconstruction": 7.217989832497551e-07,
    "val/regularization": 4.3820503492497664e-07
}