{
    "val/dynamics_x": 5.038852123107063e-06,
    "val/dynamics_z": 2.492504791007377e-06,
    "val/loss": 8.24209473648807e-06,
    "val/reconstruction": 7.107383339644002e-07
}