{
    "val/dynamics_x": 9.993982530431822e-06,
    "val/dynamics_z": 2.612282287373091e-06,
    "val/loss": 1.4300547263701446e-05,
    "val/reconstruction": 1.6942818774623447e-06
}