{
    "val/dynamics_x": 7.999127774382941e-06,
    "val/dynamics_z": 3.416077333895373e-06,
    "val/loss": 1.354210326098837e-05,
    "val/reconstruction": 1.690161639089638e-06,
    "val/regularization": 4.3673554728229647e-07
}