{
    "val/dynamics_x": 6.424073944799602e-06,
    "val/dynamics_z": 3.35350637215015e-06,
    "val/loss": 1.1521959095261991e-05,
    "val/reconstruction": 1.3072341289444012e-06,
    "val/regularization": 4.3714365460800764e-07
}