{
    "val/dynamics_x": 4.794859250978334e-06,
    "val/dynamics_z": 2.679730187082896e-06,
    "val/loss": 8.661550054966938e-06,
    "val/reconstruction": 7.467482987522089e-07,
    "val/regularization": 4.402113802370877e-07
}