{
    "val/dynamics_x": 8.537898793292698e-06,
    "val/dynamics_z": 3.5520029086910654e-06,
    "val/loss": 1.4750071386515629e-05,
    "val/reconstruction": 2.222847342636669e-06,
    "val/regularization": 4.373220860998117e-07
}