{
    "val/dynamics_x": 4.530956630333094e-06,
    "val/dynamics_z": 2.5160957193293143e-06,
    "val/loss": 7.54507937017479e-06,
    "val/reconstruction": 4.980259973308421e-07
}