{
    "val/dynamics_x": 5.194656750973081e-06,
    "val/dynamics_z": 3.0037590477149934e-06,
    "val/loss": 9.444237548450474e-06,
    "val/reconstruction": 8.074120501078141e-07,
    "val/regularization": 4.384090459552681e-07
}