{
    "val/dynamics_x": 7.490261850762181e-06,
    "val/dynamics_z": 2.4478090381307993e-06,
    "val/loss": 1.108154629037017e-05,
    "val/reconstruction": 1.143475287790352e-06
}