{
    "val/dynamics_x": 5.060307557869237e-06,
    "val/dynamics_z": 2.8823744742112467e-06,
    "val/loss": 9.211467840941623e-06,
    "val/reconstruction": 8.298115403704287e-07,
    "val/regularization": 4.3897324530917103e-07
}