{
    "val/dynamics_x": 3.1589641735555e-07,
    "val/dynamics_z": 0.0,
    "val/loss": 1.0760369800158133e-05,
    "val/reconstruction": 3.02229451020225e-06,
    "val/regularization": 7.422178872600334e-06
}