{
    "val/dynamics_x": 3.05328920727531e-07,
    "val/dynamics_z": 0.0,
    "val/loss": 1.0136467891077807e-05,
    "val/reconstruction": 2.5350934730121693e-06,
    "val/regularization": 7.296045497338105e-06
}