{
    "val/dynamics_x": 1.937349833531373e-07,
    "val/dynamics_z": 0.0,
    "val/loss": 1.1465519058344055e-06,
    "val/reconstruction": 9.528169224812681e-07
}