{
    "val/dynamics_x": 2.42006836336812e-07,
    "val/dynamics_z": 0.0,
    "val/loss": 1.0440132864473092e-05,
    "val/reconstruction": 3.369180401352592e-06,
    "val/regularization": 6.82894562678369e-06
}