{
    "val/dynamics_x": 2.6090985558719297e-07,
    "val/dynamics_z": 0.0,
    "val/loss": 9.491775767827612e-06,
    "val/reconstruction": 2.381264928674198e-06,
    "val/regularization": 6.849600983566222e-06
}