{
    "val/dynamics_x": 1.977628497203382e-07,
    "val/dynamics_z": 0.0,
    "val/loss": 8.86827123840084e-06,
    "val/reconstruction": 1.7078759043761127e-06,
    "val/regularization": 6.962632484304389e-06
}