{
    "val/dynamics_x": 1.5913672799968286e-07,
    "val/dynamics_z": 0.0,
    "val/loss": 7.5415868302690395e-06,
    "val/reconstruction": 5.720791712862306e-07,
    "val/regularization": 6.810370930983126e-06
}