{
    "val/dynamics_x": 3.1547971156765223e-07,
    "val/dynamics_z": 0.0,
    "val/loss": 8.82883549673421e-06,
    "val/reconstruction": 8.831680987566749e-07,
    "val/regularization": 7.630187686409884e-06
}