{
    "val/dynamics_x": 2.244728795012729e-07,
    "val/dynamics_z": 0.0,
    "val/loss": 7.759421180886366e-06,
    "val/reconstruction": 6.583125558987467e-07,
    "val/regularization": 6.876635745486347e-06
}