{
    "val/dynamics_x": 1.8561217430865786e-07,
    "val/dynamics_z": 0.0,
    "val/loss": 8.65462380784533e-06,
    "val/reconstruction": 1.5777795047548452e-06,
    "val/regularization": 6.891232128781828e-06
}