{
    "val/dynamics_x": 1.7806047721558786e-07,
    "val/dynamics_z": 0.0,
    "val/loss": 8.148256294464735e-07,
    "val/reconstruction": 6.367651522308857e-07
}