{
    "val/dynamics_x": 3.348741870468075e-07,
    "val/dynamics_z": 8.288052555371905e-08,
    "val/loss": 1.4553146456819377e-06,
    "val/reconstruction": 1.9717641919214657e-07,
    "val/regularization": 8.403839615311881e-07
}