{
    "val/dynamics_x": 2.1864632344659185e-06,
    "val/dynamics_z": 6.466275692673662e-08,
    "val/loss": 4.084546162630431e-06,
    "val/reconstruction": 4.6929895347602724e-07,
    "val/regularization": 1.3641210898640566e-06
}