{
    "val/dynamics_x": 3.486510138372978e-07,
    "val/dynamics_z": 2.7024926296803642e-08,
    "val/loss": 1.6511930880369619e-06,
    "val/reconstruction": 1.6278616499221243e-07,
    "val/regularization": 1.1127306152047822e-06
}