{
    "val/dynamics_x": 6.921418389538303e-07,
    "val/dynamics_z": 1.353347585109077e-07,
    "val/loss": 1.846234340519004e-06,
    "val/reconstruction": 2.2815657985120197e-07,
    "val/regularization": 7.906011205704999e-07
}