{
    "val/dynamics_x": 5.047004378866404e-07,
    "val/dynamics_z": 4.3826943851854594e-08,
    "val/loss": 1.8184164218837395e-06,
    "val/reconstruction": 2.83290091829258e-07,
    "val/regularization": 9.865989341051318e-07
}