{
    "val/dynamics_x": 2.8466522508097114e-06,
    "val/dynamics_z": 3.699664574696726e-08,
    "val/loss": 4.485795670916559e-06,
    "val/reconstruction": 6.074907332731527e-07,
    "val/regularization": 9.946562613549759e-07
}