{
    "val/dynamics_x": 3.7815536302332475e-07,
    "val/dynamics_z": 5.0594046285823424e-08,
    "val/loss": 1.3956533848613617e-06,
    "val/reconstruction": 1.6495043553277355e-07,
    "val/regularization": 8.019536039682862e-07
}