{
    "val/dynamics_x": 3.2633013802296773e-07,
    "val/dynamics_z": 4.610406989513649e-08,
    "val/loss": 1.5012763014965458e-06,
    "val/reconstruction": 1.5104022565992636e-07,
    "val/regularization": 9.778017329153954e-07
}