{
    "val/dynamics_x": 1.0947877626676927e-06,
    "val/dynamics_z": 2.9709404714139964e-08,
    "val/loss": 1.7295919860771392e-06,
    "val/reconstruction": 6.050947263247508e-07
}