{
    "val/dynamics_x": 1.7904415017255815e-07,
    "val/dynamics_z": 4.279447907151734e-09,
    "val/loss": 3.395822147922445e-07,
    "val/reconstruction": 1.562586078307504e-07
}