{
    "val/dynamics_x": 2.254949436064635e-07,
    "val/dynamics_z": 4.241323736664526e-09,
    "val/loss": 3.774477761453454e-07,
    "val/reconstruction": 1.4771147505143745e-07
}