{
    "val/dynamics_x": 7.82195093051996e-06,
    "val/dynamics_z": 2.6366409500155896e-08,
    "val/loss": 9.504941772320308e-06,
    "val/reconstruction": 1.6566251588301384e-06
}