{
    "val/dynamics_x": 2.3989392161638534e-07,
    "val/dynamics_z": 2.148503597254603e-08,
    "val/loss": 1.3914863075115136e-06,
    "val/reconstruction": 1.3475747095981205e-07,
    "val/regularization": 9.953498647519154e-07
}