{
    "val/dynamics_x": 2.401718506518018e-07,
    "val/dynamics_z": 0.0,
    "val/loss": 8.371706476183527e-06,
    "val/reconstruction": 8.131534625531725e-06
}