{
    "val/dynamics_x": 1.0540764600091307e-06,
    "val/dynamics_z": 0.0,
    "val/loss": 1.97786760155363e-05,
    "val/reconstruction": 7.4056685377928455e-06,
    "val/regularization": 1.1318931017734326e-05
}