{
    "val/dynamics_x": 3.5109431995343347e-07,
    "val/dynamics_z": 0.0,
    "val/loss": 9.627178968186992e-06,
    "val/reconstruction": 1.7945548167348711e-06,
    "val/regularization": 7.481529831498686e-06
}