{
    "val/dynamics_x": 1.9888274422924774e-07,
    "val/dynamics_z": 0.0,
    "val/loss": 2.043021167556399e-06,
    "val/reconstruction": 1.8441384233271512e-06
}