{
    "val/dynamics_x": 6.778636268206035e-07,
    "val/dynamics_z": 0.0,
    "val/loss": 1.5709951377241955e-05,
    "val/reconstruction": 6.654157792075101e-06,
    "val/regularization": 8.377929958346249e-06
}