{
    "val/dynamics_x": 2.4981454816040995e-07,
    "val/dynamics_z": 0.0,
    "val/loss": 1.1251793552427984e-05,
    "val/reconstruction": 3.7569465645138414e-06,
    "val/regularization": 7.245032439753731e-06
}