{
    "val/dynamics_x": 1.85671159853729e-07,
    "val/dynamics_z": 0.0,
    "val/loss": 7.704747928581798e-06,
    "val/reconstruction": 4.2736566728096586e-07,
    "val/regularization": 7.0917111014471035e-06
}