{
    "val/dynamics_x": 3.6081413961744535e-07,
    "val/dynamics_z": 0.0,
    "val/loss": 8.445134452385662e-06,
    "val/reconstruction": 5.393639136850677e-07,
    "val/regularization": 7.544956399083149e-06
}