{
    "val/dynamics_x": 2.1467003573022985e-07,
    "val/dynamics_z": 0.0,
    "val/loss": 7.969303400521301e-06,
    "val/reconstruction": 5.67523857723873e-07,
    "val/regularization": 7.187109507067198e-06
}