{
    "val/dynamics_x": 2.575039920058715e-07,
    "val/dynamics_z": 0.0,
    "val/loss": 1.441482526030292e-05,
    "val/reconstruction": 7.044161208731987e-06,
    "val/regularization": 7.113160059565062e-06
}