{
    "val/dynamics_x": 6.48304286919591e-07,
    "val/dynamics_z": 0.0,
    "val/loss": 1.2913259516595301e-05,
    "val/reconstruction": 4.384733563191371e-06,
    "val/regularization": 7.88022166648434e-06
}