{
    "val/dynamics_x": 2.538479766712138e-07,
    "val/dynamics_z": 0.0,
    "val/loss": 8.261876660956562e-06,
    "val/reconstruction": 7.289557643922884e-07,
    "val/regularization": 7.27907291989306e-06
}