{
    "val/dynamics_x": 4.2568331484529043e-07,
    "val/dynamics_z": 0.0,
    "val/loss": 9.357011937114595e-06,
    "val/reconstruction": 1.3172579098240421e-06,
    "val/regularization": 7.6140707124452625e-06
}