{
    "val/dynamics_x": 5.831903354287554e-07,
    "val/dynamics_z": 0.0,
    "val/loss": 1.3226811586118966e-05,
    "val/reconstruction": 4.844345441852799e-06,
    "val/regularization": 7.799275808837411e-06
}