{
    "val/dynamics_x": 7.948487817604959e-07,
    "val/dynamics_z": 0.0,
    "val/loss": 1.4049064222307435e-05,
    "val/reconstruction": 3.6460965708255274e-06,
    "val/regularization": 9.608118869721412e-06
}