{
    "val/dynamics_x": 1.0516226278130172e-06,
    "val/dynamics_z": 0.0,
    "val/loss": 1.7543068845493052e-05,
    "val/reconstruction": 4.5041035577459776e-06,
    "val/regularization": 1.1987342659934058e-05
}