{
    "val/dynamics_x": 2.0913017126270767e-07,
    "val/dynamics_z": 0.0,
    "val/loss": 9.635093033885151e-06,
    "val/reconstruction": 2.4309135232801556e-06,
    "val/regularization": 6.995049339342289e-06
}