{
    "val/dynamics_x": 1.7699562137556007e-07,
    "val/dynamics_z": 0.0,
    "val/loss": 7.902542877775074e-06,
    "val/reconstruction": 8.152403410187908e-07,
    "val/regularization": 6.910306915380724e-06
}