{
    "val/dynamics_x": 1.6908935970838887e-07,
    "val/dynamics_z": 0.0,
    "val/loss": 7.859466601349242e-06,
    "val/reconstruction": 8.690879961263044e-07,
    "val/regularization": 6.821289245514549e-06
}