{
    "val/dynamics_x": 1.5744620309954272e-07,
    "val/dynamics_z": 0.0,
    "val/loss": 7.649916648150624e-06,
    "val/reconstruction": 6.910144360569019e-07,
    "val/regularization": 6.801456008994177e-06
}