{
    "val/dynamics_x": 1.9883975254011003e-07,
    "val/dynamics_z": 0.0,
    "val/loss": 9.203564228573078e-06,
    "val/reconstruction": 2.1639711761558456e-06,
    "val/regularization": 6.840753299877123e-06
}