{
    "val/dynamics_x": 1.6516990245385445e-07,
    "val/dynamics_z": 0.0,
    "val/loss": 7.900853472626835e-06,
    "val/reconstruction": 9.386786879483017e-07,
    "val/regularization": 6.79700488222468e-06
}