{
    "val/dynamics_x": 1.55199498164201e-07,
    "val/dynamics_z": 0.0,
    "val/loss": 8.852932297751268e-06,
    "val/reconstruction": 1.8362867889430992e-06,
    "val/regularization": 6.86144601064397e-06
}