{
    "val/dynamics_x": 2.0259337893758327e-07,
    "val/dynamics_z": 0.0,
    "val/loss": 9.836226087282663e-06,
    "val/reconstruction": 2.574121935152692e-06,
    "val/regularization": 7.059510773192387e-06
}