{
    "val/dynamics_x": 1.987144606642175e-07,
    "val/dynamics_z": 0.0,
    "val/loss": 7.747133323200437e-06,
    "val/reconstruction": 7.589238662732783e-07,
    "val/regularization": 6.78949499626294e-06
}