{
    "val/dynamics_x": 2.14118926905254e-07,
    "val/dynamics_z": 0.0,
    "val/loss": 8.152632117489214e-06,
    "val/reconstruction": 1.0048238683690358e-06,
    "val/regularization": 6.933689322214924e-06
}