{
    "val/dynamics_x": 2.811250082322424e-07,
    "val/dynamics_z": 0.0,
    "val/loss": 9.336676405621887e-06,
    "val/reconstruction": 1.8472546711921072e-06,
    "val/regularization": 7.2082967261975385e-06
}