{
    "val/dynamics_x": 3.4889281799561364e-07,
    "val/dynamics_z": 0.0,
    "val/loss": 9.237094299261982e-06,
    "val/reconstruction": 1.7334266163923363e-06,
    "val/regularization": 7.154774864874031e-06
}