{
    "val/dynamics_x": 1.4240481946809306e-06,
    "val/dynamics_z": 0.0,
    "val/loss": 1.9647513103290762e-05,
    "val/reconstruction": 9.7381066890955e-06,
    "val/regularization": 8.485358219514328e-06
}