{
    "val/dynamics_x": 3.36256561595172e-07,
    "val/dynamics_z": 0.0,
    "val/loss": 1.205597046725235e-05,
    "val/reconstruction": 4.695538917751685e-06,
    "val/regularization": 7.024174987905492e-06
}