{
    "val/dynamics_x": 2.8993595050360104e-07,
    "val/dynamics_z": 0.0,
    "val/loss": 8.470391311026415e-06,
    "val/reconstruction": 1.0769812160670309e-06,
    "val/regularization": 7.103474144455783e-06
}