{
    "val/dynamics_x": 2.074202094929477e-06,
    "val/dynamics_z": 0.0,
    "val/loss": 9.471520066482317e-06,
    "val/reconstruction": 1.1207357662958191e-06,
    "val/regularization": 6.276582205257021e-06
}