{
    "val/dynamics_x": 2.0778141548818563e-06,
    "val/dynamics_z": 0.0,
    "val/loss": 1.3015705977281974e-05,
    "val/reconstruction": 5.269111094433433e-06,
    "val/regularization": 5.6687807279666856e-06
}