{
    "val/dynamics_x": 2.072599319865453e-06,
    "val/dynamics_z": 0.0,
    "val/loss": 9.669898703394787e-06,
    "val/reconstruction": 1.7915791903882808e-06,
    "val/regularization": 5.805720193141054e-06
}