{
    "val/dynamics_x": 2.2600002778785824e-06,
    "val/dynamics_z": 0.0,
    "val/loss": 1.3786352506210783e-05,
    "val/reconstruction": 1.9909289802915292e-06,
    "val/regularization": 9.535423248040671e-06
}