{
    "val/dynamics_x": 2.2002704054880566e-06,
    "val/dynamics_z": 0.0,
    "val/loss": 1.047243921327463e-05,
    "val/reconstruction": 1.8220821495525937e-06,
    "val/regularization": 6.45008665823398e-06
}