{
    "val/dynamics_x": 2.504910104113078e-06,
    "val/dynamics_z": 0.0,
    "val/loss": 1.6836504277046433e-05,
    "val/reconstruction": 5.500265555502113e-06,
    "val/regularization": 8.831328617431244e-06
}