{
    "val/dynamics_x": 2.091721643743169e-06,
    "val/dynamics_z": 0.0,
    "val/loss": 1.379083755838803e-05,
    "val/reconstruction": 4.14828349070157e-06,
    "val/regularization": 7.550832423943292e-06
}