{
    "val/dynamics_x": 2.5085518096880372e-06,
    "val/dynamics_z": 0.0,
    "val/loss": 2.040149148430199e-05,
    "val/reconstruction": 2.9802844192715914e-06,
    "val/regularization": 1.4912655255342358e-05
}