{
    "val/dynamics_x": 2.382028192755685e-06,
    "val/dynamics_z": 0.0,
    "val/loss": 1.1379899197317282e-05,
    "val/reconstruction": 2.126596950975168e-06,
    "val/regularization": 6.871274053586428e-06
}