{
    "val/dynamics_x": 2.0448662971161245e-06,
    "val/dynamics_z": 0.0,
    "val/loss": 1.113772287155865e-05,
    "val/reconstruction": 2.9912660207795355e-06,
    "val/regularization": 6.101590553662989e-06
}