{
    "val/dynamics_x": 4.917769556219292e-06,
    "val/dynamics_z": 0.0,
    "val/loss": 3.4826766399009544e-05,
    "val/reconstruction": 1.0931563735847565e-05,
    "val/regularization": 1.8977433106942683e-05
}