{
    "val/dynamics_x": 2.4064996963153477e-06,
    "val/dynamics_z": 0.0,
    "val/loss": 2.617960399719447e-05,
    "val/reconstruction": 1.5557298303841786e-05,
    "val/regularization": 8.215805997037338e-06
}