{
    "val/dynamics_x": 2.560553098876913e-06,
    "val/dynamics_z": 0.0,
    "val/loss": 2.17605337709132e-05,
    "val/reconstruction": 8.801558874099577e-06,
    "val/regularization": 1.0398421797936706e-05
}