{
    "val/dynamics_x": 2.6120246331750424e-06,
    "val/dynamics_z": 0.0,
    "val/loss": 1.907907279833525e-05,
    "val/reconstruction": 4.6765154994181925e-06,
    "val/regularization": 1.1790532665742019e-05
}