{
    "val/dynamics_x": 2.0043455929704086e-06,
    "val/dynamics_z": 0.0,
    "val/loss": 1.0333642409466867e-05,
    "val/reconstruction": 2.379347262866875e-06,
    "val/regularization": 5.949949553629583e-06
}