{
    "val/dynamics_x": 2.4123439317681534e-06,
    "val/dynamics_z": 0.0,
    "val/loss": 1.30961292224045e-05,
    "val/reconstruction": 3.5190590819381652e-06,
    "val/regularization": 7.1647262086981826e-06
}