{
    "val/dynamics_x": 0.0007705124295683071,
    "val/dynamics_z": 0.0,
    "val/loss": 0.03565031798486198,
    "val/reconstruction": 0.03486959720627355,
    "val/regularization": 1.0208349020125978e-05,
    "train/dynamics_x": 2.4367846142273093e-06,
    "train/dynamics_z": 0.0,
    "train/loss": 1.3796108539867408e-05,
    "train/reconstruction": 1.1503226852959845e-06,
    "train/regularization": 1.020900124034411e-05
}