{
    "val/dynamics_x": 0.0008516037136155662,
    "val/dynamics_z": 0.0,
    "val/loss": 0.03641803101747779,
    "val/reconstruction": 0.035559047201533335,
    "val/regularization": 7.38010232888113e-06
}