{
    "val/dynamics_x": 0.0011187904274752656,
    "val/dynamics_z": 0.0,
    "val/loss": 0.036899938322013964,
    "val/reconstruction": 0.0357811478945387
}