{
    "val/dynamics_x": 0.0009968283358378462,
    "val/dynamics_z": 0.0,
    "val/loss": 0.038549564677236116,
    "val/reconstruction": 0.03755273634139827
}