{
    "val/dynamics_x": 0.0007357114515700107,
    "val/dynamics_z": 0.0,
    "val/loss": 0.03280479076841149,
    "val/reconstruction": 0.03206907931684148
}