{
    "val/dynamics_x": 8.400401178388773e-07,
    "val/dynamics_z": 0.0,
    "val/loss": 1.5414744769417984e-05,
    "val/reconstruction": 7.173289116719995e-06,
    "val/regularization": 7.4014155348591114e-06
}