{
    "val/dynamics_x": 2.5150132609341105e-07,
    "val/dynamics_z": 0.0,
    "val/loss": 8.98966390375201e-06,
    "val/reconstruction": 1.463031694895295e-06,
    "val/regularization": 7.275130882763303e-06
}