{
    "val/dynamics_x": 2.9686137915028667e-07,
    "val/dynamics_z": 0.0,
    "val/loss": 1.0173035117096086e-05,
    "val/reconstruction": 2.5839681180877665e-06,
    "val/regularization": 7.292205619858034e-06
}