{
    "val/dynamics_x": 2.908594078138469e-07,
    "val/dynamics_z": 0.0,
    "val/loss": 9.935108678330862e-06,
    "val/reconstruction": 2.059030033656503e-06,
    "val/regularization": 7.58521923686051e-06
}