{
    "val/dynamics_x": 3.4552921462945555e-07,
    "val/dynamics_z": 0.0,
    "val/loss": 1.2025931427026032e-05,
    "val/reconstruction": 3.42201534942559e-06,
    "val/regularization": 8.258386862970986e-06
}