{
    "val/dynamics_x": 2.3686884582978063e-07,
    "val/dynamics_z": 0.0,
    "val/loss": 8.204044521396579e-06,
    "val/reconstruction": 5.467641908184541e-07,
    "val/regularization": 7.420411484748345e-06
}