{
    "val/dynamics_x": 3.8238857637120144e-07,
    "val/dynamics_z": 0.0,
    "val/loss": 1.1602425922303894e-05,
    "val/reconstruction": 3.4630130735301753e-06,
    "val/regularization": 7.757024272402517e-06
}