{
    "val/dynamics_x": 3.83509449039905e-07,
    "val/dynamics_z": 0.0,
    "val/loss": 2.6280330891862343e-06,
    "val/reconstruction": 2.2445236401463292e-06
}