{
    "val/dynamics_x": 8.238926666161745e-07,
    "val/dynamics_z": 0.0,
    "val/loss": 1.4097397408602148e-05,
    "val/reconstruction": 1.5427427116682714e-06,
    "val/regularization": 1.17307620303177e-05
}