{
    "val/dynamics_x": 2.3641727347295017e-07,
    "val/dynamics_z": 0.0,
    "val/loss": 1.0340374250169025e-05,
    "val/reconstruction": 2.4734981180908247e-06,
    "val/regularization": 7.630458858605251e-06
}