{
    "val/dynamics_x": 2.879332695514071e-07,
    "val/dynamics_z": 0.0,
    "val/loss": 9.567977898764415e-06,
    "val/reconstruction": 1.9685583398881097e-06,
    "val/regularization": 7.311486289324899e-06
}