{
    "val/dynamics_x": 2.3340746288500382e-07,
    "val/dynamics_z": 0.0,
    "val/loss": 9.455395025362532e-06,
    "val/reconstruction": 1.7229847154670612e-06,
    "val/regularization": 7.499002847010466e-06
}