{
    "val/dynamics_x": 5.665670469842843e-07,
    "val/dynamics_z": 0.0,
    "val/loss": 1.7777972025803705e-05,
    "val/reconstruction": 8.675379303948184e-06,
    "val/regularization": 8.536025674871237e-06
}