{
    "val/dynamics_x": 2.8855479088565493e-07,
    "val/dynamics_z": 0.0,
    "val/loss": 9.4082074717163e-06,
    "val/reconstruction": 1.6629881450611817e-06,
    "val/regularization": 7.456664535769463e-06
}