{
    "val/dynamics_x": 2.130671746633066e-07,
    "val/dynamics_z": 0.0,
    "val/loss": 2.1467437917405955e-06,
    "val/reconstruction": 1.933676617077289e-06,
    "train/dynamics_x": 2.1086669475190104e-07,
    "train/dynamics_z": 0.0,
    "train/loss": 9.084019002423131e-06,
    "train/reconstruction": 1.6856194248555458e-06,
    "train/regularization": 7.187532882815683e-06
}