{
    "val/dynamics_x": 4.6979444261115253e-07,
    "val/dynamics_z": 0.0,
    "val/loss": 1.0991980486786224e-05,
    "val/reconstruction": 2.288143993033521e-06,
    "val/regularization": 8.234042051141552e-06
}