{
    "val/dynamics_x": 1.0719254314171865e-06,
    "val/dynamics_z": 0.0,
    "val/loss": 1.7938031478857773e-05,
    "val/reconstruction": 4.889830397184073e-06,
    "val/regularization": 1.1976275650256515e-05
}