{
    "val/dynamics_x": 1.8086766001457523e-06,
    "val/dynamics_z": 0.0,
    "val/loss": 3.0997630867621396e-05,
    "val/reconstruction": 1.256386455513239e-05,
    "val/regularization": 1.6625089712343258e-05
}