{
    "val/dynamics_x": 2.130671746633066e-07,
    "val/dynamics_z": 0.0,
    "val/loss": 2.1467437917405955e-06,
    "val/reconstruction": 1.933676617077289e-06
}