{
    "val/dynamics_x": 4.111076151626822e-07,
    "val/dynamics_z": 0.0,
    "val/loss": 3.152850928274842e-05,
    "val/reconstruction": 2.3625206646713028e-05,
    "val/regularization": 7.492195020872712e-06
}