{
    "val/dynamics_x": 2.0372793683749127e-07,
    "val/dynamics_z": 0.0,
    "val/loss": 8.093228257063553e-06,
    "val/reconstruction": 6.196320438574679e-07,
    "val/regularization": 7.269868276368593e-06
}