{
    "val/dynamics_x": 4.2081382945684223e-07,
    "val/dynamics_z": 0.0,
    "val/loss": 1.237150748316897e-05,
    "val/reconstruction": 3.852912507997684e-06,
    "val/regularization": 8.097781145714443e-06
}