{
    "val/dynamics_x": 2.415355078548254e-07,
    "val/dynamics_z": 0.0,
    "val/loss": 1.3260540513488112e-05,
    "val/reconstruction": 5.650239417923084e-06,
    "val/regularization": 7.368765587710204e-06
}