{
    "val/dynamics_x": 3.1572512612935234e-07,
    "val/dynamics_z": 0.0,
    "val/loss": 1.1108317634893823e-05,
    "val/reconstruction": 2.9067513009081635e-06,
    "val/regularization": 7.885841207856307e-06
}