{
    "val/dynamics_x": 1.991384445721842e-07,
    "val/dynamics_z": 0.0,
    "val/loss": 8.40792541939534e-06,
    "val/reconstruction": 9.67666580546077e-07,
    "val/regularization": 7.241120394277078e-06
}