{
    "val/dynamics_x": 2.6913857465756857e-07,
    "val/dynamics_z": 0.0,
    "val/loss": 1.0618114930983217e-05,
    "val/reconstruction": 2.7514391840302457e-06,
    "val/regularization": 7.597537172295403e-06
}