{
    "val/dynamics_x": 1.3225167425470084e-06,
    "val/dynamics_z": 0.0,
    "val/loss": 1.753972045170149e-05,
    "val/reconstruction": 2.758812137337808e-06,
    "val/regularization": 1.3458391571816674e-05
}