{
    "val/dynamics_x": 5.679792298056214e-07,
    "val/dynamics_z": 0.0,
    "val/loss": 1.633687520094078e-05,
    "val/reconstruction": 7.3442770059325355e-06,
    "val/regularization": 8.424618965202624e-06
}