{
    "val/dynamics_x": 2.3313197523082576e-07,
    "val/dynamics_z": 0.0,
    "val/loss": 8.970716534455993e-06,
    "val/reconstruction": 1.2888888896095447e-06,
    "val/regularization": 7.448695669615623e-06
}