{
    "val/dynamics_x": 3.508960586897825e-07,
    "val/dynamics_z": 0.0,
    "val/loss": 1.8046797529014085e-05,
    "val/reconstruction": 9.968339583995906e-06,
    "val/regularization": 7.727561886328395e-06
}