{
    "val/dynamics_x": 3.7432155443073336e-07,
    "val/dynamics_z": 0.0,
    "val/loss": 1.4120465507059525e-05,
    "val/reconstruction": 6.086162041402901e-06,
    "val/regularization": 7.659981911225892e-06
}