{
    "val/dynamics_x": 2.517690551829219e-07,
    "val/dynamics_z": 0.0,
    "val/loss": 1.143540197118623e-05,
    "val/reconstruction": 3.7765033588164537e-06,
    "val/regularization": 7.407129557186854e-06
}