{
    "val/dynamics_x": 2.9387870011831984e-07,
    "val/dynamics_z": 0.0,
    "val/loss": 8.760233163819494e-06,
    "val/reconstruction": 6.639979638801484e-07,
    "val/regularization": 7.802356499821026e-06
}