{
    "val/dynamics_x": 3.3591044498553376e-07,
    "val/dynamics_z": 0.0,
    "val/loss": 1.0338827247675806e-05,
    "val/reconstruction": 2.0204983376317123e-06,
    "val/regularization": 7.98241846505856e-06
}