{
    "val/dynamics_x": 2.0563994045084147e-07,
    "val/dynamics_z": 0.0,
    "val/loss": 9.020590741349538e-06,
    "val/reconstruction": 1.5142116369180358e-06,
    "val/regularization": 7.300739163980661e-06
}