{
    "val/dynamics_x": 1.799800262660984e-07,
    "val/dynamics_z": 0.0,
    "val/loss": 8.151021203695311e-06,
    "val/reconstruction": 7.561285435766104e-07,
    "val/regularization": 7.214912633852603e-06
}