{
    "val/dynamics_x": 5.935639202310856e-07,
    "val/dynamics_z": 0.0,
    "val/loss": 1.252029336641059e-05,
    "val/reconstruction": 3.239632765618296e-06,
    "val/regularization": 8.687096680561208e-06
}