{
    "val/dynamics_x": 3.967142275748954e-06,
    "val/dynamics_z": 0.0,
    "val/loss": 4.224321010231665e-05,
    "val/reconstruction": 1.66368083671793e-05,
    "val/regularization": 2.1639259459388396e-05
}