{
    "val/dynamics_x": 2.8521899459175115e-07,
    "val/dynamics_z": 0.0,
    "val/loss": 1.019634969888173e-05,
    "val/reconstruction": 2.3673447388245583e-06,
    "val/regularization": 7.54378596546542e-06
}