{
    "val/dynamics_x": 7.733863764174031e-07,
    "val/dynamics_z": 0.0,
    "val/loss": 1.2821339822693722e-05,
    "val/reconstruction": 1.4315151380848833e-06,
    "val/regularization": 1.0616438308191436e-05
}