{
    "val/dynamics_x": 3.8644991934461567e-07,
    "val/dynamics_z": 0.0,
    "val/loss": 1.3812915874084597e-05,
    "val/reconstruction": 3.466643076500993e-06,
    "val/regularization": 9.959822878238989e-06
}