{
    "val/dynamics_x": 3.968605298004614e-07,
    "val/dynamics_z": 0.0,
    "val/loss": 1.728218108474544e-06,
    "val/reconstruction": 1.3313575786740825e-06
}