{
    "val/dynamics_x": 4.4896737875446966e-07,
    "val/dynamics_z": 0.0,
    "val/loss": 1.3084748178511047e-05,
    "val/reconstruction": 2.5676180692914657e-06,
    "val/regularization": 1.0068162730465112e-05
}