{
    "val/dynamics_x": 5.586444599208968e-07,
    "val/dynamics_z": 0.0,
    "val/loss": 1.2247818733870063e-05,
    "val/reconstruction": 1.4984829376378204e-06,
    "val/regularization": 1.0190691336311346e-05
}