{
    "val/dynamics_x": 3.597582654021989e-07,
    "val/dynamics_z": 0.0,
    "val/loss": 1.0766069213565e-05,
    "val/reconstruction": 5.145682917745871e-07,
    "val/regularization": 9.891742656388215e-06
}