{
    "val/dynamics_x": 2.9128136221713496e-06,
    "val/dynamics_z": 0.0,
    "val/loss": 2.236547501745205e-05,
    "val/reconstruction": 2.585640576761537e-06,
    "val/regularization": 1.6867020818519163e-05
}