{
    "val/dynamics_x": 5.053869757576042e-07,
    "val/dynamics_z": 0.0,
    "val/loss": 1.157034086692231e-05,
    "val/reconstruction": 9.131744327181212e-07,
    "val/regularization": 1.0151779458446585e-05
}