{
    "val/dynamics_x": 8.932673264289053e-07,
    "val/dynamics_z": 0.0,
    "val/loss": 1.4798180036291122e-05,
    "val/reconstruction": 2.8160577783409286e-06,
    "val/regularization": 1.1088854931521288e-05
}