{
    "val/dynamics_x": 0.0017063110491567504,
    "val/dynamics_z": 0.0,
    "val/loss": 0.042564409568658174,
    "val/reconstruction": 0.040848905327945564,
    "val/regularization": 9.193191555856973e-06
}