{
    "val/dynamics_x": 2.698025907357642e-07,
    "val/dynamics_z": 0.0,
    "val/loss": 9.20860535908e-06,
    "val/reconstruction": 1.3979026815168596e-06,
    "val/regularization": 7.540900086827376e-06
}