{
    "val/dynamics_x": 1.8075925487879748e-07,
    "val/dynamics_z": 0.0,
    "val/loss": 8.66056335571131e-06,
    "val/reconstruction": 1.3577816074437358e-06,
    "val/regularization": 7.122022493388777e-06
}