{
    "val/dynamics_x": 5.411085068533145e-07,
    "val/dynamics_z": 0.0,
    "val/loss": 1.171565554118369e-05,
    "val/reconstruction": 1.1372605630607484e-06,
    "val/regularization": 1.0037286471269628e-05
}