{
    "val/dynamics_x": 2.0641769209055998e-07,
    "val/dynamics_z": 0.0,
    "val/loss": 1.0137155661320918e-05,
    "val/reconstruction": 2.6806143322087374e-06,
    "val/regularization": 7.25012363702162e-06
}