{
    "val/dynamics_x": 1.563236980185778e-07,
    "val/dynamics_z": 0.0,
    "val/loss": 8.700381072271345e-06,
    "val/reconstruction": 1.5341137814424188e-06,
    "val/regularization": 7.009943592810349e-06
}