{
    "val/dynamics_x": 1.6773777395688665e-07,
    "val/dynamics_z": 0.0,
    "val/loss": 7.580153561124774e-06,
    "val/reconstruction": 3.4040316552495137e-07,
    "val/regularization": 7.072012621642936e-06
}