{
    "val/dynamics_x": 2.4067110836754855e-07,
    "val/dynamics_z": 0.0,
    "val/loss": 9.366516296416606e-06,
    "val/reconstruction": 1.7863773621311908e-06,
    "val/regularization": 7.339467825917866e-06
}