{
    "val/dynamics_x": 7.949299295823053e-07,
    "val/dynamics_z": 0.0,
    "val/loss": 1.5331386397048326e-05,
    "val/reconstruction": 2.5873841041051726e-06,
    "val/regularization": 1.1949072363360847e-05
}