{
    "val/dynamics_x": 3.007488732834792e-07,
    "val/dynamics_z": 0.0,
    "val/loss": 1.065517881962005e-05,
    "val/reconstruction": 2.95911585801351e-06,
    "val/regularization": 7.39531408832306e-06
}