{
    "val/dynamics_x": 2.1216798321005969e-07,
    "val/dynamics_z": 0.0,
    "val/loss": 8.001593599953572e-07,
    "val/reconstruction": 5.879913767852976e-07,
    "train/dynamics_x": 2.501147278155902e-07,
    "train/dynamics_z": 0.0,
    "train/loss": 9.96292884707619e-06,
    "train/reconstruction": 1.9050941429015263e-06,
    "train/regularization": 7.807719976359078e-06
}