{
    "val/dynamics_x": 4.408517339545143e-07,
    "val/dynamics_z": 0.0,
    "val/loss": 2.8703384580184087e-05,
    "val/reconstruction": 1.9896164479579503e-05,
    "val/regularization": 8.36636836665007e-06
}