{
    "val/dynamics_x": 2.1216798321005969e-07,
    "val/dynamics_z": 0.0,
    "val/loss": 8.001593599953572e-07,
    "val/reconstruction": 5.879913767852976e-07
}