{
    "val/dynamics_x": 6.797391342720938e-07,
    "val/dynamics_z": 0.0,
    "val/loss": 1.1891714692726168e-05,
    "val/reconstruction": 1.981458800591292e-06,
    "val/regularization": 9.230516757862781e-06
}