{
    "val/dynamics_x": 5.119557687085174e-07,
    "val/dynamics_z": 0.0,
    "val/loss": 1.0259812600934093e-05,
    "val/reconstruction": 8.450800304924109e-07,
    "val/regularization": 8.902776801733164e-06
}