{
    "val/dynamics_x": 3.956277683547634e-07,
    "val/dynamics_z": 0.0,
    "val/loss": 1.0548192071173998e-05,
    "val/reconstruction": 1.6074402876052584e-06,
    "val/regularization": 8.545124015213977e-06
}