{
    "val/dynamics_x": 1.0605992265596978e-06,
    "val/dynamics_z": 0.0,
    "val/loss": 1.5552322703247045e-05,
    "val/reconstruction": 4.249498118395432e-06,
    "val/regularization": 1.0242225358291914e-05
}