{
    "val/dynamics_x": 2.745935074214149e-07,
    "val/dynamics_z": 0.0,
    "val/loss": 9.131568217314414e-06,
    "val/reconstruction": 8.022781585171495e-07,
    "val/regularization": 8.05469655137585e-06
}