{
    "val/dynamics_x": 8.112931595934493e-07,
    "val/dynamics_z": 0.0,
    "val/loss": 1.4261215458364391e-05,
    "val/reconstruction": 3.793429788111933e-06,
    "val/regularization": 9.656492510659008e-06
}