{
    "val/dynamics_x": 2.4026657339300405e-07,
    "val/dynamics_z": 0.0,
    "val/loss": 8.812921119948142e-06,
    "val/reconstruction": 5.676813437746474e-07,
    "val/regularization": 8.00497320278049e-06
}