{
    "val/dynamics_x": 3.641916293443673e-06,
    "val/dynamics_z": 0.0,
    "val/loss": 3.363168664680228e-05,
    "val/reconstruction": 1.1653811434450585e-05,
    "val/regularization": 1.8335958918908023e-05
}