{
    "val/dynamics_x": 3.9692984981779594e-07,
    "val/dynamics_z": 0.0,
    "val/loss": 9.824331664687662e-06,
    "val/reconstruction": 7.7629431948142e-07,
    "val/regularization": 8.651107495388446e-06
}