{
    "val/dynamics_x": 6.859164417596621e-07,
    "val/dynamics_z": 0.0,
    "val/loss": 1.3587540668887039e-05,
    "val/reconstruction": 3.4591713384365543e-06,
    "val/regularization": 9.442452888690822e-06
}