{
    "val/dynamics_x": 3.967511778419564e-07,
    "val/dynamics_z": 0.0,
    "val/loss": 1.3024109601142748e-05,
    "val/reconstruction": 2.539510068569079e-06,
    "val/regularization": 1.0087848354731713e-05
}