{
    "val/dynamics_x": 3.4635860220376436e-07,
    "val/dynamics_z": 0.0,
    "val/loss": 1.1430927129506135e-05,
    "val/reconstruction": 1.1522733085838462e-06,
    "val/regularization": 9.932295218718524e-06
}