{
    "val/dynamics_x": 7.397886049541317e-07,
    "val/dynamics_z": 0.0,
    "val/loss": 1.469275067396421e-05,
    "val/reconstruction": 2.7449711940451743e-06,
    "val/regularization": 1.1207990874964905e-05
}