{
    "val/dynamics_x": 3.984095418127284e-07,
    "val/dynamics_z": 0.0,
    "val/loss": 1.480473567276255e-05,
    "val/reconstruction": 4.497550781291489e-06,
    "val/regularization": 9.908775349658334e-06
}