{
    "val/dynamics_x": 1.2249473659809907e-06,
    "val/dynamics_z": 0.0,
    "val/loss": 4.153759659234953e-05,
    "val/reconstruction": 2.6802955106276222e-05,
    "val/regularization": 1.3509694120092318e-05
}