{
    "val/dynamics_x": 3.7699828503466247e-07,
    "val/dynamics_z": 0.0,
    "val/loss": 1.1537079982960618e-05,
    "val/reconstruction": 1.1748121678787316e-06,
    "val/regularization": 9.985269530047224e-06
}