{
    "val/dynamics_x": 8.390413015911758e-07,
    "val/dynamics_z": 0.0,
    "val/loss": 1.5220679420338534e-05,
    "val/reconstruction": 2.8222311015379247e-06,
    "val/regularization": 1.1559407017209433e-05
}