{
    "val/dynamics_x": 3.661278563722929e-07,
    "val/dynamics_z": 0.0,
    "val/loss": 2.309604951138663e-06,
    "val/reconstruction": 1.94347709476637e-06
}