{
    "val/dynamics_x": 4.3105815236949506e-07,
    "val/dynamics_z": 0.0,
    "val/loss": 1.2366758503062314e-05,
    "val/reconstruction": 1.7163470348883395e-06,
    "val/regularization": 1.0219353315804478e-05
}