{
    "val/dynamics_x": 7.215034746753902e-07,
    "val/dynamics_z": 0.0,
    "val/loss": 1.6834322594821158e-05,
    "val/reconstruction": 5.1761712477736275e-06,
    "val/regularization": 1.093664787237214e-05
}