{
    "val/dynamics_x": 9.111473062738103e-07,
    "val/dynamics_z": 0.0,
    "val/loss": 1.49987421847973e-05,
    "val/reconstruction": 3.1866753435441835e-06,
    "val/regularization": 1.0900919534979306e-05
}