{
    "val/dynamics_x": 3.506264842694873e-07,
    "val/dynamics_z": 0.0,
    "val/loss": 9.04538155171446e-07,
    "val/reconstruction": 5.539116709019588e-07
}