{
    "val/dynamics_x": 4.591080218597526e-07,
    "val/dynamics_z": 0.0,
    "val/loss": 1.1443707671923101e-05,
    "val/reconstruction": 7.113488493375379e-07,
    "val/regularization": 1.027325080072581e-05
}