{
    "val/dynamics_x": 1.59312474902635e-06,
    "val/dynamics_z": 0.0,
    "val/loss": 2.8005156186921043e-05,
    "val/reconstruction": 1.1296740692933606e-05,
    "val/regularization": 1.5115290744961088e-05
}