{
    "val/dynamics_x": 5.948570616879373e-07,
    "val/dynamics_z": 0.0,
    "val/loss": 1.3809865124346851e-05,
    "val/reconstruction": 2.631542770461787e-06,
    "val/regularization": 1.0583465292197128e-05
}