{
    "val/dynamics_x": 6.120703547698738e-07,
    "val/dynamics_z": 0.0,
    "val/loss": 1.6426586640722984e-06,
    "val/reconstruction": 1.0305883093024248e-06,
    "train/dynamics_x": 4.117512348188458e-07,
    "train/dynamics_z": 0.0,
    "train/loss": 1.0799545179449465e-05,
    "train/reconstruction": 1.6310769410517214e-06,
    "train/regularization": 8.756717003578908e-06
}