{
    "val/dynamics_x": 7.207325621942891e-07,
    "val/dynamics_z": 0.0,
    "val/loss": 2.0637144791350123e-06,
    "val/reconstruction": 1.3429819169407232e-06
}