{
    "val/dynamics_x": 7.988215024915303e-07,
    "val/dynamics_z": 0.0,
    "val/loss": 1.195575325496442e-05,
    "val/reconstruction": 2.264436905471042e-06,
    "val/regularization": 8.892494847001848e-06
}