{
    "val/dynamics_x": 5.999700408599426e-07,
    "val/dynamics_z": 0.0,
    "val/loss": 1.4366968963241733e-05,
    "val/reconstruction": 4.189356636258364e-06,
    "val/regularization": 9.577642286123428e-06
}