{
    "val/dynamics_x": 1.3994439759300998e-06,
    "val/dynamics_z": 0.0,
    "val/loss": 1.3111663268763424e-05,
    "val/reconstruction": 2.8981217215987673e-06,
    "val/regularization": 8.814097571234558e-06
}