{
    "val/dynamics_x": 7.793805240172222e-07,
    "val/dynamics_z": 0.0,
    "val/loss": 1.0964660639799787e-05,
    "val/reconstruction": 1.3204936236235174e-06,
    "val/regularization": 8.864786492159046e-06
}