{
    "val/dynamics_x": 6.129234824126077e-07,
    "val/dynamics_z": 0.0,
    "val/loss": 1.1352693528506033e-05,
    "val/reconstruction": 1.5939315021749488e-06,
    "val/regularization": 9.145838543918477e-06
}