{
    "val/dynamics_x": 6.120703547698738e-07,
    "val/dynamics_z": 0.0,
    "val/loss": 1.6426586640722984e-06,
    "val/reconstruction": 1.0305883093024248e-06
}