{
    "val/dynamics_x": 4.871820781108402e-07,
    "val/dynamics_z": 0.0,
    "val/loss": 1.3212849786971434e-05,
    "val/reconstruction": 3.3294071192933922e-06,
    "val/regularization": 9.3962605895672e-06
}