{
    "val/dynamics_x": 8.291504504527773e-07,
    "val/dynamics_z": 0.0,
    "val/loss": 1.2362735731099788e-05,
    "val/reconstruction": 2.4967586167598747e-06,
    "val/regularization": 9.036826663887137e-06
}