{
    "val/dynamics_x": 4.77002928416897e-07,
    "val/dynamics_z": 0.0,
    "val/loss": 1.4457861783490527e-05,
    "val/reconstruction": 4.508705758073392e-06,
    "val/regularization": 9.472153097000238e-06
}