{
    "val/dynamics_x": 7.068255011316988e-07,
    "val/dynamics_z": 0.0,
    "val/loss": 1.497689500559201e-05,
    "val/reconstruction": 4.94711508274455e-06,
    "val/regularization": 9.32295442171576e-06
}