{
    "val/dynamics_x": 1.4186980343513037e-06,
    "val/dynamics_z": 0.0,
    "val/loss": 1.8485378840506413e-05,
    "val/reconstruction": 5.048253514658706e-06,
    "val/regularization": 1.2018427291496404e-05
}