{
    "val/dynamics_x": 6.293302090211486e-07,
    "val/dynamics_z": 0.0,
    "val/loss": 1.1564965708598019e-05,
    "val/reconstruction": 1.929376085646477e-06,
    "val/regularization": 9.006259413930393e-06
}