{
    "val/dynamics_x": 4.954122205020261e-07,
    "val/dynamics_z": 0.0,
    "val/loss": 1.2930308731988393e-05,
    "val/reconstruction": 2.7109005717030545e-06,
    "val/regularization": 9.723995939783313e-06
}