{
    "val/dynamics_x": 7.277511202585181e-07,
    "val/dynamics_z": 0.0,
    "val/loss": 1.1588330315366586e-05,
    "val/reconstruction": 1.7938499667387737e-06,
    "val/regularization": 9.066729228369295e-06
}