{
    "val/dynamics_x": 8.389790854561001e-07,
    "val/dynamics_z": 0.0,
    "val/loss": 1.1834212150876773e-05,
    "val/reconstruction": 2.0190140070601137e-06,
    "val/regularization": 8.976219058360559e-06
}