{
    "val/dynamics_x": 8.709874642023105e-07,
    "val/dynamics_z": 0.0,
    "val/loss": 1.1011217056851829e-05,
    "val/reconstruction": 1.3443570294710559e-06,
    "val/regularization": 8.795872563178463e-06
}