{
    "val/dynamics_x": 5.92089954168561e-07,
    "val/dynamics_z": 0.0,
    "val/loss": 1.2845655623549535e-05,
    "val/reconstruction": 2.3327947483199226e-06,
    "val/regularization": 9.920770921061051e-06
}