{
    "val/dynamics_x": 7.06953679057904e-07,
    "val/dynamics_z": 0.0,
    "val/loss": 1.4937196051871158e-05,
    "val/reconstruction": 4.047068987359245e-06,
    "val/regularization": 1.018317338545401e-05
}