{
    "val/dynamics_x": 8.443628787626225e-07,
    "val/dynamics_z": 0.0,
    "val/loss": 1.1040029525977384e-05,
    "val/reconstruction": 1.2490052671768539e-06,
    "val/regularization": 8.946661380037907e-06
}