{
    "val/dynamics_x": 8.321319390724228e-07,
    "val/dynamics_z": 0.0,
    "val/loss": 1.2844523345751998e-05,
    "val/reconstruction": 3.1767017447704633e-06,
    "val/regularization": 8.835689661909113e-06
}