{
    "val/dynamics_x": 9.613942741078032e-07,
    "val/dynamics_z": 0.0,
    "val/loss": 1.8732780955037458e-05,
    "val/reconstruction": 8.668379042094335e-06,
    "val/regularization": 9.10300763883532e-06
}