{
    "val/dynamics_x": 7.006245745894329e-07,
    "val/dynamics_z": 0.0,
    "val/loss": 1.2827031864885103e-05,
    "val/reconstruction": 3.2089425717694323e-06,
    "val/regularization": 8.917464718526239e-06
}