{
    "val/dynamics_x": 4.176225942392119e-07,
    "val/dynamics_z": 0.0,
    "val/loss": 1.1136742301518318e-05,
    "val/reconstruction": 1.5343951402499465e-06,
    "val/regularization": 9.18472456702916e-06
}