{
    "val/dynamics_x": 5.651187605121246e-07,
    "val/dynamics_z": 0.0,
    "val/loss": 1.3438101170413837e-05,
    "val/reconstruction": 3.64933816633028e-06,
    "val/regularization": 9.223644243571432e-06
}