{
    "val/dynamics_x": 8.62716831215669e-07,
    "val/dynamics_z": 0.0,
    "val/loss": 1.5700493872676542e-05,
    "val/reconstruction": 4.116069319297282e-06,
    "val/regularization": 1.072170772216359e-05
}