{
    "val/dynamics_x": 6.521574550556553e-07,
    "val/dynamics_z": 0.0,
    "val/loss": 1.2392222947246311e-05,
    "val/reconstruction": 2.4666802752724796e-06,
    "val/regularization": 9.273385216918176e-06
}