{
    "val/dynamics_x": 0.0011180228043701057,
    "val/dynamics_z": 0.0,
    "val/loss": 0.03683955324158822,
    "val/reconstruction": 0.03572153043721811
}