{
    "val/dynamics_x": 0.0011426157980857065,
    "val/dynamics_z": 0.0,
    "val/loss": 0.038028000760536314,
    "val/reconstruction": 0.03687274348999132,
    "val/regularization": 1.2641472459289832e-05
}