{
    "val/dynamics_x": 0.0012141360179953725,
    "val/dynamics_z": 0.0,
    "val/loss": 0.04072512096247287,
    "val/reconstruction": 0.039492171176177544,
    "val/regularization": 1.881376829995193e-05
}