{
    "val/dynamics_x": 0.001109302963145749,
    "val/dynamics_z": 0.0,
    "val/loss": 0.03709444330645708,
    "val/reconstruction": 0.03597462831533879,
    "val/regularization": 1.051202797254113e-05
}