{
    "val/dynamics_x": 3.593872807547097e-07,
    "val/dynamics_z": 0.0,
    "val/loss": 1.3234239850405515e-05,
    "val/reconstruction": 5.439145291640626e-06,
    "val/regularization": 7.43570727801018e-06
}