{
    "val/dynamics_x": 3.266793621963615e-07,
    "val/dynamics_z": 0.0,
    "val/loss": 1.0687144652207299e-05,
    "val/reconstruction": 2.9633795292580135e-06,
    "val/regularization": 7.397085760752924e-06
}