{
    "val/dynamics_x": 4.4444463592957187e-07,
    "val/dynamics_z": 0.0,
    "val/loss": 9.64532308033598e-06,
    "val/reconstruction": 1.299804506252059e-06,
    "val/regularization": 7.901073938154349e-06
}