{
    "val/dynamics_x": 4.4724822193052153e-07,
    "val/dynamics_z": 0.0,
    "val/loss": 1.7587026176668654e-05,
    "val/reconstruction": 9.539947231508855e-06,
    "val/regularization": 7.599830723229278e-06
}