{
    "val/dynamics_x": 8.149128255670921e-07,
    "val/dynamics_z": 0.0,
    "val/loss": 1.4406506671152215e-05,
    "val/reconstruction": 2.0987949752019117e-06,
    "val/regularization": 1.1492798870383212e-05
}