{
    "val/dynamics_x": 4.874813698228374e-07,
    "val/dynamics_z": 0.0,
    "val/loss": 9.254300127206426e-06,
    "val/reconstruction": 5.989534182402422e-07,
    "val/regularization": 8.167865339143347e-06
}