{
    "val/dynamics_x": 2.0490254290404886e-06,
    "val/dynamics_z": 0.0,
    "val/loss": 2.3671952075715017e-05,
    "val/reconstruction": 3.6561239752262737e-06,
    "val/regularization": 1.7966802671448256e-05
}