{
    "val/dynamics_x": 2.3819293818955044e-07,
    "val/dynamics_z": 0.0,
    "val/loss": 9.603474244015426e-07,
    "val/reconstruction": 7.22154486211992e-07
}