{
    "val/dynamics_x": 9.380886218364171e-07,
    "val/dynamics_z": 0.0,
    "val/loss": 1.7006782621200355e-05,
    "val/reconstruction": 5.17771786149277e-06,
    "val/regularization": 1.089097613787117e-05
}