{
    "val/dynamics_x": 2.825381429117108e-07,
    "val/dynamics_z": 0.0,
    "val/loss": 9.820234990695132e-06,
    "val/reconstruction": 2.288176890550383e-06,
    "val/regularization": 7.2495199572330375e-06
}