{
    "val/dynamics_x": 7.120433321542651e-07,
    "val/dynamics_z": 0.0,
    "val/loss": 1.2255929830293567e-05,
    "val/reconstruction": 1.5118025934408483e-06,
    "val/regularization": 1.0032083904698454e-05
}