{
    "val/dynamics_x": 3.488941961152101e-07,
    "val/dynamics_z": 0.0,
    "val/loss": 8.933092471994653e-06,
    "val/reconstruction": 1.1045661955115743e-06,
    "val/regularization": 7.479632080367869e-06
}