{
    "val/dynamics_x": 2.2790558399933378e-07,
    "val/dynamics_z": 0.0,
    "val/loss": 5.494179059207611e-07,
    "val/reconstruction": 3.2151232192142724e-07
}