{
    "val/dynamics_x": 3.1819271639025007e-07,
    "val/dynamics_z": 0.0,
    "val/loss": 9.784155981449877e-06,
    "val/reconstruction": 2.1640057636093036e-06,
    "val/regularization": 7.301957501450324e-06
}