{
    "val/dynamics_x": 6.50150755023404e-06,
    "val/dynamics_z": 0.0,
    "val/loss": 3.9461207762851676e-05,
    "val/reconstruction": 9.542812014639632e-06,
    "val/regularization": 2.3416888197978003e-05
}