{
    "val/dynamics_x": 6.298446036588171e-07,
    "val/dynamics_z": 0.0,
    "val/loss": 1.689956871054379e-05,
    "val/reconstruction": 7.405119928711282e-06,
    "val/regularization": 8.864604178173688e-06
}