{
    "val/dynamics_x": 0.0008391358591535344,
    "val/dynamics_z": 0.0,
    "val/loss": 0.03205760939631568,
    "val/reconstruction": 0.031207910035185804,
    "val/regularization": 1.0563501976341537e-05
}