{
    "val/dynamics_x": 0.0008553824874941489,
    "val/dynamics_z": 0.0,
    "val/loss": 0.03224192253702712,
    "val/reconstruction": 0.03137866282101031,
    "val/regularization": 7.877228522662359e-06
}