{
    "val/dynamics_x": 0.0008429176972458562,
    "val/dynamics_z": 0.0,
    "val/loss": 0.03204922603670039,
    "val/reconstruction": 0.031193405803946656,
    "val/regularization": 1.2902535507883845e-05
}