{
    "val/dynamics_x": 1.1770663682531796e-07,
    "val/dynamics_z": 0.0,
    "val/loss": 1.482810104163499e-06,
    "val/reconstruction": 1.3651034673381811e-06,
    "train/dynamics_x": 1.9700023613028162e-07,
    "train/dynamics_z": 0.0,
    "train/loss": 9.52437134581177e-06,
    "train/reconstruction": 2.1891386421834234e-06,
    "train/regularization": 7.138232467498069e-06
}