{
    "val/dynamics_x": 3.8013895309662165e-06,
    "val/dynamics_z": 0.0,
    "val/loss": 2.5573495718246458e-05,
    "val/reconstruction": 4.725512627745606e-06,
    "val/regularization": 1.7046593559534635e-05
}