{
    "val/dynamics_x": 1.3383011779250144e-07,
    "val/dynamics_z": 0.0,
    "val/loss": 9.164868018095717e-06,
    "val/reconstruction": 1.805198095632283e-06,
    "val/regularization": 7.225839804670933e-06
}