{
    "val/dynamics_x": 1.3480712415823308e-07,
    "val/dynamics_z": 0.0,
    "val/loss": 8.556676109882201e-06,
    "val/reconstruction": 1.1061231221780676e-06,
    "val/regularization": 7.315745863545901e-06
}