{
    "val/dynamics_x": 1.1770663682531796e-07,
    "val/dynamics_z": 0.0,
    "val/loss": 1.482810104163499e-06,
    "val/reconstruction": 1.3651034673381811e-06
}