{
    "val/dynamics_x": 1.4985098173646086e-07,
    "val/dynamics_z": 0.0,
    "val/loss": 1.03630617753509e-05,
    "val/reconstruction": 2.7730025390992697e-06,
    "val/regularization": 7.440208254515168e-06
}