{
    "val/dynamics_x": 1.3153690370486534e-07,
    "val/dynamics_z": 0.0,
    "val/loss": 7.913221095196308e-06,
    "val/reconstruction": 4.285802264171827e-07,
    "val/regularization": 7.353103965074261e-06
}