{
    "val/dynamics_x": 4.30476442713263e-07,
    "val/dynamics_z": 0.0,
    "val/loss": 1.544560545721963e-05,
    "val/reconstruction": 5.613061240859558e-06,
    "val/regularization": 9.402067773646811e-06
}