{
    "val/dynamics_x": 1.4167902549415533e-07,
    "val/dynamics_z": 0.0,
    "val/loss": 8.259802736242185e-06,
    "val/reconstruction": 7.237922565418179e-07,
    "val/regularization": 7.394331454206212e-06
}