{
    "val/dynamics_x": 1.371285083566973e-07,
    "val/dynamics_z": 0.0,
    "val/loss": 2.317596725104746e-06,
    "val/reconstruction": 2.1804682167480487e-06
}