{
    "val/dynamics_x": 2.122559019415808e-07,
    "val/dynamics_z": 0.0,
    "val/loss": 8.6257980558668e-06,
    "val/reconstruction": 6.518882770482446e-07,
    "val/regularization": 7.761653876876974e-06
}