{
    "val/dynamics_x": 1.6613623395989835e-06,
    "val/dynamics_z": 0.0,
    "val/loss": 2.084599826549952e-05,
    "val/reconstruction": 6.132883829527534e-06,
    "val/regularization": 1.3051752096373005e-05
}