{
    "val/dynamics_x": 9.960434140150035e-07,
    "val/dynamics_z": 0.0,
    "val/loss": 1.2462221974767828e-05,
    "val/reconstruction": 1.1990583348343081e-06,
    "val/regularization": 1.0267120225918517e-05
}