{
    "val/dynamics_x": 3.3884729814612434e-07,
    "val/dynamics_z": 0.0,
    "val/loss": 1.1107703070894166e-05,
    "val/reconstruction": 1.599976044118003e-06,
    "val/regularization": 9.168879728630039e-06
}