{
    "val/dynamics_x": 1.178245881944386e-07,
    "val/dynamics_z": 0.0,
    "val/loss": 8.256425590463336e-06,
    "val/reconstruction": 9.354749620999087e-07,
    "val/regularization": 7.203126040168988e-06
}