{
    "val/dynamics_x": 6.540586561599615e-07,
    "val/dynamics_z": 0.0,
    "val/loss": 1.320664602812666e-05,
    "val/reconstruction": 2.6054990982542753e-06,
    "val/regularization": 9.947088273712423e-06
}