{
    "val/dynamics_x": 1.866667953770764e-07,
    "val/dynamics_z": 0.0,
    "val/loss": 9.78514836856807e-06,
    "val/reconstruction": 1.953284424487538e-06,
    "val/regularization": 7.645197148703455e-06
}