{
    "val/dynamics_x": 2.0448904666175707e-07,
    "val/dynamics_z": 0.0,
    "val/loss": 1.2967193318765103e-05,
    "val/reconstruction": 5.480162477912448e-06,
    "val/regularization": 7.2825417941908974e-06
}