{
    "val/dynamics_x": 1.636288324589262e-07,
    "val/dynamics_z": 0.0,
    "val/loss": 9.477656784880516e-06,
    "val/reconstruction": 1.7534315748980637e-06,
    "val/regularization": 7.560596377523526e-06
}