{
    "val/dynamics_x": 1.001276727062296e-06,
    "val/dynamics_z": 0.0,
    "val/loss": 1.5132738483942114e-05,
    "val/reconstruction": 3.1179900740427915e-06,
    "val/regularization": 1.1013471682837026e-05
}