{
    "val/dynamics_x": 2.315135435540753e-06,
    "val/dynamics_z": 0.0,
    "val/loss": 3.261491563319222e-06,
    "val/reconstruction": 9.463561277784692e-07
}