{
    "val/dynamics_x": 2.4429085277746396e-06,
    "val/dynamics_z": 0.0,
    "val/loss": 1.1625388923403809e-05,
    "val/reconstruction": 1.8993675913043362e-06,
    "val/regularization": 7.283112804324833e-06
}