{
    "val/dynamics_x": 3.682200028611241e-06,
    "val/dynamics_z": 0.0,
    "val/loss": 1.4494073401889287e-05,
    "val/reconstruction": 2.647308030039892e-06,
    "val/regularization": 8.164565343238153e-06
}