{
    "val/dynamics_x": 2.5187728717973323e-06,
    "val/dynamics_z": 0.0,
    "val/loss": 1.1375187257678394e-05,
    "val/reconstruction": 1.4646319758211565e-06,
    "val/regularization": 7.391782410059906e-06
}