{
    "val/dynamics_x": 2.6798290485489664e-06,
    "val/dynamics_z": 0.0,
    "val/loss": 1.7998311443853142e-05,
    "val/reconstruction": 7.810734815317512e-06,
    "val/regularization": 7.507747579986665e-06
}