{
    "val/dynamics_x": 0.0012763119309542354,
    "val/dynamics_z": 0.0,
    "val/loss": 0.0490781904137309,
    "val/reconstruction": 0.0477911825564776,
    "val/regularization": 1.0695926299060627e-05
}