{
    "val/dynamics_x": 0.0012003843462242917,
    "val/dynamics_z": 0.0,
    "val/loss": 0.04630012256715449,
    "val/reconstruction": 0.045090304576051295,
    "val/regularization": 9.433644878906349e-06
}