{
    "val/dynamics_x": 0.0012448870092102496,
    "val/dynamics_z": 0.0,
    "val/loss": 0.04496820127524609,
    "val/reconstruction": 0.04372331426603584
}