{
    "val/dynamics_x": 0.0010111812638152968,
    "val/dynamics_z": 0.0,
    "val/loss": 0.036484146616080286,
    "val/reconstruction": 0.03546129212056745,
    "val/regularization": 1.1673231697537077e-05
}