{
    "val/dynamics_x": 0.0012049244903687196,
    "val/dynamics_z": 0.0,
    "val/loss": 0.038116439720055545,
    "val/reconstruction": 0.036911515229686824
}