{
    "val/dynamics_x": 0.0008866728411355927,
    "val/dynamics_z": 0.0,
    "val/loss": 0.036012070580933156,
    "val/reconstruction": 0.035107268994188826,
    "val/regularization": 1.8128745608737295e-05
}