{
    "val/dynamics_x": 0.0013553766998177154,
    "val/dynamics_z": 0.0,
    "val/loss": 0.038808279018507336,
    "val/reconstruction": 0.03744748361804776,
    "val/regularization": 5.418700641855668e-06
}