{
    "val/dynamics_x": 5.057820112162256e-07,
    "val/dynamics_z": 0.0,
    "val/loss": 1.0746162884229254e-05,
    "val/reconstruction": 6.254219616275644e-07,
    "val/regularization": 9.614958911385464e-06
}