{
    "val/dynamics_x": 5.442275841258383e-07,
    "val/dynamics_z": 0.0,
    "val/loss": 1.3040199630696387e-05,
    "val/reconstruction": 2.966538996848873e-06,
    "val/regularization": 9.529433049721677e-06
}