{
    "val/dynamics_x": 3.8832680800276164e-07,
    "val/dynamics_z": 0.0,
    "val/loss": 1.4406975082787138e-05,
    "val/reconstruction": 4.652114285794846e-06,
    "val/regularization": 9.36653398898953e-06
}