{
    "val/dynamics_x": 7.272467530678385e-07,
    "val/dynamics_z": 0.0,
    "val/loss": 1.298524160520855e-05,
    "val/reconstruction": 1.924329877081782e-06,
    "val/regularization": 1.033366497505893e-05
}