{
    "val/dynamics_x": 1.2374540980241808e-06,
    "val/dynamics_z": 0.0,
    "val/loss": 1.511509795775668e-05,
    "val/reconstruction": 2.6627109099580197e-06,
    "val/regularization": 1.1214932949774479e-05
}