{
    "val/dynamics_x": 3.441522575357675e-07,
    "val/dynamics_z": 0.0,
    "val/loss": 1.1169646533171686e-06,
    "val/reconstruction": 7.728123957814011e-07
}