{
    "val/dynamics_x": 4.3843587179263755e-07,
    "val/dynamics_z": 0.0,
    "val/loss": 1.0370224862128724e-05,
    "val/reconstruction": 5.063436601322449e-07,
    "val/regularization": 9.425445330203842e-06
}