{
    "val/dynamics_x": 5.330240928945867e-07,
    "val/dynamics_z": 0.0,
    "val/loss": 1.1052195235053873e-05,
    "val/reconstruction": 8.005308288958564e-07,
    "val/regularization": 9.71864031326343e-06
}