{
    "val/dynamics_x": 4.1458562388176777e-07,
    "val/dynamics_z": 0.0,
    "val/loss": 1.0587772784987317e-05,
    "val/reconstruction": 7.168011905788613e-07,
    "val/regularization": 9.456385970526687e-06
}