{
    "val/dynamics_x": 5.789634951976547e-07,
    "val/dynamics_z": 0.0,
    "val/loss": 1.3963788989807022e-05,
    "val/reconstruction": 3.6062640555772846e-06,
    "val/regularization": 9.778561439032084e-06
}