{
    "val/dynamics_x": 4.4764531794094997e-07,
    "val/dynamics_z": 0.0,
    "val/loss": 1.1330968697676954e-05,
    "val/reconstruction": 1.4883697103583488e-06,
    "val/regularization": 9.394953669377655e-06
}