{
    "val/dynamics_x": 3.782757315556996e-07,
    "val/dynamics_z": 0.0,
    "val/loss": 4.570550267959143e-06,
    "val/reconstruction": 4.192274536403443e-06
}