{
    "val/dynamics_x": 6.047652299692193e-07,
    "val/dynamics_z": 0.0,
    "val/loss": 1.182342921113931e-05,
    "val/reconstruction": 1.0150354569638188e-06,
    "val/regularization": 1.0203628524206272e-05
}