{
    "val/dynamics_x": 0.01666950434446335,
    "val/dynamics_z": 0.0,
    "val/loss": 0.15551865100860596,
    "val/reconstruction": 0.13883516192436218,
    "val/regularization": 1.3981517440697644e-05,
    "train/dynamics_x": 0.011267047375440598,
    "train/dynamics_z": 0.0,
    "train/loss": 0.15592032670974731,
    "train/reconstruction": 0.14463931322097778,
    "train/regularization": 1.3979975847178139e-05
}