{
    "val/dynamics_x": 0.012844676151871681,
    "val/dynamics_z": 0.0,
    "val/loss": 0.20365436375141144,
    "val/reconstruction": 0.1908096820116043
}