{
    "val/dynamics_x": 0.025067176669836044,
    "val/dynamics_z": 0.0,
    "val/loss": 0.23600830137729645,
    "val/reconstruction": 0.21092528104782104,
    "val/regularization": 1.5833124052733183e-05
}