{
    "val/dynamics_x": 0.018157128244638443,
    "val/dynamics_z": 0.0,
    "val/loss": 0.20461507141590118,
    "val/reconstruction": 0.18644417822360992,
    "val/regularization": 1.3763357856078073e-05
}