{
    "val/dynamics_x": 0.014681477099657059,
    "val/dynamics_z": 0.0,
    "val/loss": 0.16520367562770844,
    "val/reconstruction": 0.15050765872001648,
    "val/regularization": 1.4541480595653411e-05
}