{
    "val/dynamics_dx": 0.012978605926036835,
    "val/dynamics_dz": 1.0661897249519825e-06,
    "val/loss": 0.5937498807907104,
    "val/reconstruction": 0.5807702541351318
}