{
    "val/dynamics_x": 0.018709667026996613,
    "val/dynamics_z": 0.0,
    "val/loss": 0.18263249099254608,
    "val/reconstruction": 0.16390764713287354,
    "val/regularization": 1.5190618796623312e-05
}