{
    "val/dynamics_x": 0.014028487727046013,
    "val/dynamics_z": 0.0,
    "val/loss": 0.20256733894348145,
    "val/reconstruction": 0.18853884935379028
}