{
    "val/dynamics_x": 0.0198356956243515,
    "val/dynamics_z": 0.0,
    "val/loss": 0.2642664611339569,
    "val/reconstruction": 0.24441616237163544,
    "val/regularization": 1.4614173778682016e-05
}