{
    "val/dynamics_dx": 0.1258813589811325,
    "val/dynamics_dz": 1.0165814273932483e-05,
    "val/loss": 2.466262102127075,
    "val/reconstruction": 2.3403396606445312,
    "val/regularization": 3.0558312573703006e-05
}