{
    "val/dynamics_dx": 0.013629880733788013,
    "val/dynamics_dz": 1.0864797559406725e-06,
    "val/loss": 0.6174124479293823,
    "val/reconstruction": 0.6037814617156982
}