{
    "val/dynamics_x": 0.01467497181147337,
    "val/dynamics_z": 0.0,
    "val/loss": 0.19473332166671753,
    "val/reconstruction": 0.180043026804924,
    "val/regularization": 1.53171167767141e-05
}