{
    "val/dynamics_x": 0.07569308578968048,
    "val/dynamics_z": 0.0,
    "val/loss": 0.7876776456832886,
    "val/reconstruction": 0.711969792842865,
    "val/regularization": 1.4794380149396602e-05
}