{
    "val/dynamics_dx": 0.0643424466252327,
    "val/dynamics_dz": 3.557328682290972e-06,
    "val/loss": 1.3275479078292847,
    "val/reconstruction": 1.2631763219833374,
    "val/regularization": 2.566831244621426e-05
}