{
    "val/dynamics_dx": 0.012792624533176422,
    "val/dynamics_dz": 1.0774140264402376e-06,
    "val/loss": 0.6217036247253418,
    "val/reconstruction": 0.6089099645614624
}