{
    "val/dynamics_dx": 0.08953741937875748,
    "val/dynamics_dz": 1.4678917068522424e-05,
    "val/loss": 2.8383195400238037,
    "val/reconstruction": 2.74873685836792,
    "val/regularization": 3.04595068882918e-05
}