{
    "val/dynamics_x": 0.0020158350362665476,
    "val/dynamics_z": 0.0,
    "val/loss": 0.042249342277663325,
    "val/reconstruction": 0.040226216489513,
    "val/regularization": 7.290751883775554e-06
}