{
    "val/dynamics_x": 0.002344193095358223,
    "val/dynamics_z": 0.0,
    "val/loss": 0.04441064336137073,
    "val/reconstruction": 0.04206645026601251
}