{
    "val/dynamics_x": 4.814906321582663e-07,
    "val/dynamics_z": 0.0,
    "val/loss": 8.892553724038756e-06,
    "val/reconstruction": 7.161134553073418e-07,
    "val/regularization": 7.694949636573148e-06
}