{
    "val/dynamics_x": 3.1969971130543605e-07,
    "val/dynamics_z": 0.0,
    "val/loss": 1.2267827409475766e-05,
    "val/reconstruction": 4.5882608144882486e-06,
    "val/regularization": 7.359866883682081e-06
}