{
    "val/dynamics_x": 2.4413329538358177e-07,
    "val/dynamics_z": 0.0,
    "val/loss": 9.00393344033901e-06,
    "val/reconstruction": 1.5453771249978557e-06,
    "val/regularization": 7.214423019957572e-06
}