{
    "val/dynamics_x": 1.2036609591026407e-06,
    "val/dynamics_z": 0.0,
    "val/loss": 1.953918592872979e-05,
    "val/reconstruction": 5.603341222593935e-06,
    "val/regularization": 1.2732183747033215e-05
}