{
    "val/dynamics_x": 2.2011418047509554e-07,
    "val/dynamics_z": 0.0,
    "val/loss": 8.175748241730142e-06,
    "val/reconstruction": 7.961778793984929e-07,
    "val/regularization": 7.159456181856554e-06
}