{
    "val/dynamics_x": 2.905195036528187e-07,
    "val/dynamics_z": 0.0,
    "val/loss": 9.804460925523087e-06,
    "val/reconstruction": 2.1967462560366187e-06,
    "val/regularization": 7.317195165833651e-06
}