{
    "val/dynamics_x": 1.7569646467663282e-06,
    "val/dynamics_z": 0.0,
    "val/loss": 2.1248800280313044e-05,
    "val/reconstruction": 5.0390484444665275e-06,
    "val/regularization": 1.445278718908019e-05
}