{
    "val/dynamics_x": 3.3409386826705403e-07,
    "val/dynamics_z": 0.0,
    "val/loss": 1.1374943527647707e-05,
    "val/reconstruction": 3.6346931047705366e-06,
    "val/regularization": 7.406156554610116e-06
}