{
    "val/dynamics_x": 3.5293059671264504e-07,
    "val/dynamics_z": 0.0,
    "val/loss": 9.28563135555537e-06,
    "val/reconstruction": 1.4686079998833678e-06,
    "val/regularization": 7.4640927589593584e-06
}