{
    "val/dynamics_x": 8.696214054444755e-07,
    "val/dynamics_z": 0.0,
    "val/loss": 1.4615533113558173e-05,
    "val/reconstruction": 5.738574810421111e-06,
    "val/regularization": 8.007336897692586e-06
}