{
    "val/dynamics_x": 2.239497321884474e-07,
    "val/dynamics_z": 0.0,
    "val/loss": 1.2484795115882085e-05,
    "val/reconstruction": 5.125678922834543e-06,
    "val/regularization": 7.1351664608590945e-06
}