{
    "val/dynamics_x": 4.1500116041362014e-06,
    "val/dynamics_z": 0.0,
    "val/loss": 3.46227573052818e-05,
    "val/reconstruction": 1.0416075047910984e-05,
    "val/regularization": 2.0056670653234616e-05
}