{
    "val/dynamics_x": 3.901684522134019e-07,
    "val/dynamics_z": 7.027215698229838e-09,
    "val/loss": 5.517917429642694e-07,
    "val/reconstruction": 1.545960515159095e-07
}