{
    "val/dynamics_x": 2.4971058110168087e-07,
    "val/dynamics_z": 6.516627681918408e-09,
    "val/loss": 3.8754910747229587e-07,
    "val/reconstruction": 1.3132195419984782e-07
}