{
    "val/dynamics_x": 5.029042995374766e-07,
    "val/dynamics_z": 9.644613996329099e-09,
    "val/loss": 1.6559756659262348e-06,
    "val/reconstruction": 3.3225063589270576e-07,
    "val/regularization": 8.111767328955466e-07
}