{
    "val/dynamics_x": 7.292539976333501e-07,
    "val/dynamics_z": 8.308788324029592e-09,
    "val/loss": 9.310199402534636e-07,
    "val/reconstruction": 1.9345712587437447e-07
}