{
    "val/dynamics_x": 2.746965265032486e-06,
    "val/dynamics_z": 4.7613820441938515e-08,
    "val/loss": 5.185857844480779e-06,
    "val/reconstruction": 1.5984410310920794e-06,
    "val/regularization": 7.92837795415835e-07
}