{
    "val/dynamics_x": 3.588887977912236e-07,
    "val/dynamics_z": 9.65767021909869e-09,
    "val/loss": 5.522750825548428e-07,
    "val/reconstruction": 1.8372865895344148e-07
}