{
    "val/dynamics_x": 4.170688328031247e-07,
    "val/dynamics_z": 1.0355872603895477e-08,
    "val/loss": 1.455225060453813e-06,
    "val/reconstruction": 2.1695495888707228e-07,
    "val/regularization": 8.108460747280333e-07
}