{
    "val/dynamics_x": 1.2864405789514421e-06,
    "val/dynamics_z": 1.8750451857840744e-08,
    "val/loss": 2.6324664759158622e-06,
    "val/reconstruction": 5.15370004450233e-07,
    "val/regularization": 8.119048970911535e-07
}