{
    "val/dynamics_x": 3.519658378081658e-07,
    "val/dynamics_z": 7.015843905833208e-09,
    "val/loss": 5.067994379714946e-07,
    "val/reconstruction": 1.4781782908812602e-07
}