{
    "val/dynamics_x": 3.296944441899541e-07,
    "val/dynamics_z": 8.558783903822587e-09,
    "val/loss": 1.2915741081087617e-06,
    "val/reconstruction": 1.4185802399424574e-07,
    "val/regularization": 8.114631668831862e-07
}