{
    "val/dynamics_x": 5.346836928765697e-07,
    "val/dynamics_z": 1.3152579469988268e-08,
    "val/loss": 1.7336438986603753e-06,
    "val/reconstruction": 3.7455225765370415e-07,
    "val/regularization": 8.112549494398991e-07
}