{
    "val/dynamics_x": 3.776054654736072e-06,
    "val/dynamics_z": 7.061172624389656e-08,
    "val/loss": 6.714597020618385e-06,
    "val/reconstruction": 2.0705417682620464e-06,
    "val/regularization": 7.973903848323971e-07
}