{
    "val/dynamics_x": 5.995818810333731e-07,
    "val/dynamics_z": 9.85931158936637e-09,
    "val/loss": 9.124658504333638e-07,
    "val/reconstruction": 3.030247626156779e-07
}