{
    "val/dynamics_x": 5.602493615697313e-07,
    "val/dynamics_z": 6.933151386334657e-09,
    "val/loss": 9.216353191732196e-07,
    "val/reconstruction": 3.5445282264845446e-07
}