{
    "val/dynamics_x": 2.1602367894502095e-07,
    "val/dynamics_z": 6.265761687274107e-09,
    "val/loss": 3.206952214895864e-07,
    "val/reconstruction": 9.840572090524802e-08
}