{
    "val/dynamics_x": 2.166349077015184e-06,
    "val/dynamics_z": 4.432789069142018e-08,
    "val/loss": 3.876300070260186e-06,
    "val/reconstruction": 8.748329491936602e-07,
    "val/regularization": 7.907897270342801e-07
}