{
    "val/dynamics_x": 2.580146372110903e-07,
    "val/dynamics_z": 9.08983199821023e-09,
    "val/loss": 4.1643315285000426e-07,
    "val/reconstruction": 1.4932871295059158e-07
}