{
    "val/dynamics_x": 2.540417085583613e-07,
    "val/dynamics_z": 7.285736458584324e-09,
    "val/loss": 3.9238716453837696e-07,
    "val/reconstruction": 1.3105970708693349e-07
}