{
    "val/dynamics_x": 3.578415146421321e-07,
    "val/dynamics_z": 8.493393544029004e-09,
    "val/loss": 1.4038481594980112e-06,
    "val/reconstruction": 2.2659251897039212e-07,
    "val/regularization": 8.109202553896466e-07
}