{
    "val/dynamics_x": 6.136964998404437e-07,
    "val/dynamics_z": 9.707872727915401e-09,
    "val/loss": 1.7888426100398647e-06,
    "val/reconstruction": 3.5326925740264414e-07,
    "val/regularization": 8.121677979033848e-07
}