{
    "val/dynamics_x": 7.395342436211649e-07,
    "val/dynamics_z": 1.3103931273406033e-08,
    "val/loss": 1.9481906292639906e-06,
    "val/reconstruction": 3.8436292015830986e-07,
    "val/regularization": 8.111904890029109e-07
}