{
    "val/dynamics_x": 0.0009177853317866936,
    "val/dynamics_z": 0.0,
    "val/loss": 0.036027321358125454,
    "val/reconstruction": 0.03509123511791831,
    "val/regularization": 1.8300908420451856e-05,
    "train/dynamics_x": 2.434856701686783e-06,
    "train/dynamics_z": 0.0,
    "train/loss": 2.4635913333277447e-05,
    "train/reconstruction": 3.896973834054319e-06,
    "train/regularization": 1.8304082797536337e-05
}