{
    "val/dynamics_x": 0.0008029619367472741,
    "val/dynamics_z": 0.0,
    "val/loss": 0.03671750953898773,
    "val/reconstruction": 0.03590475581450189,
    "val/regularization": 9.791787738563495e-06
}