{
    "val/dynamics_x": 8.70743227375168e-06,
    "val/dynamics_z": 0.0,
    "val/loss": 7.256360821392905e-05,
    "val/reconstruction": 4.397406748288468e-05,
    "val/regularization": 1.9882108457292698e-05
}