{
    "val/dynamics_x": 1.498048443678441e-06,
    "val/dynamics_z": 0.0,
    "val/loss": 2.7853195448570027e-05,
    "val/reconstruction": 1.7145617956193692e-05,
    "val/regularization": 9.209529048697894e-06
}