{
    "val/dynamics_x": 6.59381965370226e-07,
    "val/dynamics_z": 0.0,
    "val/loss": 2.0449232894955136e-06,
    "val/reconstruction": 1.3855413241252877e-06
}