{
    "val/dynamics_x": 1.8521470738872407e-06,
    "val/dynamics_z": 0.0,
    "val/loss": 1.5802117039325946e-05,
    "val/reconstruction": 3.461905671375114e-06,
    "val/regularization": 1.0488064294063592e-05
}