{
    "val/dynamics_x": 6.374013203327824e-07,
    "val/dynamics_z": 0.0,
    "val/loss": 9.832484960207444e-06,
    "val/reconstruction": 7.620712780660882e-07,
    "val/regularization": 8.433012361808573e-06
}