{
    "val/dynamics_x": 6.420518704965871e-07,
    "val/dynamics_z": 0.0,
    "val/loss": 1.068014041288605e-05,
    "val/reconstruction": 1.6931220371707522e-06,
    "val/regularization": 8.34496650521871e-06
}