{
    "val/dynamics_x": 1.1626564199166306e-06,
    "val/dynamics_z": 0.0,
    "val/loss": 1.2069730464149182e-05,
    "val/reconstruction": 1.8161909445848405e-06,
    "val/regularization": 9.090883099647712e-06
}