{
    "val/dynamics_x": 6.703864234877632e-07,
    "val/dynamics_z": 0.0,
    "val/loss": 1.3898906977416545e-06,
    "val/reconstruction": 7.195042742538911e-07
}