{
    "val/dynamics_x": 6.669455102928853e-07,
    "val/dynamics_z": 0.0,
    "val/loss": 1.202497085624667e-05,
    "val/reconstruction": 2.8231455299118784e-06,
    "val/regularization": 8.534879816041907e-06
}