{
    "val/dynamics_x": 1.4807345716516932e-06,
    "val/dynamics_z": 0.0,
    "val/loss": 1.3632392902773563e-05,
    "val/reconstruction": 2.3913902774754543e-06,
    "val/regularization": 9.760268053646414e-06
}