{
    "val/dynamics_x": 3.173836536636885e-06,
    "val/dynamics_z": 0.0,
    "val/loss": 4.560979131562281e-05,
    "val/reconstruction": 2.7897732555185275e-05,
    "val/regularization": 1.453822222380066e-05
}