{
    "val/dynamics_x": 6.550908530163935e-07,
    "val/dynamics_z": 0.0,
    "val/loss": 9.628297619639732e-06,
    "val/reconstruction": 6.691901400759519e-07,
    "val/regularization": 8.304016626547385e-06
}