{
    "val/dynamics_x": 6.478329642078475e-07,
    "val/dynamics_z": 0.0,
    "val/loss": 1.0861756142124464e-05,
    "val/reconstruction": 1.7309893711268249e-06,
    "val/regularization": 8.482933806789792e-06
}