{
    "val/dynamics_x": 9.060252026465745e-07,
    "val/dynamics_z": 0.0,
    "val/loss": 1.1111244801886745e-05,
    "val/reconstruction": 1.5530176445387765e-06,
    "val/regularization": 8.652201954701395e-06
}