{
    "val/dynamics_x": 2.323695704280508e-06,
    "val/dynamics_z": 0.0,
    "val/loss": 2.20745164711101e-05,
    "val/reconstruction": 7.638441076459372e-06,
    "val/regularization": 1.211237969037022e-05
}