{
    "val/dynamics_x": 6.625229126068376e-07,
    "val/dynamics_z": 0.0,
    "val/loss": 9.736470596292462e-06,
    "val/reconstruction": 8.086889400582461e-07,
    "val/regularization": 8.265258743627379e-06
}