{
    "val/dynamics_x": 1.1772805557795331e-06,
    "val/dynamics_z": 0.0,
    "val/loss": 1.1939738145010972e-05,
    "val/reconstruction": 1.4279871789754129e-06,
    "val/regularization": 9.334470410256027e-06
}