{
    "val/dynamics_x": 9.987109429638343e-07,
    "val/dynamics_z": 0.0,
    "val/loss": 1.0896726795327323e-05,
    "val/reconstruction": 9.092025482778403e-07,
    "val/regularization": 8.988813304085648e-06
}