{
    "val/dynamics_x": 6.1340570519442e-07,
    "val/dynamics_z": 0.0,
    "val/loss": 9.69816563205267e-06,
    "val/reconstruction": 6.971320946084475e-07,
    "val/regularization": 8.387627832249803e-06
}