{
    "val/dynamics_x": 8.16756781852191e-07,
    "val/dynamics_z": 0.0,
    "val/loss": 1.161840944265089e-05,
    "val/reconstruction": 2.177334774893059e-06,
    "val/regularization": 8.62431788590564e-06
}