{
    "val/dynamics_x": 4.5871525071693233e-07,
    "val/dynamics_z": 0.0,
    "val/loss": 1.0670147285986817e-05,
    "val/reconstruction": 1.1231583821412412e-06,
    "val/regularization": 9.088273653128644e-06
}