{
    "val/dynamics_x": 5.318975936101019e-07,
    "val/dynamics_z": 0.0,
    "val/loss": 1.2363041709561349e-05,
    "val/reconstruction": 2.91717869301818e-06,
    "val/regularization": 8.913965422933067e-06
}