{
    "val/dynamics_x": 5.141875145572055e-07,
    "val/dynamics_z": 0.0,
    "val/loss": 1.0364091137060805e-05,
    "val/reconstruction": 8.929789662018419e-07,
    "val/regularization": 8.956924656301757e-06
}