{
    "val/dynamics_x": 4.61987543094462e-07,
    "val/dynamics_z": 0.0,
    "val/loss": 9.972378229978403e-06,
    "val/reconstruction": 4.715167469172371e-07,
    "val/regularization": 9.038873939966704e-06
}