{
    "val/dynamics_x": 4.1887477606627964e-07,
    "val/dynamics_z": 0.0,
    "val/loss": 1.7242248657326766e-05,
    "val/reconstruction": 7.0516119976746285e-06,
    "val/regularization": 9.771761883585856e-06
}