{
    "val/dynamics_x": 5.211153096006435e-07,
    "val/dynamics_z": 0.0,
    "val/loss": 1.0503226901102095e-05,
    "val/reconstruction": 1.1024412212695822e-06,
    "val/regularization": 8.879670370231869e-06
}