{
    "val/dynamics_x": 3.809737749804288e-07,
    "val/dynamics_z": 0.0,
    "val/loss": 2.160446657687162e-05,
    "val/reconstruction": 1.1280356929028434e-05,
    "val/regularization": 9.943135872862753e-06
}