{
    "val/dynamics_x": 4.2750339089631835e-07,
    "val/dynamics_z": 0.0,
    "val/loss": 1.07970965735191e-05,
    "val/reconstruction": 1.093720625718046e-06,
    "val/regularization": 9.275872556904736e-06
}