{
    "val/dynamics_x": 4.635379885777547e-07,
    "val/dynamics_z": 0.0,
    "val/loss": 1.3600348477262275e-05,
    "val/reconstruction": 3.735726388584591e-06,
    "val/regularization": 9.40108410009993e-06
}