{
    "val/dynamics_x": 5.712057653523053e-07,
    "val/dynamics_z": 0.0,
    "val/loss": 2.0054385338460482e-05,
    "val/reconstruction": 9.043719957570538e-06,
    "val/regularization": 1.0439459615537637e-05
}