{
    "val/dynamics_x": 4.2152441827776764e-07,
    "val/dynamics_z": 0.0,
    "val/loss": 1.0831363163001516e-05,
    "val/reconstruction": 1.1917774230771932e-06,
    "val/regularization": 9.218061321646554e-06
}