{
    "val/dynamics_x": 6.255871459217196e-07,
    "val/dynamics_z": 0.0,
    "val/loss": 2.7369631940852385e-06,
    "val/reconstruction": 2.1113760481635195e-06
}