{
    "val/dynamics_x": 4.726123660442971e-07,
    "val/dynamics_z": 0.0,
    "val/loss": 1.9611958146771196e-05,
    "val/reconstruction": 9.588746835770556e-06,
    "val/regularization": 9.550598944956342e-06
}