{
    "val/dynamics_x": 4.456562956111477e-07,
    "val/dynamics_z": 0.0,
    "val/loss": 1.1192037823188042e-05,
    "val/reconstruction": 1.6202891418668259e-06,
    "val/regularization": 9.126092385710066e-06
}