{
    "val/dynamics_x": 4.5338648256150175e-07,
    "val/dynamics_z": 0.0,
    "val/loss": 1.6896035972829335e-05,
    "val/reconstruction": 7.10778933100085e-06,
    "val/regularization": 9.334860159266987e-06
}