{
    "val/dynamics_x": 6.032181326578392e-07,
    "val/dynamics_z": 0.0,
    "val/loss": 1.071668791709352e-05,
    "val/reconstruction": 1.3724057253443412e-06,
    "val/regularization": 8.74106405909134e-06
}