{
    "val/dynamics_x": 7.441138168035757e-07,
    "val/dynamics_z": 0.0,
    "val/loss": 1.5503947667541717e-05,
    "val/reconstruction": 2.190046114667381e-06,
    "val/regularization": 1.2569787736070761e-05
}