{
    "val/dynamics_x": 3.1153771147014426e-07,
    "val/dynamics_z": 0.0,
    "val/loss": 1.0738426618625271e-05,
    "val/reconstruction": 2.714313217081058e-06,
    "val/regularization": 7.712575690074069e-06
}