{
    "val/dynamics_x": 2.1412261608980683e-07,
    "val/dynamics_z": 0.0,
    "val/loss": 8.332815097594249e-06,
    "val/reconstruction": 9.059214707832064e-07,
    "val/regularization": 7.212771010721236e-06
}