{
    "val/dynamics_x": 2.2880716096236897e-07,
    "val/dynamics_z": 0.0,
    "val/loss": 9.156258498337216e-06,
    "val/reconstruction": 1.455170822919011e-06,
    "val/regularization": 7.472280514455835e-06
}