{
    "val/dynamics_x": 2.1966362565084407e-07,
    "val/dynamics_z": 0.0,
    "val/loss": 1.2017743145516934e-05,
    "val/reconstruction": 4.508273586748135e-06,
    "val/regularization": 7.289805933117955e-06
}