{
    "val/dynamics_x": 1.395063407870092e-07,
    "val/dynamics_z": 0.0,
    "val/loss": 7.727178312342042e-06,
    "val/reconstruction": 5.956152770610661e-07,
    "val/regularization": 6.992056694493966e-06
}