{
    "val/dynamics_x": 1.833527123159796e-07,
    "val/dynamics_z": 0.0,
    "val/loss": 7.72516125045936e-06,
    "val/reconstruction": 3.6194072719115936e-07,
    "val/regularization": 7.179867810952221e-06
}