{
    "val/dynamics_x": 3.2513407374912595e-07,
    "val/dynamics_z": 0.0,
    "val/loss": 8.764892045507373e-06,
    "val/reconstruction": 6.084513488566377e-07,
    "val/regularization": 7.83130662290161e-06
}