{
    "val/dynamics_x": 1.99680325988166e-07,
    "val/dynamics_z": 0.0,
    "val/loss": 1.1507722109665623e-05,
    "val/reconstruction": 4.278239423520865e-06,
    "val/regularization": 7.029802360156593e-06
}