{
    "val/dynamics_x": 1.6670614240951658e-07,
    "val/dynamics_z": 0.0,
    "val/loss": 8.172210697748766e-06,
    "val/reconstruction": 9.094808659714297e-07,
    "val/regularization": 7.09602368936782e-06
}