{
    "val/dynamics_x": 1.4152922754392178e-07,
    "val/dynamics_z": 0.0,
    "val/loss": 6.444813465762745e-07,
    "val/reconstruction": 5.029521190323528e-07
}