{
    "val/dynamics_x": 1.8012181634644354e-07,
    "val/dynamics_z": 0.0,
    "val/loss": 9.84492110180108e-06,
    "val/reconstruction": 2.516142330051322e-06,
    "val/regularization": 7.148656955403315e-06
}