{
    "val/dynamics_x": 4.127859922247078e-07,
    "val/dynamics_z": 0.0,
    "val/loss": 1.013428119031774e-05,
    "val/reconstruction": 1.7773709358892049e-06,
    "val/regularization": 7.944124262203827e-06
}