{
    "val/dynamics_x": 6.093166732569334e-07,
    "val/dynamics_z": 0.0,
    "val/loss": 1.2233293832167639e-05,
    "val/reconstruction": 2.6769766877865787e-06,
    "val/regularization": 8.947000471124126e-06
}