{
    "val/dynamics_x": 2.7252111400615033e-07,
    "val/dynamics_z": 0.0,
    "val/loss": 8.465775128560727e-06,
    "val/reconstruction": 5.763739945694642e-07,
    "val/regularization": 7.616880019985113e-06
}