{
    "val/dynamics_x": 4.2680677016680205e-07,
    "val/dynamics_z": 0.0,
    "val/loss": 9.470910142320073e-06,
    "val/reconstruction": 8.910085048683927e-07,
    "val/regularization": 8.153094867284878e-06
}