{
    "val/dynamics_x": 1.8449801199493174e-06,
    "val/dynamics_z": 0.0,
    "val/loss": 2.214258569296571e-05,
    "val/reconstruction": 3.0817836376647766e-06,
    "val/regularization": 1.7215821935351615e-05
}