{
    "val/dynamics_x": 1.349961711402477e-07,
    "val/dynamics_z": 0.0,
    "val/loss": 8.751981008162888e-07,
    "val/reconstruction": 7.402019296760412e-07
}