{
    "val/dynamics_x": 1.7088523906061599e-07,
    "val/dynamics_z": 0.0,
    "val/loss": 7.922462523844316e-06,
    "val/reconstruction": 7.023860386549208e-07,
    "val/regularization": 7.049191246128779e-06
}