{
    "val/dynamics_x": 0.0010009574493315687,
    "val/dynamics_z": 0.0,
    "val/loss": 0.034745248427990996,
    "val/reconstruction": 0.03373690382506063,
    "val/regularization": 7.387153598797715e-06
}