{
    "val/dynamics_x": 0.0010134565914853935,
    "val/dynamics_z": 0.0,
    "val/loss": 0.03499151753926607,
    "val/reconstruction": 0.03397806094778068
}