{
    "val/dynamics_x": 0.0008258459677748448,
    "val/dynamics_z": 0.0,
    "val/loss": 0.03318035836085097,
    "val/reconstruction": 0.032345126071375144,
    "val/regularization": 9.386321700976774e-06
}