{
    "val/dynamics_x": 3.664864471763319e-06,
    "val/dynamics_z": 0.0,
    "val/loss": 7.2969387246991535e-06,
    "val/reconstruction": 3.6320742529358343e-06,
    "train/dynamics_x": 3.1627134015206377e-06,
    "train/dynamics_z": 0.0,
    "train/loss": 1.178923750166292e-05,
    "train/reconstruction": 4.230817439119181e-06,
    "train/regularization": 4.395706661023101e-06
}