{
    "val/dynamics_x": 4.49440509882075e-06,
    "val/dynamics_z": 0.0,
    "val/loss": 1.884806905773036e-05,
    "val/reconstruction": 9.806608404684252e-06,
    "val/regularization": 4.547055554225356e-06
}