{
    "val/dynamics_x": 4.302021180316661e-06,
    "val/dynamics_z": 0.0,
    "val/loss": 1.541851529616528e-05,
    "val/reconstruction": 3.1280411334377873e-06,
    "val/regularization": 7.98845298241083e-06
}