{
    "val/dynamics_x": 3.7912251697981413e-06,
    "val/dynamics_z": 0.0,
    "val/loss": 1.530110308899928e-05,
    "val/reconstruction": 4.587169952575908e-06,
    "val/regularization": 6.922707966625232e-06
}