{
    "val/dynamics_x": 2.250238290363358e-06,
    "val/dynamics_z": 0.0,
    "val/loss": 1.6479927137244544e-05,
    "val/reconstruction": 4.4343016527467405e-06,
    "val/regularization": 9.795387194134445e-06
}