{
    "val/dynamics_x": 4.6535311658292654e-06,
    "val/dynamics_z": 0.0,
    "val/loss": 2.4141006724589572e-05,
    "val/reconstruction": 4.252226000788747e-06,
    "val/regularization": 1.5235249557971558e-05
}