{
    "val/dynamics_x": 2.4250513136030288e-06,
    "val/dynamics_z": 0.0,
    "val/loss": 1.1092995352818355e-05,
    "val/reconstruction": 2.8782055288454943e-06,
    "val/regularization": 5.7897385103698315e-06
}