{
    "val/dynamics_x": 2.8000673688764194e-06,
    "val/dynamics_z": 0.0,
    "val/loss": 1.1791589258238644e-05,
    "val/reconstruction": 2.930214189037193e-06,
    "val/regularization": 6.061307700325031e-06
}