{
    "val/dynamics_x": 4.660332426332014e-06,
    "val/dynamics_z": 0.0,
    "val/loss": 1.4911124913469427e-05,
    "val/reconstruction": 5.747642818706318e-06,
    "val/regularization": 4.503149668431096e-06
}