{
    "val/dynamics_x": 3.752303239558666e-06,
    "val/dynamics_z": 0.0,
    "val/loss": 1.190332276316446e-05,
    "val/reconstruction": 3.6863929752603305e-06,
    "val/regularization": 4.464626548345463e-06
}