{
    "val/dynamics_x": 4.156646763287461e-06,
    "val/dynamics_z": 0.0,
    "val/loss": 1.5344720172545406e-05,
    "val/reconstruction": 6.596039087527628e-06,
    "val/regularization": 4.5920343217303174e-06
}