{
    "val/dynamics_x": 5.431923861730688e-06,
    "val/dynamics_z": 0.0,
    "val/loss": 2.038520265178952e-05,
    "val/reconstruction": 9.403053065566909e-06,
    "val/regularization": 5.5502257244919215e-06
}