{
    "val/dynamics_x": 2.902936610986707e-06,
    "val/dynamics_z": 0.0,
    "val/loss": 1.8891204553879232e-05,
    "val/reconstruction": 3.675362556307163e-06,
    "val/regularization": 1.2312905386585362e-05
}