{
    "val/dynamics_x": 4.501135590228777e-07,
    "val/dynamics_z": 0.0,
    "val/loss": 1.1500435787201188e-05,
    "val/reconstruction": 1.1581658963560998e-06,
    "val/regularization": 9.89215633182221e-06
}