{
    "val/dynamics_x": 6.53824823807616e-07,
    "val/dynamics_z": 0.0,
    "val/loss": 1.3102889400395869e-05,
    "val/reconstruction": 1.8526186632621797e-06,
    "val/regularization": 1.0596445913326073e-05
}