{
    "val/dynamics_x": 3.793725760455845e-07,
    "val/dynamics_z": 0.0,
    "val/loss": 1.1678994534355051e-05,
    "val/reconstruction": 1.6214302480784483e-06,
    "val/regularization": 9.678191710231018e-06
}