{
    "val/dynamics_x": 5.241443907900182e-07,
    "val/dynamics_z": 0.0,
    "val/loss": 1.4640023401514063e-05,
    "val/reconstruction": 4.0736597066849615e-06,
    "val/regularization": 1.0042219304039082e-05
}