{
    "val/dynamics_x": 5.800217796004141e-07,
    "val/dynamics_z": 0.0,
    "val/loss": 1.3131492335145581e-05,
    "val/reconstruction": 2.2098515521226527e-06,
    "val/regularization": 1.0341619003422514e-05
}