{
    "val/dynamics_x": 3.961298134604904e-07,
    "val/dynamics_z": 0.0,
    "val/loss": 1.337711902001465e-06,
    "val/reconstruction": 9.415820885409746e-07
}