{
    "val/dynamics_x": 5.444077504892705e-07,
    "val/dynamics_z": 0.0,
    "val/loss": 2.2436609010308905e-05,
    "val/reconstruction": 1.1955139182530338e-05,
    "val/regularization": 9.937062077289294e-06
}