{
    "val/dynamics_x": 5.977395687221652e-07,
    "val/dynamics_z": 0.0,
    "val/loss": 1.2479636662914385e-05,
    "val/reconstruction": 1.7214282342357222e-06,
    "val/regularization": 1.0160468859956498e-05
}