{
    "val/dynamics_x": 4.000507245948164e-07,
    "val/dynamics_z": 0.0,
    "val/loss": 1.0974628561736936e-05,
    "val/reconstruction": 8.322352693880769e-07,
    "val/regularization": 9.742342567754043e-06
}