{
    "val/dynamics_x": 4.5205211524824484e-07,
    "val/dynamics_z": 0.0,
    "val/loss": 1.1135844323401434e-05,
    "val/reconstruction": 6.960545623115658e-07,
    "val/regularization": 9.987737645841623e-06
}