{
    "val/dynamics_x": 7.938249785885916e-07,
    "val/dynamics_z": 0.0,
    "val/loss": 1.3550329294167096e-05,
    "val/reconstruction": 1.8144324125343427e-06,
    "val/regularization": 1.0942071903044162e-05
}