{
    "val/dynamics_x": 4.112158604851232e-07,
    "val/dynamics_z": 0.0,
    "val/loss": 2.008517614352233e-06,
    "val/reconstruction": 1.5973017538671098e-06
}