{
    "val/dynamics_x": 4.033444724882429e-07,
    "val/dynamics_z": 0.0,
    "val/loss": 1.7683863916317932e-05,
    "val/reconstruction": 6.576896339538507e-06,
    "val/regularization": 1.0703623047447763e-05
}