{
    "val/dynamics_x": 1.3333363995116088e-06,
    "val/dynamics_z": 0.0,
    "val/loss": 3.435169855947606e-05,
    "val/reconstruction": 1.9715413145604543e-05,
    "val/regularization": 1.3302950719662476e-05
}