{
    "val/dynamics_x": 4.290076844881696e-07,
    "val/dynamics_z": 0.0,
    "val/loss": 1.4965455193305388e-05,
    "val/reconstruction": 4.183374130661832e-06,
    "val/regularization": 1.0353072866564617e-05
}