{
    "val/dynamics_x": 4.120894629977556e-07,
    "val/dynamics_z": 0.0,
    "val/loss": 1.1875309610331897e-05,
    "val/reconstruction": 1.2829128763769404e-06,
    "val/regularization": 1.0180307072005235e-05
}