{
    "val/dynamics_x": 4.3156654783160775e-07,
    "val/dynamics_z": 0.0,
    "val/loss": 1.5378878742922097e-05,
    "val/reconstruction": 4.691327831096714e-06,
    "val/regularization": 1.0255985216645058e-05
}