{
    "val/dynamics_x": 8.192587301891763e-07,
    "val/dynamics_z": 0.0,
    "val/loss": 2.1964695406495593e-05,
    "val/reconstruction": 9.324313396064099e-06,
    "val/regularization": 1.1821122825494967e-05
}