{
    "val/dynamics_x": 0.011934480629861355,
    "val/dynamics_z": 0.0,
    "val/loss": 0.1402721256017685,
    "val/reconstruction": 0.12833765149116516,
    "train/dynamics_x": 0.012540549971163273,
    "train/dynamics_z": 0.0,
    "train/loss": 0.20742705464363098,
    "train/reconstruction": 0.19487324357032776,
    "train/regularization": 1.3168724763090722e-05
}