{
    "val/dynamics_x": 0.011969617567956448,
    "val/dynamics_z": 0.0,
    "val/loss": 0.16075117886066437,
    "val/reconstruction": 0.14878156781196594
}