{
    "val/dynamics_x": 0.011934480629861355,
    "val/dynamics_z": 0.0,
    "val/loss": 0.1402721256017685,
    "val/reconstruction": 0.12833765149116516
}