{
    "val/dynamics_x": 0.013721560128033161,
    "val/dynamics_z": 0.0,
    "val/loss": 0.1814596801996231,
    "val/reconstruction": 0.16772499680519104,
    "val/regularization": 1.3124431461619679e-05
}