{
    "val/dynamics_x": 0.021014591678977013,
    "val/dynamics_z": 0.0,
    "val/loss": 0.3620319664478302,
    "val/reconstruction": 0.34100398421287537,
    "val/regularization": 1.3380436939769424e-05
}