{
    "val/dynamics_x": 0.017730968073010445,
    "val/dynamics_z": 0.0,
    "val/loss": 0.2888471782207489,
    "val/reconstruction": 0.27110281586647034,
    "val/regularization": 1.3389210835157428e-05
}