{
    "val/dynamics_x": 0.017989998683333397,
    "val/dynamics_z": 0.0,
    "val/loss": 0.20215295255184174,
    "val/reconstruction": 0.18414941430091858,
    "val/regularization": 1.3540305189962965e-05
}