{
    "val/dynamics_x": 1.4009941004551325e-07,
    "val/dynamics_z": 0.0,
    "val/loss": 5.728720026469052e-07,
    "val/reconstruction": 4.32772592601392e-07,
    "train/dynamics_x": 2.2159446597944967e-07,
    "train/dynamics_z": 0.0,
    "train/loss": 9.820275361496321e-06,
    "train/reconstruction": 1.6532089312411683e-06,
    "train/regularization": 7.945471964275707e-06
}