{
    "val/dynamics_x": 6.888538465644195e-07,
    "val/dynamics_z": 0.0,
    "val/loss": 2.6883129807616743e-05,
    "val/reconstruction": 1.4518221508986216e-05,
    "val/regularization": 1.1676054452066108e-05
}