{
    "val/dynamics_x": 1.8249070771512243e-07,
    "val/dynamics_z": 0.0,
    "val/loss": 1.2320671817114649e-05,
    "val/reconstruction": 3.8078893131680324e-06,
    "val/regularization": 8.330291796231493e-06
}