{
    "val/dynamics_x": 7.741475508587608e-07,
    "val/dynamics_z": 0.0,
    "val/loss": 1.7253544185633813e-05,
    "val/reconstruction": 1.7848113270701963e-06,
    "val/regularization": 1.4694585307704856e-05
}