{
    "val/dynamics_x": 1.478352034934777e-07,
    "val/dynamics_z": 0.0,
    "val/loss": 8.698616569615605e-06,
    "val/reconstruction": 4.327053686536458e-07,
    "val/regularization": 8.118075997468482e-06
}