{
    "val/dynamics_x": 3.447088051085506e-07,
    "val/dynamics_z": 0.0,
    "val/loss": 1.749539415297835e-05,
    "val/reconstruction": 7.4512842259491605e-06,
    "val/regularization": 9.699401121920638e-06
}