{
    "val/dynamics_x": 1.547337166636147e-07,
    "val/dynamics_z": 0.0,
    "val/loss": 1.1385987355536239e-05,
    "val/reconstruction": 3.206940921867005e-06,
    "val/regularization": 8.024312717005619e-06
}