{
    "val/dynamics_x": 4.290225446130826e-07,
    "val/dynamics_z": 0.0,
    "val/loss": 1.6662716455170785e-05,
    "val/reconstruction": 6.07711281269042e-06,
    "val/regularization": 1.0156581097867283e-05
}