{
    "val/dynamics_x": 1.6102085980768113e-07,
    "val/dynamics_z": 0.0,
    "val/loss": 9.23448338110382e-06,
    "val/reconstruction": 8.289791612193683e-07,
    "val/regularization": 8.244483360076771e-06
}