{
    "val/dynamics_x": 4.097007957899204e-07,
    "val/dynamics_z": 0.0,
    "val/loss": 1.587061161237075e-05,
    "val/reconstruction": 5.417703655503548e-06,
    "val/regularization": 1.0043207161077284e-05
}