{
    "val/dynamics_x": 2.3760059750560172e-06,
    "val/dynamics_z": 0.0,
    "val/loss": 2.9553768343048968e-05,
    "val/reconstruction": 4.630365900091561e-06,
    "val/regularization": 2.254739646790139e-05
}