{
    "val/dynamics_x": 1.345837762793061e-07,
    "val/dynamics_z": 0.0,
    "val/loss": 8.927413254492041e-06,
    "val/reconstruction": 8.101983830351326e-07,
    "val/regularization": 7.982631095177603e-06
}