{
    "val/dynamics_x": 5.989618548686696e-07,
    "val/dynamics_z": 0.0,
    "val/loss": 1.403776208238798e-05,
    "val/reconstruction": 2.7383857467522674e-06,
    "val/regularization": 1.0700414480767043e-05
}