{
    "val/dynamics_x": 2.2384500590107447e-07,
    "val/dynamics_z": 0.0,
    "val/loss": 1.188204343927357e-05,
    "val/reconstruction": 2.9699906830352617e-06,
    "val/regularization": 8.688207750337233e-06
}