{
    "val/dynamics_x": 4.465272273654377e-07,
    "val/dynamics_z": 0.0,
    "val/loss": 1.1350830986610518e-05,
    "val/reconstruction": 6.034105164356094e-07,
    "val/regularization": 1.0300893242809471e-05
}