{
    "val/dynamics_x": 6.702672984877768e-07,
    "val/dynamics_z": 0.0,
    "val/loss": 2.6033792406231353e-05,
    "val/reconstruction": 1.290750558470445e-05,
    "val/regularization": 1.2456019523039126e-05
}