{
    "val/dynamics_x": 1.49617138065485e-07,
    "val/dynamics_z": 0.0,
    "val/loss": 3.484870545249247e-06,
    "val/reconstruction": 3.3352534071837622e-06
}