{
    "val/dynamics_x": 1.5237994254663752e-07,
    "val/dynamics_z": 0.0,
    "val/loss": 8.83923318678763e-06,
    "val/reconstruction": 6.180722201172656e-07,
    "val/regularization": 8.068781024123726e-06
}