{
    "val/dynamics_x": 1.548076802882948e-07,
    "val/dynamics_z": 0.0,
    "val/loss": 1.0485407379229134e-05,
    "val/reconstruction": 2.1522507839695618e-06,
    "val/regularization": 8.178348914971277e-06
}