{
    "val/dynamics_x": 6.001719054302932e-07,
    "val/dynamics_z": 0.0,
    "val/loss": 1.2490398040591643e-05,
    "val/reconstruction": 7.385634085726101e-07,
    "val/regularization": 1.115166272658874e-05
}