{
    "val/dynamics_x": 3.1726410324943503e-07,
    "val/dynamics_z": 0.0,
    "val/loss": 2.1268726998538437e-05,
    "val/reconstruction": 1.1788998983074853e-05,
    "val/regularization": 9.162463912214151e-06
}