{
    "val/dynamics_x": 5.429396403291672e-07,
    "val/dynamics_z": 0.0,
    "val/loss": 1.8155711855946515e-05,
    "val/reconstruction": 7.1362768294919435e-06,
    "val/regularization": 1.0476495386125405e-05
}