{
    "val/dynamics_x": 1.1740064607273009e-06,
    "val/dynamics_z": 0.0,
    "val/loss": 2.8459190239456756e-05,
    "val/reconstruction": 9.221269429299128e-06,
    "val/regularization": 1.8063914349430327e-05
}