{
    "val/dynamics_x": 0.0005396629504484409,
    "val/dynamics_z": 0.0,
    "val/loss": 0.032257699282944814,
    "val/reconstruction": 0.03169849150647152,
    "val/regularization": 1.9544826024858473e-05
}