{
    "val/dynamics_x": 0.00053109322867283,
    "val/dynamics_z": 0.0,
    "val/loss": 0.03010707254022964,
    "val/reconstruction": 0.02957597931155681
}