{
    "val/dynamics_x": 2.564387204835544e-07,
    "val/dynamics_z": 0.0,
    "val/loss": 1.0211891843728302e-05,
    "val/reconstruction": 3.8797633138164514e-07,
    "val/regularization": 9.567476791863103e-06
}