{
    "val/dynamics_x": 1.4009941004551325e-07,
    "val/dynamics_z": 0.0,
    "val/loss": 5.728720026469052e-07,
    "val/reconstruction": 4.32772592601392e-07
}