{
    "val/dynamics_x": 2.7878644254248096e-07,
    "val/dynamics_z": 0.0,
    "val/loss": 1.7012907716061718e-05,
    "val/reconstruction": 7.330381262607989e-06,
    "val/regularization": 9.403740010911249e-06
}