{
    "val/dynamics_x": 3.405458909259948e-07,
    "val/dynamics_z": 0.0,
    "val/loss": 1.2851882859562988e-05,
    "val/reconstruction": 2.585649120645412e-06,
    "val/regularization": 9.92568784799158e-06
}