{
    "val/dynamics_x": 1.2422642922109855e-06,
    "val/dynamics_z": 0.0,
    "val/loss": 1.073146464975409e-05,
    "val/reconstruction": 1.7996886882626496e-06,
    "val/regularization": 7.689511669280454e-06
}