{
    "val/dynamics_x": 4.6414744269637503e-07,
    "val/dynamics_z": 0.0,
    "val/loss": 9.757659501018026e-06,
    "val/reconstruction": 2.167353868107204e-06,
    "val/regularization": 7.126158190214448e-06
}