{
    "val/dynamics_x": 4.062276256928703e-07,
    "val/dynamics_z": 0.0,
    "val/loss": 9.459979745993602e-06,
    "val/reconstruction": 2.116827630372191e-06,
    "val/regularization": 6.936924489928541e-06
}