{
    "val/dynamics_x": 9.236553507559791e-07,
    "val/dynamics_z": 0.0,
    "val/loss": 1.2330835264798674e-05,
    "val/reconstruction": 3.171553170926275e-06,
    "val/regularization": 8.235626743116418e-06
}