{
    "val/dynamics_x": 4.018916849302751e-07,
    "val/dynamics_z": 0.0,
    "val/loss": 9.514472050352934e-06,
    "val/reconstruction": 2.2105824854852084e-06,
    "val/regularization": 6.90199787993745e-06
}