{
    "val/dynamics_x": 1.6948356809634175e-06,
    "val/dynamics_z": 0.0,
    "val/loss": 2.7889061129742832e-05,
    "val/reconstruction": 1.5612425492711955e-05,
    "val/regularization": 1.0581799956067456e-05
}