{
    "val/dynamics_x": 9.009851353863966e-07,
    "val/dynamics_z": 0.0,
    "val/loss": 1.3553757784881865e-05,
    "val/reconstruction": 5.19809827321813e-06,
    "val/regularization": 7.454674376277339e-06
}