{
    "val/dynamics_x": 5.785961702437344e-07,
    "val/dynamics_z": 0.0,
    "val/loss": 1.1326754884134251e-05,
    "val/reconstruction": 3.548583267681122e-06,
    "val/regularization": 7.199575446209395e-06
}