{
    "val/dynamics_x": 6.243792787013607e-07,
    "val/dynamics_z": 0.0,
    "val/loss": 1.024457822012548e-05,
    "val/reconstruction": 2.3231842566617306e-06,
    "val/regularization": 7.297014684762388e-06
}