{
    "val/dynamics_x": 1.1436177610537183e-06,
    "val/dynamics_z": 0.0,
    "val/loss": 1.8767994846941472e-05,
    "val/reconstruction": 1.0560404316547584e-05,
    "val/regularization": 7.063972769340169e-06
}