{
    "val/dynamics_x": 5.183015697011748e-07,
    "val/dynamics_z": 0.0,
    "val/loss": 1.119786631589549e-05,
    "val/reconstruction": 3.702454509953608e-06,
    "val/regularization": 6.977110236240706e-06
}