{
    "val/dynamics_x": 3.810172315000974e-07,
    "val/dynamics_z": 0.0,
    "val/loss": 9.562078830439717e-06,
    "val/reconstruction": 2.1641681413182073e-06,
    "val/regularization": 7.016893457621411e-06
}