{
    "val/dynamics_x": 4.474607096859912e-07,
    "val/dynamics_z": 0.0,
    "val/loss": 1.5762737696164918e-06,
    "val/reconstruction": 1.1288130599305006e-06,
    "train/dynamics_x": 3.535104681590544e-07,
    "train/dynamics_z": 0.0,
    "train/loss": 1.0825135853593085e-05,
    "train/reconstruction": 8.762588068502605e-07,
    "train/regularization": 9.59536657858377e-06
}