{
    "val/dynamics_x": 4.7133124731332124e-07,
    "val/dynamics_z": 0.0,
    "val/loss": 1.3344562145258124e-05,
    "val/reconstruction": 2.9279004945049102e-06,
    "val/regularization": 9.945330403439892e-06
}