{
    "val/dynamics_x": 3.17440902935609e-06,
    "val/dynamics_z": 0.0,
    "val/loss": 2.8524620558811538e-05,
    "val/reconstruction": 6.095759026501847e-06,
    "val/regularization": 1.92544525029536e-05
}