{
    "val/dynamics_x": 4.1877391111222714e-07,
    "val/dynamics_z": 0.0,
    "val/loss": 1.090642603542522e-05,
    "val/reconstruction": 8.373019240861219e-07,
    "val/regularization": 9.65035020022687e-06
}