{
    "val/dynamics_x": 4.474607096859912e-07,
    "val/dynamics_z": 0.0,
    "val/loss": 1.5762737696164918e-06,
    "val/reconstruction": 1.1288130599305006e-06
}