{
    "val/dynamics_x": 4.99771082091487e-07,
    "val/dynamics_z": 0.0,
    "val/loss": 1.1783213759237989e-05,
    "val/reconstruction": 1.2284399730465773e-06,
    "val/regularization": 1.0055002704099925e-05
}