{
    "val/dynamics_x": 5.003463346440168e-07,
    "val/dynamics_z": 0.0,
    "val/loss": 1.2079405089433107e-05,
    "val/reconstruction": 1.1952626363914156e-06,
    "val/regularization": 1.0383796118397674e-05
}