{
    "val/dynamics_x": 4.7168377511287676e-07,
    "val/dynamics_z": 0.0,
    "val/loss": 1.170187820431631e-05,
    "val/reconstruction": 1.5499669382030403e-06,
    "val/regularization": 9.680227491000395e-06
}