{
    "val/dynamics_x": 4.2306568483969796e-07,
    "val/dynamics_z": 0.0,
    "val/loss": 1.1252933881873166e-05,
    "val/reconstruction": 1.0512343799859557e-06,
    "val/regularization": 9.778633817047513e-06
}