{
    "val/dynamics_x": 5.358386667266793e-07,
    "val/dynamics_z": 0.0,
    "val/loss": 1.7415329033691645e-05,
    "val/reconstruction": 7.135429539477505e-06,
    "val/regularization": 9.74406082748746e-06
}