{
    "val/dynamics_x": 1.118374996177273e-06,
    "val/dynamics_z": 0.0,
    "val/loss": 2.8438833155107128e-05,
    "val/reconstruction": 1.496638895433015e-05,
    "val/regularization": 1.2354069204599708e-05
}