{
    "val/dynamics_x": 4.283593376706155e-07,
    "val/dynamics_z": 0.0,
    "val/loss": 1.1764945809261044e-05,
    "val/reconstruction": 1.4817447967025022e-06,
    "val/regularization": 9.854841674887927e-06
}