{
    "val/dynamics_x": 4.6159086966982187e-07,
    "val/dynamics_z": 0.0,
    "val/loss": 1.1066627352618717e-05,
    "val/reconstruction": 8.932974999718117e-07,
    "val/regularization": 9.711738982977083e-06
}