{
    "val/dynamics_x": 4.7198591240863863e-07,
    "val/dynamics_z": 0.0,
    "val/loss": 1.2104039514704183e-05,
    "val/reconstruction": 1.6352731230952707e-06,
    "val/regularization": 9.996780479200273e-06
}