{
    "val/dynamics_x": 7.640148940335097e-07,
    "val/dynamics_z": 0.0,
    "val/loss": 1.5384569172561066e-05,
    "val/reconstruction": 3.4127913101610483e-06,
    "val/regularization": 1.1207762968366506e-05
}