{
    "val/dynamics_x": 8.757035540177618e-07,
    "val/dynamics_z": 0.0,
    "val/loss": 1.7659351754859474e-05,
    "val/reconstruction": 5.1819225548465245e-06,
    "val/regularization": 1.160172564599519e-05
}