{
    "val/dynamics_x": 5.933854934577578e-07,
    "val/dynamics_z": 0.0,
    "val/loss": 1.2327020401996614e-05,
    "val/reconstruction": 1.4592626474887254e-06,
    "val/regularization": 1.0274372261050131e-05
}