{
    "val/dynamics_x": 4.418728299412371e-07,
    "val/dynamics_z": 0.0,
    "val/loss": 1.2127256442633155e-05,
    "val/reconstruction": 1.8685189756837158e-06,
    "val/regularization": 9.816864637008201e-06
}