{
    "val/dynamics_x": 4.338011283946194e-07,
    "val/dynamics_z": 0.0,
    "val/loss": 1.4061539319730002e-05,
    "val/reconstruction": 3.7291432727683053e-06,
    "val/regularization": 9.898594918567078e-06
}