{
    "val/dynamics_x": 4.997021162546084e-07,
    "val/dynamics_z": 0.0,
    "val/loss": 3.003058344560153e-06,
    "val/reconstruction": 2.5033562283055443e-06
}