{
    "val/dynamics_x": 5.59433601594837e-07,
    "val/dynamics_z": 0.0,
    "val/loss": 1.2122100764500781e-05,
    "val/reconstruction": 1.3741445690728678e-06,
    "val/regularization": 1.0188522593833076e-05
}