{
    "val/dynamics_x": 7.743369329508377e-07,
    "val/dynamics_z": 0.0,
    "val/loss": 1.7602559989221272e-05,
    "val/reconstruction": 5.563485198062279e-06,
    "val/regularization": 1.1264737858208155e-05
}