{
    "val/dynamics_x": 4.161909223818854e-07,
    "val/dynamics_z": 0.0,
    "val/loss": 7.21857915462437e-06,
    "val/reconstruction": 6.802388232242485e-06
}