{
    "val/dynamics_x": 6.224138346562364e-07,
    "val/dynamics_z": 0.0,
    "val/loss": 1.3889907403583667e-05,
    "val/reconstruction": 2.2281116736914844e-06,
    "val/regularization": 1.1039381895235947e-05
}