{
    "val/dynamics_x": 3.1274539434411625e-07,
    "val/dynamics_z": 0.0,
    "val/loss": 1.1438620800451555e-05,
    "val/reconstruction": 1.180228558330155e-06,
    "val/regularization": 9.945646847777284e-06
}