{
    "val/dynamics_x": 4.267875943567223e-07,
    "val/dynamics_z": 0.0,
    "val/loss": 1.7349615278326643e-05,
    "val/reconstruction": 6.868215782022648e-06,
    "val/regularization": 1.0054611901947271e-05
}