{
    "val/dynamics_x": 5.060411245157049e-06,
    "val/dynamics_z": 0.0,
    "val/loss": 2.8656940446021942e-05,
    "val/reconstruction": 4.082038286985983e-06,
    "val/regularization": 1.951449091387891e-05
}