{
    "val/dynamics_x": 3.5980405115991967e-07,
    "val/dynamics_z": 0.0,
    "val/loss": 1.2734948141948919e-05,
    "val/reconstruction": 2.181684417452206e-06,
    "val/regularization": 1.0193459673336794e-05
}