{
    "val/dynamics_x": 3.4199445504324846e-07,
    "val/dynamics_z": 0.0,
    "val/loss": 1.0969706759986408e-05,
    "val/reconstruction": 8.036531729431284e-07,
    "val/regularization": 9.824059132000031e-06
}