{
    "val/dynamics_x": 9.363334441810597e-07,
    "val/dynamics_z": 0.0,
    "val/loss": 1.4933882861801353e-05,
    "val/reconstruction": 2.184134345513951e-06,
    "val/regularization": 1.1813415072106341e-05
}