{
    "val/dynamics_x": 1.69289551850569e-06,
    "val/dynamics_z": 0.0,
    "val/loss": 2.4245404899308725e-05,
    "val/reconstruction": 7.450419123182064e-06,
    "val/regularization": 1.5102090257620971e-05
}