{
    "val/dynamics_x": 3.191565856185993e-07,
    "val/dynamics_z": 0.0,
    "val/loss": 1.136254465444698e-05,
    "val/reconstruction": 1.0278175693076386e-06,
    "val/regularization": 1.0015570499520742e-05
}