{
    "val/dynamics_x": 5.611745772154833e-07,
    "val/dynamics_z": 0.0,
    "val/loss": 1.4539333063484677e-05,
    "val/reconstruction": 3.1368477891478308e-06,
    "val/regularization": 1.0841310697121363e-05
}