{
    "val/dynamics_x": 4.6578737678275093e-07,
    "val/dynamics_z": 0.0,
    "val/loss": 1.1924278090180157e-05,
    "val/reconstruction": 8.798358354531182e-07,
    "val/regularization": 1.0578654877944288e-05
}