{
    "val/dynamics_x": 3.3117894555411145e-07,
    "val/dynamics_z": 0.0,
    "val/loss": 1.1834449913927407e-05,
    "val/reconstruction": 1.524868317351182e-06,
    "val/regularization": 9.978402651022113e-06
}