{
    "val/dynamics_x": 3.174046353582506e-07,
    "val/dynamics_z": 0.0,
    "val/loss": 1.1540585465876952e-05,
    "val/reconstruction": 1.310499916173539e-06,
    "val/regularization": 9.912680914345163e-06
}