{
    "val/dynamics_x": 0.0012394168596975665,
    "val/dynamics_z": 0.0,
    "val/loss": 0.03791492327685058,
    "val/reconstruction": 0.036667623170361,
    "val/regularization": 7.883246792014412e-06
}