{
    "val/dynamics_x": 0.0007012157919778973,
    "val/dynamics_z": 0.0,
    "val/loss": 0.03210903564282779,
    "val/reconstruction": 0.031407819850849894,
    "train/dynamics_x": 2.817243667693318e-07,
    "train/dynamics_z": 0.0,
    "train/loss": 1.2644386657140323e-06,
    "train/reconstruction": 9.82714298944701e-07
}