{
    "val/dynamics_x": 0.0007304795837561953,
    "val/dynamics_z": 0.0,
    "val/loss": 0.03284127103645891,
    "val/reconstruction": 0.03210107809901561,
    "val/regularization": 9.71335368709931e-06
}