{
    "val/dynamics_x": 0.0012948564688777435,
    "val/dynamics_z": 0.0,
    "val/loss": 0.05216442568621637,
    "val/reconstruction": 0.05086010771607193,
    "val/regularization": 9.4615012666877e-06
}