{
    "val/dynamics_x": 0.0013088968809232134,
    "val/dynamics_z": 0.0,
    "val/loss": 0.05227896124780076,
    "val/reconstruction": 0.05096138548194962,
    "val/regularization": 8.678884927929392e-06
}