{
    "val/dynamics_x": 0.001291002418741391,
    "val/dynamics_z": 0.0,
    "val/loss": 0.05235636582829595,
    "val/reconstruction": 0.05105528480653661,
    "val/regularization": 1.0078603017951834e-05
}