{
    "val/dynamics_x": 0.00146145538335413,
    "val/dynamics_z": 0.0,
    "val/loss": 0.054725172424510304,
    "val/reconstruction": 0.05326371704115617
}