{
    "val/dynamics_x": 0.0011681379983319424,
    "val/dynamics_z": 0.0,
    "val/loss": 0.03589148766902002,
    "val/reconstruction": 0.034707419307316086,
    "val/regularization": 1.593036337199199e-05
}