{
    "val/dynamics_x": 0.0019510415889428979,
    "val/dynamics_z": 0.0,
    "val/loss": 0.041601524452276856,
    "val/reconstruction": 0.03964294575390302,
    "val/regularization": 7.537109430940661e-06
}