{
    "val/dynamics_x": 0.0010456640222903052,
    "val/dynamics_z": 0.0,
    "val/loss": 0.03699945840995402,
    "val/reconstruction": 0.035935178001096725,
    "val/regularization": 1.8616386566990006e-05
}