{
    "val/dynamics_x": 3.883791578118689e-06,
    "val/dynamics_z": 4.891036837761931e-07,
    "val/loss": 7.452287718479056e-06,
    "val/reconstruction": 2.3540474103356246e-06,
    "val/regularization": 7.253458988998318e-07
}