{
    "val/dynamics_x": 5.6089374993462116e-06,
    "val/dynamics_z": 7.890362212492619e-07,
    "val/loss": 1.2150964721513446e-05,
    "val/reconstruction": 5.0572930376802105e-06,
    "val/regularization": 6.956992706363962e-07
}