{
    "val/dynamics_x": 0.0005264468336468004,
    "val/dynamics_z": 0.0,
    "val/loss": 0.024944360719641824,
    "val/reconstruction": 0.02440419727932121,
    "val/regularization": 1.371660667381081e-05
}