{
    "val/dynamics_x": 0.0005342358782760358,
    "val/dynamics_z": 0.0,
    "val/loss": 0.024950582832137146,
    "val/reconstruction": 0.024399466974233983,
    "val/regularization": 1.687997962712834e-05
}