{
    "val/dynamics_x": 0.0005167085387318081,
    "val/dynamics_z": 0.0,
    "val/loss": 0.02478713934182454,
    "val/reconstruction": 0.024270430803092734
}