{
    "val/dynamics_x": 2.287435345968913e-06,
    "val/dynamics_z": 0.0,
    "val/loss": 2.269078276787748e-05,
    "val/reconstruction": 7.944905256423388e-06,
    "val/regularization": 1.245844216548518e-05
}