{
    "val/dynamics_x": 2.012291882317741e-06,
    "val/dynamics_z": 0.0,
    "val/loss": 2.6974112277420992e-05,
    "val/reconstruction": 1.102811542425425e-05,
    "val/regularization": 1.3933704970849e-05
}