{
    "val/dynamics_x": 4.051313510897992e-06,
    "val/dynamics_z": 0.0,
    "val/loss": 3.469206841438314e-05,
    "val/reconstruction": 8.043744554492217e-06,
    "val/regularization": 2.2597010348992927e-05
}