{
    "val/dynamics_x": 1.7350286961045976e-06,
    "val/dynamics_z": 0.0,
    "val/loss": 3.280381873042187e-05,
    "val/reconstruction": 1.094614185029883e-05,
    "val/regularization": 2.012264818401844e-05
}