{
    "val/dynamics_x": 1.72752739034292e-06,
    "val/dynamics_z": 0.0,
    "val/loss": 1.813761417952505e-05,
    "val/reconstruction": 1.2104105702531992e-06,
    "val/regularization": 1.5199676218928932e-05
}