{
    "val/dynamics_x": 2.1189550089294304e-06,
    "val/dynamics_z": 0.0,
    "val/loss": 1.7788063735438825e-05,
    "val/reconstruction": 4.07367694282796e-06,
    "val/regularization": 1.1595431783681434e-05
}