{
    "val/dynamics_x": 1.8259180980086075e-06,
    "val/dynamics_z": 0.0,
    "val/loss": 2.7477022331482663e-06,
    "val/reconstruction": 9.217841351396585e-07
}