{
    "val/dynamics_x": 1.8930980061420473e-06,
    "val/dynamics_z": 0.0,
    "val/loss": 1.371997641867064e-05,
    "val/reconstruction": 1.4956612818785394e-06,
    "val/regularization": 1.0331217130650055e-05
}