{
    "val/dynamics_x": 1.8550394421880182e-06,
    "val/dynamics_z": 0.0,
    "val/loss": 1.9367592700960183e-05,
    "val/reconstruction": 2.928237046335644e-06,
    "val/regularization": 1.458431621243652e-05
}