{
    "val/dynamics_x": 1.940306450117891e-06,
    "val/dynamics_z": 0.0,
    "val/loss": 1.3993536400688288e-05,
    "val/reconstruction": 1.1301731833196014e-06,
    "val/regularization": 1.0923056767250796e-05
}