{
    "val/dynamics_x": 1.9431356997481606e-06,
    "val/dynamics_z": 0.0,
    "val/loss": 1.4870710227542307e-05,
    "val/reconstruction": 1.8353081110156812e-06,
    "val/regularization": 1.1092266416778465e-05
}