{
    "val/dynamics_x": 2.3049081189979752e-06,
    "val/dynamics_z": 0.0,
    "val/loss": 1.879187253850063e-05,
    "val/reconstruction": 3.2590410211808433e-06,
    "val/regularization": 1.3227923398321811e-05
}