{
    "val/dynamics_x": 2.0765288625297562e-06,
    "val/dynamics_z": 0.0,
    "val/loss": 1.7028596580918564e-05,
    "val/reconstruction": 3.1627352272450714e-06,
    "val/regularization": 1.1789332491143737e-05
}