{
    "val/dynamics_x": 1.8720226958042784e-06,
    "val/dynamics_z": 0.0,
    "val/loss": 1.4172493597789163e-05,
    "val/reconstruction": 1.8244178228652701e-06,
    "val/regularization": 1.0476053079119614e-05
}