{
    "val/dynamics_x": 1.9927751186287597e-06,
    "val/dynamics_z": 0.0,
    "val/loss": 1.4462359143141236e-05,
    "val/reconstruction": 1.8469397071076939e-06,
    "val/regularization": 1.0622644317404783e-05
}