{
    "val/dynamics_x": 2.2204909843174807e-06,
    "val/dynamics_z": 0.0,
    "val/loss": 2.1164086105063515e-05,
    "val/reconstruction": 6.721008148359406e-06,
    "val/regularization": 1.2222586972386628e-05
}