{
    "val/dynamics_x": 1.5950467622657373e-06,
    "val/dynamics_z": 0.0,
    "val/loss": 2.2135118094535684e-05,
    "val/reconstruction": 1.8672891369177935e-06,
    "val/regularization": 1.8672782195352153e-05
}