{
    "val/dynamics_x": 1.7065624527689357e-06,
    "val/dynamics_z": 0.0,
    "val/loss": 2.3530887200811566e-05,
    "val/reconstruction": 5.317046158961064e-06,
    "val/regularization": 1.6507278589081566e-05
}