{
    "val/dynamics_x": 2.380445642946662e-06,
    "val/dynamics_z": 0.0,
    "val/loss": 2.0607878729896093e-05,
    "val/reconstruction": 5.514947017857638e-06,
    "val/regularization": 1.2712486069091792e-05
}