{
    "val/dynamics_x": 1.6809274538630893e-06,
    "val/dynamics_z": 0.0,
    "val/loss": 2.1817673364915992e-05,
    "val/reconstruction": 4.3145552577231255e-06,
    "val/regularization": 1.582219065332978e-05
}