{
    "val/dynamics_x": 2.0388194309149568e-06,
    "val/dynamics_z": 0.0,
    "val/loss": 3.6106060542161084e-05,
    "val/reconstruction": 1.2724161250897184e-05,
    "val/regularization": 2.1343079860348944e-05
}