{
    "val/dynamics_x": 2.0654325152655652e-06,
    "val/dynamics_z": 0.0,
    "val/loss": 1.4080405444078258e-05,
    "val/reconstruction": 5.963422021815091e-07,
    "val/regularization": 1.1418630726631184e-05
}