{
    "val/dynamics_x": 1.949078673939168e-06,
    "val/dynamics_z": 0.0,
    "val/loss": 1.4534189567965532e-05,
    "val/reconstruction": 1.813994396229616e-06,
    "val/regularization": 1.077111649779675e-05
}