{
    "val/dynamics_x": 1.1807665606380837e-07,
    "val/dynamics_z": 0.0,
    "val/loss": 1.0663063757925355e-06,
    "val/reconstruction": 9.482297197287272e-07,
    "train/dynamics_x": 1.9155249342018375e-07,
    "train/dynamics_z": 0.0,
    "train/loss": 8.651777026472364e-06,
    "train/reconstruction": 1.4331427044838811e-06,
    "train/regularization": 7.027081828568302e-06
}