{
    "val/dynamics_x": 1.6391997872648364e-07,
    "val/dynamics_z": 0.0,
    "val/loss": 8.829878628961772e-06,
    "val/reconstruction": 1.3622687245184055e-06,
    "val/regularization": 7.303689925716882e-06
}