{
    "val/dynamics_x": 1.3743685013013777e-07,
    "val/dynamics_z": 0.0,
    "val/loss": 2.137055077578954e-06,
    "val/reconstruction": 1.999618227448816e-06
}