{
    "val/dynamics_x": 0.0009318995555942457,
    "val/dynamics_z": 0.0,
    "val/loss": 0.03624581174686404,
    "val/reconstruction": 0.03529124472639322,
    "val/regularization": 2.2667464876568763e-05
}