{
    "val/dynamics_x": 0.001106542603227481,
    "val/dynamics_z": 0.0,
    "val/loss": 0.03887290869041568,
    "val/reconstruction": 0.0377663660871882
}