{
    "val/dynamics_x": 1.2003344801359178e-06,
    "val/dynamics_z": 0.0,
    "val/loss": 8.594626723338576e-06,
    "val/reconstruction": 9.9452907379499e-07,
    "val/regularization": 6.399763169407669e-06
}