{
    "val/dynamics_x": 5.481924830489656e-06,
    "val/dynamics_z": 0.0,
    "val/loss": 3.107707299511268e-05,
    "val/reconstruction": 6.669844623736172e-06,
    "val/regularization": 1.8925303540886852e-05
}