{
    "val/dynamics_x": 1.3757437899082232e-06,
    "val/dynamics_z": 0.0,
    "val/loss": 9.72899540577779e-06,
    "val/reconstruction": 1.6066788142578917e-06,
    "val/regularization": 6.746572801611675e-06
}