{
    "val/dynamics_x": 1.2251774957040402e-06,
    "val/dynamics_z": 0.0,
    "val/loss": 9.449122640395425e-06,
    "val/reconstruction": 1.7461849316356751e-06,
    "val/regularization": 6.477760213055711e-06
}