{
    "val/dynamics_x": 1.3964726952569973e-06,
    "val/dynamics_z": 0.0,
    "val/loss": 1.1285278253187054e-05,
    "val/reconstruction": 3.2393308057503063e-06,
    "val/regularization": 6.649474752179751e-06
}