{
    "val/dynamics_x": 2.742525007621731e-06,
    "val/dynamics_z": 0.0,
    "val/loss": 1.4852108302321853e-05,
    "val/reconstruction": 2.4872389557338525e-06,
    "val/regularization": 9.62234433896627e-06
}