{
    "val/dynamics_x": 1.7422516486186404e-05,
    "val/dynamics_z": 0.0,
    "val/loss": 6.731446259303084e-05,
    "val/reconstruction": 2.8401739483768603e-05,
    "val/regularization": 2.1490206623075836e-05
}