{
    "val/dynamics_x": 1.2998914518152362e-06,
    "val/dynamics_z": 0.0,
    "val/loss": 9.37612168391508e-06,
    "val/reconstruction": 1.516726844654662e-06,
    "val/regularization": 6.559503387445183e-06
}