{
    "val/dynamics_x": 7.831750532820094e-06,
    "val/dynamics_z": 0.0,
    "val/loss": 5.261821457488606e-05,
    "val/reconstruction": 2.3828746792721103e-05,
    "val/regularization": 2.095771724934486e-05
}