{
    "val/dynamics_x": 3.494382116017763e-06,
    "val/dynamics_z": 0.0,
    "val/loss": 1.867587040947914e-05,
    "val/reconstruction": 2.0204016525248396e-06,
    "val/regularization": 1.3161086640936535e-05
}