{
    "val/dynamics_x": 0.0005859286027920888,
    "val/dynamics_z": 0.0,
    "val/loss": 0.03384599571129174,
    "val/reconstruction": 0.033240070346448505,
    "val/regularization": 1.999676205114249e-05
}