{
    "val/dynamics_x": 0.0005883151246188528,
    "val/dynamics_z": 0.0,
    "val/loss": 0.033432448568319305,
    "val/reconstruction": 0.032831700388312686,
    "val/regularization": 1.2433055387761675e-05
}