{
    "val/dynamics_x": 0.0006240565801144015,
    "val/dynamics_z": 0.0,
    "val/loss": 0.03380268791425483,
    "val/reconstruction": 0.03317199042828634,
    "val/regularization": 6.640905854084975e-06
}