{
    "val/dynamics_x": 0.0005751654398306824,
    "val/dynamics_z": 0.0,
    "val/loss": 0.033360884722030394,
    "val/reconstruction": 0.03277039743503525,
    "val/regularization": 1.5321847164463818e-05
}