{
    "val/dynamics_x": 0.0016144828452729404,
    "val/dynamics_z": 0.0,
    "val/loss": 0.048160928489049765,
    "val/reconstruction": 0.04654644564377682
}