{
    "val/dynamics_x": 0.0011767129026489392,
    "val/dynamics_z": 0.0,
    "val/loss": 0.04450615186979679,
    "val/reconstruction": 0.043317753945934234,
    "val/regularization": 1.1685021213617296e-05
}