{
    "val/dynamics_x": 0.0008259434217550604,
    "val/dynamics_z": 0.0,
    "val/loss": 0.027377840605193472,
    "val/reconstruction": 0.026536045772784827,
    "val/regularization": 1.585141065358616e-05
}