{
    "val/dynamics_x": 0.0006870595877735892,
    "val/dynamics_z": 0.0,
    "val/loss": 0.026926866652832688,
    "val/reconstruction": 0.02622279707615058,
    "val/regularization": 1.7009988908515927e-05
}