{
    "val/dynamics_x": 9.098783507806227e-07,
    "val/dynamics_z": 0.0,
    "val/loss": 2.1962743643023114e-06,
    "val/reconstruction": 1.2863960135216886e-06,
    "train/dynamics_x": 3.7489408548376194e-07,
    "train/dynamics_z": 0.0,
    "train/loss": 1.2066606573223113e-05,
    "train/reconstruction": 2.5981385558515734e-06,
    "train/regularization": 9.093573931887774e-06
}