{
    "val/dynamics_x": 1.023639727224972e-06,
    "val/dynamics_z": 0.0,
    "val/loss": 1.2923807541982761e-05,
    "val/reconstruction": 2.502586251020667e-06,
    "val/regularization": 9.397581563737123e-06
}