{
    "val/dynamics_x": 8.947161717891544e-07,
    "val/dynamics_z": 0.0,
    "val/loss": 1.274707741155301e-05,
    "val/reconstruction": 2.682289972406634e-06,
    "val/regularization": 9.170071267357221e-06
}