{
    "val/dynamics_x": 2.1530841693034765e-06,
    "val/dynamics_z": 0.0,
    "val/loss": 1.7148067398335206e-05,
    "val/reconstruction": 4.212174982528936e-06,
    "val/regularization": 1.0782808246502794e-05
}