{
    "val/dynamics_x": 1.1502686239978925e-06,
    "val/dynamics_z": 0.0,
    "val/loss": 1.2221343464518496e-05,
    "val/reconstruction": 1.4205952065181438e-06,
    "val/regularization": 9.65047963400246e-06
}