{
    "val/dynamics_x": 1.0063417185721372e-06,
    "val/dynamics_z": 0.0,
    "val/loss": 1.3607784869004909e-05,
    "val/reconstruction": 3.090097837160185e-06,
    "val/regularization": 9.511345313272587e-06
}