{
    "val/dynamics_x": 1.8781940297654926e-06,
    "val/dynamics_z": 0.0,
    "val/loss": 1.519882454874184e-05,
    "val/reconstruction": 2.7309700697500904e-06,
    "val/regularization": 1.0589660449226256e-05
}