{
    "val/dynamics_x": 9.098783507806227e-07,
    "val/dynamics_z": 0.0,
    "val/loss": 2.1962743643023114e-06,
    "val/reconstruction": 1.2863960135216886e-06
}