{
    "val/dynamics_x": 1.4818599357275583e-06,
    "val/dynamics_z": 0.0,
    "val/loss": 1.2382739453734228e-05,
    "val/reconstruction": 1.089351850455092e-06,
    "val/regularization": 9.811527667551577e-06
}