{
    "val/dynamics_x": 1.738187181580081e-06,
    "val/dynamics_z": 0.0,
    "val/loss": 1.3052184450701942e-05,
    "val/reconstruction": 1.303274608705397e-06,
    "val/regularization": 1.0010722660416463e-05
}