{
    "val/dynamics_x": 1.3115224061847148e-06,
    "val/dynamics_z": 0.0,
    "val/loss": 1.2548693165728422e-05,
    "val/reconstruction": 1.5087821470927183e-06,
    "val/regularization": 9.728388612450988e-06
}