{
    "val/dynamics_x": 1.0199525522388722e-06,
    "val/dynamics_z": 0.0,
    "val/loss": 1.1468593936972533e-05,
    "val/reconstruction": 1.1026571153541036e-06,
    "val/regularization": 9.345984269379557e-06
}