{
    "val/dynamics_x": 2.30013376324065e-06,
    "val/dynamics_z": 0.0,
    "val/loss": 1.847817250722352e-05,
    "val/reconstruction": 4.841104587231406e-06,
    "val/regularization": 1.1336934156751464e-05
}