{
    "val/dynamics_x": 1.0020609380260167e-06,
    "val/dynamics_z": 0.0,
    "val/loss": 1.3272818565939057e-05,
    "val/reconstruction": 3.1401356450161053e-06,
    "val/regularization": 9.130621982896935e-06
}