{
    "val/dynamics_x": 1.685372908480725e-06,
    "val/dynamics_z": 0.0,
    "val/loss": 1.9136946764241354e-05,
    "val/reconstruction": 7.214915865960241e-06,
    "val/regularization": 1.0236657989800388e-05
}