{
    "val/dynamics_x": 0.0009177853317866936,
    "val/dynamics_z": 0.0,
    "val/loss": 0.036027321358125454,
    "val/reconstruction": 0.03509123511791831,
    "val/regularization": 1.8300908420451856e-05
}