{
    "val/dynamics_x": 0.0007518531941921924,
    "val/dynamics_z": 0.0,
    "val/loss": 0.03350800941582724,
    "val/reconstruction": 0.03274641720209887,
    "val/regularization": 9.739019536172846e-06
}