{
    "val/dynamics_x": 0.0007275997284644062,
    "val/dynamics_z": 0.0,
    "val/loss": 0.03500598385603102,
    "val/reconstruction": 0.03427838412756661
}