{
    "val/dynamics_x": 0.0007290596860450807,
    "val/dynamics_z": 0.0,
    "val/loss": 0.03499616115610706,
    "val/reconstruction": 0.034267101470061984
}