{
    "val/dynamics_x": 0.0005304971574698832,
    "val/dynamics_z": 0.0,
    "val/loss": 0.030117555845356143,
    "val/reconstruction": 0.02958705868788626
}