{
    "val/dynamics_x": 0.0005288929811984989,
    "val/dynamics_z": 0.0,
    "val/loss": 0.030155006336870193,
    "val/reconstruction": 0.029616319679309375,
    "val/regularization": 9.79367636231899e-06
}