{
    "val/dynamics_x": 0.0005583973791887836,
    "val/dynamics_z": 0.0,
    "val/loss": 0.03473967128753209,
    "val/reconstruction": 0.034159866101615664,
    "val/regularization": 2.140780672763626e-05
}