{
    "val/dynamics_x": 2.98220655858886e-07,
    "val/dynamics_z": 0.0,
    "val/loss": 5.821437480807492e-07,
    "val/reconstruction": 2.8392309222186324e-07
}