{
    "val/dynamics_x": 5.095742341729556e-07,
    "val/dynamics_z": 0.0,
    "val/loss": 1.1457857054133582e-05,
    "val/reconstruction": 4.5913174613693605e-07,
    "val/regularization": 1.048915107382369e-05
}