{
    "val/dynamics_x": 3.212495440082409e-07,
    "val/dynamics_z": 0.0,
    "val/loss": 1.4941979718860455e-05,
    "val/reconstruction": 4.988812592650676e-06,
    "val/regularization": 9.631917582201538e-06
}