{
    "val/dynamics_x": 2.9250444510054994e-07,
    "val/dynamics_z": 0.0,
    "val/loss": 1.1087368658946705e-05,
    "val/reconstruction": 1.0891591985411654e-06,
    "val/regularization": 9.70570501530499e-06
}