{
    "val/dynamics_x": 3.5019841417886643e-07,
    "val/dynamics_z": 0.0,
    "val/loss": 1.1382183078985273e-05,
    "val/reconstruction": 9.507755714516e-07,
    "val/regularization": 1.0081209093354807e-05
}