{
    "val/dynamics_x": 5.217098962176081e-07,
    "val/dynamics_z": 0.0,
    "val/loss": 1.6452139731537777e-05,
    "val/reconstruction": 5.3180830765584505e-06,
    "val/regularization": 1.0612346758761719e-05
}