{
    "val/dynamics_x": 1.2951356995013149e-06,
    "val/dynamics_z": 0.0,
    "val/loss": 2.1815177210498358e-05,
    "val/reconstruction": 4.210562322836234e-06,
    "val/regularization": 1.630947918816081e-05
}