{
    "val/dynamics_x": 5.702808199137794e-07,
    "val/dynamics_z": 0.0,
    "val/loss": 1.2025209809798669e-05,
    "val/reconstruction": 6.098824063472665e-07,
    "val/regularization": 1.0845046583537624e-05
}