{
    "val/dynamics_x": 3.717235466694506e-07,
    "val/dynamics_z": 0.0,
    "val/loss": 1.116334164741655e-05,
    "val/reconstruction": 6.339710673075531e-07,
    "val/regularization": 1.0157647033439547e-05
}