{
    "val/dynamics_x": 3.3063362719334937e-07,
    "val/dynamics_z": 0.0,
    "val/loss": 1.447055847666121e-05,
    "val/reconstruction": 4.633163184418423e-06,
    "val/regularization": 9.506761665049438e-06
}