{
    "val/dynamics_x": 3.1023237742779773e-07,
    "val/dynamics_z": 0.0,
    "val/loss": 1.1865949844870308e-05,
    "val/reconstruction": 1.9889464219684067e-06,
    "val/regularization": 9.566771045474104e-06
}