{
    "val/dynamics_x": 7.532398006413752e-07,
    "val/dynamics_z": 0.0,
    "val/loss": 1.4590169105770156e-05,
    "val/reconstruction": 2.608104618260714e-06,
    "val/regularization": 1.1228824686868067e-05
}