{
    "val/dynamics_x": 8.561782455067295e-07,
    "val/dynamics_z": 0.0,
    "val/loss": 1.5582477835526163e-05,
    "val/reconstruction": 2.3971037851762883e-06,
    "val/regularization": 1.2329195804843144e-05
}