{
    "val/dynamics_x": 3.6990067600633116e-07,
    "val/dynamics_z": 0.0,
    "val/loss": 1.240979717918221e-05,
    "val/reconstruction": 1.9889078878492895e-06,
    "val/regularization": 1.005098861532659e-05
}