{
    "val/dynamics_x": 4.5481834944570666e-07,
    "val/dynamics_z": 0.0,
    "val/loss": 1.2428474860890364e-05,
    "val/reconstruction": 1.6199263229103725e-06,
    "val/regularization": 1.0353730188534285e-05
}