{
    "val/dynamics_x": 3.1388002751045217e-07,
    "val/dynamics_z": 0.0,
    "val/loss": 1.242908626090043e-05,
    "val/reconstruction": 2.2845437194754483e-06,
    "val/regularization": 9.830662513914528e-06
}