{
    "val/dynamics_x": 4.089846126169114e-07,
    "val/dynamics_z": 0.0,
    "val/loss": 1.2320663703447287e-05,
    "val/reconstruction": 1.6641347415710463e-06,
    "val/regularization": 1.024754434925933e-05
}