{
    "val/dynamics_x": 2.989114937896163e-07,
    "val/dynamics_z": 0.0,
    "val/loss": 1.2889757465482845e-05,
    "val/reconstruction": 2.8475590206385244e-06,
    "val/regularization": 9.743286951054704e-06
}