{
    "val/dynamics_x": 0.001015601061585699,
    "val/dynamics_z": 0.0,
    "val/loss": 0.035170101860554734,
    "val/reconstruction": 0.034154500798969034
}