{
    "val/dynamics_x": 0.0009713472343753451,
    "val/dynamics_z": 0.0,
    "val/loss": 0.034419107224656596,
    "val/reconstruction": 0.03344020861130697,
    "val/regularization": 7.551378974286401e-06
}