{
    "val/dynamics_x": 0.0008186755596727057,
    "val/dynamics_z": 0.0,
    "val/loss": 0.03035475580791216,
    "val/reconstruction": 0.029536080248239456
}