{
    "val/dynamics_x": 1.7211898120552026e-06,
    "val/dynamics_z": 0.0,
    "val/loss": 2.6814754175510675e-05,
    "val/reconstruction": 1.4032585853961447e-05,
    "val/regularization": 1.1060978509494026e-05
}