{
    "val/dynamics_x": 1.5693904356987741e-06,
    "val/dynamics_z": 0.0,
    "val/loss": 2.3057969960787026e-05,
    "val/reconstruction": 3.8381944131911685e-06,
    "val/regularization": 1.7650385111897083e-05
}