{
    "val/dynamics_x": 2.067697959309118e-06,
    "val/dynamics_z": 0.0,
    "val/loss": 1.3678394903797387e-05,
    "val/reconstruction": 2.327235254220067e-06,
    "val/regularization": 9.283461690268203e-06
}