{
    "val/dynamics_x": 2.1327790840530786e-06,
    "val/dynamics_z": 0.0,
    "val/loss": 1.2794614510268056e-05,
    "val/reconstruction": 3.643323021008091e-06,
    "val/regularization": 7.018512405206887e-06
}