{
    "val/dynamics_x": 2.380161383411611e-06,
    "val/dynamics_z": 0.0,
    "val/loss": 1.057156918841439e-05,
    "val/reconstruction": 9.340922471441907e-07,
    "val/regularization": 7.257315557858589e-06
}