{
    "val/dynamics_x": 1.4402744092919107e-06,
    "val/dynamics_z": 0.0,
    "val/loss": 2.4610741713455733e-05,
    "val/reconstruction": 8.440841818518955e-06,
    "val/regularization": 1.4729625485644865e-05
}