{
    "val/dynamics_x": 1.6305628916609051e-06,
    "val/dynamics_z": 0.0,
    "val/loss": 3.1962223390099235e-05,
    "val/reconstruction": 1.7347092103234824e-05,
    "val/regularization": 1.2984568395203506e-05
}