{
    "val/dynamics_x": 1.8126390292740137e-06,
    "val/dynamics_z": 0.0,
    "val/loss": 1.7207136604139668e-05,
    "val/reconstruction": 3.1156846303293684e-06,
    "val/regularization": 1.2278812944536285e-05
}