{
    "val/dynamics_x": 2.3399945728420196e-06,
    "val/dynamics_z": 0.0,
    "val/loss": 3.025720041698978e-05,
    "val/reconstruction": 6.714996925143388e-06,
    "val/regularization": 2.120220891900437e-05
}