{
    "val/dynamics_x": 2.0000157320352436e-06,
    "val/dynamics_z": 0.0,
    "val/loss": 9.633267667583918e-06,
    "val/reconstruction": 7.204988971268197e-07,
    "val/regularization": 6.912753038421855e-06
}