{
    "val/dynamics_x": 1.6878366752418284e-06,
    "val/dynamics_z": 0.0,
    "val/loss": 1.9085536159857588e-05,
    "val/reconstruction": 5.852419836373194e-06,
    "val/regularization": 1.1545279648242565e-05
}