{
    "val/dynamics_x": 1.8161196240101889e-06,
    "val/dynamics_z": 0.0,
    "val/loss": 1.3737150827907786e-05,
    "val/reconstruction": 1.7081750207647312e-06,
    "val/regularization": 1.0212856183132866e-05
}