{
    "val/dynamics_x": 2.0540994594973974e-06,
    "val/dynamics_z": 0.0,
    "val/loss": 1.1153212711520713e-05,
    "val/reconstruction": 2.1371049374945485e-06,
    "val/regularization": 6.962008314528767e-06
}