{
    "val/dynamics_x": 2.5849927104304154e-06,
    "val/dynamics_z": 0.0,
    "val/loss": 1.3121943359522955e-05,
    "val/reconstruction": 2.904880522058977e-06,
    "val/regularization": 7.632070127033562e-06
}