{
    "val/dynamics_x": 1.442666460515642e-06,
    "val/dynamics_z": 0.0,
    "val/loss": 1.9711217319969798e-05,
    "val/reconstruction": 4.475750315258318e-06,
    "val/regularization": 1.3792800544195837e-05
}