{
    "val/dynamics_x": 1.664043248161579e-06,
    "val/dynamics_z": 0.0,
    "val/loss": 1.3109521728237936e-05,
    "val/reconstruction": 7.430034784705873e-07,
    "val/regularization": 1.070247500160577e-05
}