{
    "val/dynamics_x": 1.8606788432518958e-06,
    "val/dynamics_z": 0.0,
    "val/loss": 3.371201739070454e-06,
    "val/reconstruction": 1.5105228958185586e-06
}