{
    "val/dynamics_x": 1.8016154287148629e-06,
    "val/dynamics_z": 0.0,
    "val/loss": 2.8979239796592073e-05,
    "val/reconstruction": 1.527379610430384e-05,
    "val/regularization": 1.1903828263573373e-05
}