{
    "val/dynamics_x": 1.4267855684089352e-06,
    "val/dynamics_z": 0.0,
    "val/loss": 2.0731232290718794e-05,
    "val/reconstruction": 3.4107215612827425e-06,
    "val/regularization": 1.5893725161027118e-05
}