{
    "val/dynamics_x": 1.616233280808469e-06,
    "val/dynamics_z": 0.0,
    "val/loss": 1.5184658856558838e-05,
    "val/reconstruction": 2.19947912883318e-06,
    "val/regularization": 1.136894644691719e-05
}