{
    "val/dynamics_x": 2.5493290101505604e-06,
    "val/dynamics_z": 0.0,
    "val/loss": 2.6890932624752902e-05,
    "val/reconstruction": 1.695861764311839e-05,
    "val/regularization": 7.382985971483953e-06
}