{
    "val/dynamics_x": 6.781268641670591e-07,
    "val/dynamics_z": 0.0,
    "val/loss": 1.327478971015827e-05,
    "val/reconstruction": 2.41427705539218e-06,
    "val/regularization": 1.0182385790599031e-05
}