{
    "val/dynamics_x": 1.1586774366899989e-06,
    "val/dynamics_z": 0.0,
    "val/loss": 1.9286291610229885e-05,
    "val/reconstruction": 4.344297303289812e-06,
    "val/regularization": 1.3783316870250072e-05
}