{
    "val/dynamics_x": 4.800211203337451e-07,
    "val/dynamics_z": 0.0,
    "val/loss": 1.0640458314059165e-05,
    "val/reconstruction": 1.6496854668383005e-06,
    "val/regularization": 8.51075172688712e-06
}