{
    "val/dynamics_x": 4.846641435020416e-07,
    "val/dynamics_z": 0.0,
    "val/loss": 1.1601700856240356e-05,
    "val/reconstruction": 2.283623918688442e-06,
    "val/regularization": 8.833412794049873e-06
}