{
    "val/dynamics_x": 7.079677732423139e-07,
    "val/dynamics_z": 0.0,
    "val/loss": 1.6805076413650258e-05,
    "val/reconstruction": 7.083073594107838e-06,
    "val/regularization": 9.014035046300106e-06
}