{
    "val/dynamics_x": 3.883131593311387e-07,
    "val/dynamics_z": 0.0,
    "val/loss": 1.0218599106017227e-05,
    "val/reconstruction": 1.246046800738548e-06,
    "val/regularization": 8.584239145947541e-06
}