{
    "val/dynamics_x": 7.046219926388742e-07,
    "val/dynamics_z": 0.0,
    "val/loss": 1.4514560808788653e-05,
    "val/reconstruction": 4.898020326369335e-06,
    "val/regularization": 8.911918489780445e-06
}