{
    "val/dynamics_x": 4.922937932860805e-07,
    "val/dynamics_z": 0.0,
    "val/loss": 1.1557423931662925e-05,
    "val/reconstruction": 1.4176052900438663e-06,
    "val/regularization": 9.647525075706653e-06
}