{
    "val/dynamics_x": 5.303697321323853e-07,
    "val/dynamics_z": 0.0,
    "val/loss": 1.513107008577208e-06,
    "val/reconstruction": 9.82737219601404e-07
}