{
    "val/dynamics_x": 5.076420848126872e-07,
    "val/dynamics_z": 0.0,
    "val/loss": 1.073176372301532e-05,
    "val/reconstruction": 5.453288167700521e-07,
    "val/regularization": 9.678792594058905e-06
}