{
    "val/dynamics_x": 3.974005551299342e-07,
    "val/dynamics_z": 0.0,
    "val/loss": 1.2173840332252439e-05,
    "val/reconstruction": 9.185862381855259e-07,
    "val/regularization": 1.0857853339985013e-05
}