{
    "val/dynamics_x": 1.1037367357857875e-06,
    "val/dynamics_z": 0.0,
    "val/loss": 1.8651666323421523e-05,
    "val/reconstruction": 5.1969304877275135e-06,
    "val/regularization": 1.2350998076726682e-05
}