{
    "val/dynamics_x": 5.82400900839275e-07,
    "val/dynamics_z": 0.0,
    "val/loss": 1.5052992239361629e-05,
    "val/reconstruction": 3.065968712689937e-06,
    "val/regularization": 1.140462245530216e-05
}