{
    "val/dynamics_x": 4.5700755890720757e-07,
    "val/dynamics_z": 0.0,
    "val/loss": 1.7178250345750712e-05,
    "val/reconstruction": 6.687643235636642e-06,
    "val/regularization": 1.003360011964105e-05
}