{
    "val/dynamics_x": 4.657146348563401e-07,
    "val/dynamics_z": 0.0,
    "val/loss": 1.0950972864520736e-05,
    "val/reconstruction": 6.975539008635678e-07,
    "val/regularization": 9.787704584596213e-06
}