{
    "val/dynamics_x": 1.8053458461508853e-06,
    "val/dynamics_z": 0.0,
    "val/loss": 2.685459730855655e-05,
    "val/reconstruction": 9.38386710913619e-06,
    "val/regularization": 1.5665384125895798e-05
}