{
    "val/dynamics_x": 0.0006569546955380122,
    "val/dynamics_z": 0.0,
    "val/loss": 0.033557570621612486,
    "val/reconstruction": 0.03289311917700614,
    "val/regularization": 7.4967490683350255e-06
}