{
    "val/dynamics_x": 0.0006541392835793172,
    "val/dynamics_z": 0.0,
    "val/loss": 0.033326203008910954,
    "val/reconstruction": 0.0326643236324733,
    "val/regularization": 7.740092858337028e-06
}