{
    "val/dynamics_x": 8.513666005033469e-07,
    "val/dynamics_z": 0.0,
    "val/loss": 1.2111467396575077e-05,
    "val/reconstruction": 1.0231843865536956e-06,
    "val/regularization": 1.0236916409518033e-05
}