{
    "val/dynamics_x": 5.605709493230973e-07,
    "val/dynamics_z": 0.0,
    "val/loss": 3.2052716103181326e-06,
    "val/reconstruction": 2.6447006609950356e-06
}