{
    "val/dynamics_x": 1.3797861844588816e-06,
    "val/dynamics_z": 0.0,
    "val/loss": 1.5928165966935887e-05,
    "val/reconstruction": 3.870141588241684e-06,
    "val/regularization": 1.067823819423532e-05
}