{
    "val/dynamics_x": 8.797551500723546e-07,
    "val/dynamics_z": 0.0,
    "val/loss": 1.2158476770179486e-05,
    "val/reconstruction": 9.896792531461588e-07,
    "val/regularization": 1.0289042366960972e-05
}