{
    "val/dynamics_x": 1.0902796616253636e-06,
    "val/dynamics_z": 0.0,
    "val/loss": 1.4728344793414574e-05,
    "val/reconstruction": 3.155882532705471e-06,
    "val/regularization": 1.0482182599083739e-05
}