{
    "val/dynamics_x": 3.1863047695036146e-06,
    "val/dynamics_z": 0.0,
    "val/loss": 2.2836247496022377e-05,
    "val/reconstruction": 3.67463380919121e-06,
    "val/regularization": 1.5975308917327552e-05
}