{
    "val/dynamics_x": 1.2286878292770796e-05,
    "val/dynamics_z": 0.0,
    "val/loss": 7.554968221185407e-05,
    "val/reconstruction": 4.0103437286419164e-05,
    "val/regularization": 2.3159366632664105e-05
}