{
    "val/dynamics_x": 7.179332272450764e-07,
    "val/dynamics_z": 0.0,
    "val/loss": 1.2830238599125016e-05,
    "val/reconstruction": 2.04535249264475e-06,
    "val/regularization": 1.0066952879235189e-05
}