{
    "val/dynamics_x": 1.7975866071364703e-06,
    "val/dynamics_z": 0.0,
    "val/loss": 1.60656896440019e-05,
    "val/reconstruction": 3.455652977703884e-06,
    "val/regularization": 1.0812450059161545e-05
}