{
    "val/dynamics_x": 1.951416328184037e-06,
    "val/dynamics_z": 0.0,
    "val/loss": 1.8165219738736247e-05,
    "val/reconstruction": 4.630803632461624e-06,
    "val/regularization": 1.1582999778090587e-05
}