{
    "val/dynamics_x": 7.125341677843856e-07,
    "val/dynamics_z": 0.0,
    "val/loss": 1.481993056147817e-05,
    "val/reconstruction": 4.109423278920464e-06,
    "val/regularization": 9.99797311477332e-06
}