{
    "val/dynamics_x": 1.899466853840038e-06,
    "val/dynamics_z": 0.0,
    "val/loss": 1.6259800527867084e-05,
    "val/reconstruction": 3.1425919349532983e-06,
    "val/regularization": 1.1217741739073748e-05
}