{
    "val/dynamics_x": 7.280284739969107e-07,
    "val/dynamics_z": 0.0,
    "val/loss": 1.1950184204647523e-05,
    "val/reconstruction": 1.116099031717008e-06,
    "val/regularization": 1.0106056698933605e-05
}