{
    "val/dynamics_x": 5.462041078066453e-07,
    "val/dynamics_z": 0.0,
    "val/loss": 1.3953237372753158e-06,
    "val/reconstruction": 8.491196294686705e-07
}