{
    "val/dynamics_x": 9.376578118986247e-07,
    "val/dynamics_z": 0.0,
    "val/loss": 1.3894598829023877e-05,
    "val/reconstruction": 2.76663850795893e-06,
    "val/regularization": 1.0190302509166321e-05
}