{
    "val/dynamics_x": 3.7510323111664345e-06,
    "val/dynamics_z": 0.0,
    "val/loss": 2.737982319540218e-05,
    "val/reconstruction": 4.980916980708455e-06,
    "val/regularization": 1.864787390352729e-05
}