{
    "val/dynamics_x": 8.075585960147863e-07,
    "val/dynamics_z": 0.0,
    "val/loss": 1.2287058367339773e-05,
    "val/reconstruction": 1.3326780894551269e-06,
    "val/regularization": 1.0146821681869859e-05
}