{
    "val/dynamics_x": 1.2729887660126287e-06,
    "val/dynamics_z": 0.0,
    "val/loss": 1.501944119214345e-05,
    "val/reconstruction": 3.18691074135126e-06,
    "val/regularization": 1.0559541684779561e-05
}