{
    "val/dynamics_x": 1.0055637921602911e-06,
    "val/dynamics_z": 0.0,
    "val/loss": 1.2681552367020473e-05,
    "val/reconstruction": 1.2673985797504157e-06,
    "val/regularization": 1.0408589995109767e-05
}