{
    "val/dynamics_x": 2.4980019108313434e-06,
    "val/dynamics_z": 0.0,
    "val/loss": 1.916648399977619e-05,
    "val/reconstruction": 3.2343532604191354e-06,
    "val/regularization": 1.3434128828525713e-05
}