{
    "val/dynamics_x": 5.365133430145943e-06,
    "val/dynamics_z": 0.0,
    "val/loss": 3.566987434046381e-05,
    "val/reconstruction": 9.520971963207947e-06,
    "val/regularization": 2.078376894710992e-05
}