{
    "val/dynamics_x": 1.6423801860712213e-06,
    "val/dynamics_z": 0.0,
    "val/loss": 1.483574011116185e-05,
    "val/reconstruction": 2.27974242884313e-06,
    "val/regularization": 1.09136174962475e-05
}