{
    "val/dynamics_x": 1.1847156894119953e-06,
    "val/dynamics_z": 0.0,
    "val/loss": 1.3142797803122243e-05,
    "val/reconstruction": 1.4961937647848262e-06,
    "val/regularization": 1.0461888348925422e-05
}