{
    "val/dynamics_x": 5.944151391801588e-07,
    "val/dynamics_z": 0.0,
    "val/loss": 1.332907231082652e-05,
    "val/reconstruction": 2.766392758566719e-06,
    "val/regularization": 9.968264413079643e-06
}