{
    "val/dynamics_x": 0.0005297399613210321,
    "val/dynamics_z": 0.0,
    "val/loss": 0.030224075471361637,
    "val/reconstruction": 0.029683908801239854,
    "val/regularization": 1.0426708800753005e-05
}