{
    "val/dynamics_x": 0.0007012157919778973,
    "val/dynamics_z": 0.0,
    "val/loss": 0.03210903564282779,
    "val/reconstruction": 0.031407819850849894
}