{
    "val/dynamics_x": 0.0007005810464163911,
    "val/dynamics_z": 0.0,
    "val/loss": 0.03214557623207877,
    "val/reconstruction": 0.03144499518566238
}