{
    "val/dynamics_x": 1.435043970269532e-06,
    "val/dynamics_z": 0.0,
    "val/loss": 2.3412536015942818e-06,
    "val/reconstruction": 9.062096313247497e-07,
    "train/dynamics_x": 9.847166865707393e-07,
    "train/dynamics_z": 0.0,
    "train/loss": 1.147225598165693e-05,
    "train/reconstruction": 1.612278683351366e-06,
    "train/regularization": 8.875260611734825e-06
}