{
    "val/dynamics_x": 2.636970811534631e-06,
    "val/dynamics_z": 0.0,
    "val/loss": 2.639007202564156e-05,
    "val/reconstruction": 1.1444911237841976e-05,
    "val/regularization": 1.2308189976264954e-05
}