{
    "val/dynamics_x": 1.0990006442340322e-06,
    "val/dynamics_z": 0.0,
    "val/loss": 1.2206291636448604e-05,
    "val/reconstruction": 1.0353107745294314e-06,
    "val/regularization": 1.007198021768514e-05
}