{
    "val/dynamics_x": 1.2672742072459278e-06,
    "val/dynamics_z": 0.0,
    "val/loss": 1.695393656926637e-05,
    "val/reconstruction": 5.327296176105586e-06,
    "val/regularization": 1.0359366185914856e-05
}