{
    "val/dynamics_x": 1.4623365540843556e-06,
    "val/dynamics_z": 0.0,
    "val/loss": 1.414759396546293e-05,
    "val/reconstruction": 1.6307454670156174e-06,
    "val/regularization": 1.1054511944362956e-05
}