{
    "val/dynamics_x": 1.4446673733042682e-06,
    "val/dynamics_z": 0.0,
    "val/loss": 3.429544020740955e-06,
    "val/reconstruction": 1.984876647436687e-06
}