{
    "val/dynamics_x": 0.001396864427441644,
    "val/dynamics_z": 0.0,
    "val/loss": 0.038449484189438665,
    "val/reconstruction": 0.03704029331468476,
    "val/regularization": 1.2326447312264274e-05
}