{
    "val/dynamics_x": 0.001237083222049916,
    "val/dynamics_z": 0.0,
    "val/loss": 0.037893562929486424,
    "val/reconstruction": 0.03664874138470461,
    "val/regularization": 7.738322731903116e-06
}