{
    "val/dynamics_x": 4.392194822716288e-07,
    "val/dynamics_z": 0.0,
    "val/loss": 1.15323873996392e-06,
    "val/reconstruction": 7.140192576922912e-07,
    "train/dynamics_x": 4.202114862238783e-07,
    "train/dynamics_z": 0.0,
    "train/loss": 1.140672792986464e-05,
    "train/reconstruction": 8.221984626552839e-07,
    "train/regularization": 1.016431798098548e-05
}