{
    "val/dynamics_x": 4.995541868115707e-07,
    "val/dynamics_z": 0.0,
    "val/loss": 1.5114092085101905e-05,
    "val/reconstruction": 4.072144407535645e-06,
    "val/regularization": 1.0542393490754688e-05
}