{
    "val/dynamics_x": 4.476769748431156e-07,
    "val/dynamics_z": 0.0,
    "val/loss": 1.1829251580858783e-05,
    "val/reconstruction": 6.424568738373048e-07,
    "val/regularization": 1.0739117732178363e-05
}