{
    "val/dynamics_x": 4.303000074154912e-07,
    "val/dynamics_z": 0.0,
    "val/loss": 1.1227264006957412e-05,
    "val/reconstruction": 5.356844526405601e-07,
    "val/regularization": 1.0261279546901361e-05
}