{
    "val/dynamics_x": 0.0009971630339754328,
    "val/dynamics_z": 0.0,
    "val/loss": 0.03857388903312984,
    "val/reconstruction": 0.03756943952194582,
    "val/regularization": 7.2864772085824545e-06
}