{
    "val/dynamics_x": 0.0008427751261091216,
    "val/dynamics_z": 0.0,
    "val/loss": 0.03216758742965489,
    "val/reconstruction": 0.03131243516776286,
    "val/regularization": 1.2377135782912936e-05,
    "train/dynamics_x": 1.9590210550414903e-06,
    "train/dynamics_z": 0.0,
    "train/loss": 1.724558650056855e-05,
    "train/reconstruction": 2.9080131723223984e-06,
    "train/regularization": 1.2378552273204664e-05
}