{
    "val/dynamics_x": 0.0008477772019607152,
    "val/dynamics_z": 0.0,
    "val/loss": 0.03220396540806585,
    "val/reconstruction": 0.031344218752482125,
    "val/regularization": 1.196945362301411e-05
}