{
    "val/dynamics_x": 0.0008043713382327529,
    "val/dynamics_z": 0.0,
    "val/loss": 0.033835141612109376,
    "val/reconstruction": 0.03302281198860729,
    "val/regularization": 7.958285269330648e-06
}