{
    "val/dynamics_x": 5.482998319511012e-07,
    "val/dynamics_z": 0.0,
    "val/loss": 1.2950888979931321e-05,
    "val/reconstruction": 9.322255776613525e-07,
    "val/regularization": 1.1470363570318867e-05
}