{
    "val/dynamics_x": 6.914824758119693e-07,
    "val/dynamics_z": 0.0,
    "val/loss": 1.4062772172878161e-05,
    "val/reconstruction": 1.287368437991375e-06,
    "val/regularization": 1.2083921259074816e-05
}