{
    "val/dynamics_x": 8.533764629109861e-07,
    "val/dynamics_z": 0.0,
    "val/loss": 1.8533212128582004e-05,
    "val/reconstruction": 4.85553999662543e-06,
    "val/regularization": 1.2824295669045589e-05
}