{
    "val/dynamics_x": 4.307152267028044e-07,
    "val/dynamics_z": 0.0,
    "val/loss": 1.1620605998219367e-05,
    "val/reconstruction": 8.752241064603811e-07,
    "val/regularization": 1.0314666665056182e-05
}