{
    "val/dynamics_x": 5.361109915106644e-07,
    "val/dynamics_z": 0.0,
    "val/loss": 1.3811748059137038e-05,
    "val/reconstruction": 2.1924280211987502e-06,
    "val/regularization": 1.1083209046427623e-05
}