{
    "val/dynamics_x": 5.531728097676358e-07,
    "val/dynamics_z": 0.0,
    "val/loss": 1.81493845717478e-05,
    "val/reconstruction": 6.6131421305809735e-06,
    "val/regularization": 1.0983069631399193e-05
}