{
    "val/dynamics_x": 4.5227897465533325e-07,
    "val/dynamics_z": 0.0,
    "val/loss": 1.3162458213959594e-05,
    "val/reconstruction": 1.8177479378384363e-06,
    "val/regularization": 1.0892431301465825e-05
}