{
    "val/dynamics_x": 4.392194822716288e-07,
    "val/dynamics_z": 0.0,
    "val/loss": 1.15323873996392e-06,
    "val/reconstruction": 7.140192576922912e-07
}