{
    "val/dynamics_x": 4.4072037855080105e-07,
    "val/dynamics_z": 0.0,
    "val/loss": 3.1728161215502257e-06,
    "val/reconstruction": 2.7320957429994244e-06
}