{
    "val/dynamics_x": 4.546148245868978e-07,
    "val/dynamics_z": 0.0,
    "val/loss": 1.3388574049259785e-05,
    "val/reconstruction": 2.2632617117133e-06,
    "val/regularization": 1.0670697512959588e-05
}