{
    "val/dynamics_x": 2.2405880774012967e-06,
    "val/dynamics_z": 0.0,
    "val/loss": 2.192921894855828e-05,
    "val/reconstruction": 3.190854776487962e-06,
    "val/regularization": 1.6497776094669018e-05
}