{
    "val/dynamics_x": 4.89921593424142e-07,
    "val/dynamics_z": 0.0,
    "val/loss": 1.2126358788120916e-05,
    "val/reconstruction": 8.231348704794886e-07,
    "val/regularization": 1.0813302324217286e-05
}