{
    "val/dynamics_x": 4.271638752845467e-07,
    "val/dynamics_z": 0.0,
    "val/loss": 1.2200452800962092e-05,
    "val/reconstruction": 1.16832031795349e-06,
    "val/regularization": 1.0604968607724056e-05
}