{
    "val/dynamics_x": 5.494522108900374e-07,
    "val/dynamics_z": 0.0,
    "val/loss": 1.3380544427855676e-05,
    "val/reconstruction": 1.1915622363265263e-06,
    "val/regularization": 1.1639529980639113e-05
}