{
    "val/dynamics_x": 5.575160518318734e-07,
    "val/dynamics_z": 0.0,
    "val/loss": 1.4312000185030439e-05,
    "val/reconstruction": 2.557005722994311e-06,
    "val/regularization": 1.1197478410204254e-05
}