{
    "val/dynamics_x": 8.10650480077658e-07,
    "val/dynamics_z": 0.0,
    "val/loss": 1.4307599281483152e-05,
    "val/reconstruction": 1.1122314772459795e-06,
    "val/regularization": 1.2384717324159516e-05
}