{
    "val/dynamics_x": 5.378090702713902e-07,
    "val/dynamics_z": 0.0,
    "val/loss": 1.5026105690077144e-05,
    "val/reconstruction": 3.1631693601756982e-06,
    "val/regularization": 1.1325127259630057e-05
}