{
    "val/dynamics_x": 4.363400098114221e-07,
    "val/dynamics_z": 0.0,
    "val/loss": 1.1685619571450406e-05,
    "val/reconstruction": 7.666248850878453e-07,
    "val/regularization": 1.0482654676551139e-05
}