{
    "val/dynamics_x": 6.340376292089204e-07,
    "val/dynamics_z": 0.0,
    "val/loss": 1.3840736034063718e-05,
    "val/reconstruction": 1.3667325095660315e-06,
    "val/regularization": 1.1839965895288766e-05
}