{
    "val/dynamics_x": 1.1047833290171213e-06,
    "val/dynamics_z": 0.0,
    "val/loss": 1.6177852877729552e-05,
    "val/reconstruction": 1.6432757210096027e-06,
    "val/regularization": 1.3429793827702828e-05
}