{
    "val/dynamics_x": 4.4579621338054396e-07,
    "val/dynamics_z": 0.0,
    "val/loss": 1.2600680144130008e-05,
    "val/reconstruction": 1.7307713031501565e-06,
    "val/regularization": 1.0424112627599308e-05
}