{
    "val/dynamics_x": 1.6596984883909586e-06,
    "val/dynamics_z": 0.0,
    "val/loss": 2.0024773153411332e-05,
    "val/reconstruction": 4.0777885057626145e-06,
    "val/regularization": 1.4287286159257757e-05
}