{
    "val/dynamics_x": 4.267667497637064e-06,
    "val/dynamics_z": 0.0,
    "val/loss": 3.523020370992603e-05,
    "val/reconstruction": 9.665903691238904e-06,
    "val/regularization": 2.1296632521050064e-05
}