{
    "val/dynamics_x": 0.0013572494166736644,
    "val/dynamics_z": 0.0,
    "val/loss": 0.039745330604333926,
    "val/reconstruction": 0.03837169402099267,
    "val/regularization": 1.6387166667589995e-05,
    "train/dynamics_x": 1.1597155136342927e-06,
    "train/dynamics_z": 0.0,
    "train/loss": 2.2612515240013384e-05,
    "train/reconstruction": 5.061140568954101e-06,
    "train/regularization": 1.6391659157424995e-05
}