{
    "val/dynamics_x": 0.0015522182266183068,
    "val/dynamics_z": 0.0,
    "val/loss": 0.04132630916356881,
    "val/reconstruction": 0.03976218836337832,
    "val/regularization": 1.1902573572182294e-05
}