{
    "val/dynamics_x": 0.001082723622214486,
    "val/dynamics_z": 0.0,
    "val/loss": 0.04321750768159821,
    "val/reconstruction": 0.04212364447273197,
    "val/regularization": 1.1139586651747795e-05
}