{
    "val/dynamics_x": 0.0010633639664374174,
    "val/dynamics_z": 0.0,
    "val/loss": 0.041249800374621046,
    "val/reconstruction": 0.04018643640818363
}