{
    "val/dynamics_x": 0.0009254198202772186,
    "val/dynamics_z": 0.0,
    "val/loss": 0.03576326606943767,
    "val/reconstruction": 0.03481725384690041,
    "val/regularization": 2.0592402260045845e-05,
    "train/dynamics_x": 2.6281120885463893e-06,
    "train/dynamics_z": 0.0,
    "train/loss": 3.3644892838690105e-05,
    "train/reconstruction": 1.042260244287942e-05,
    "train/regularization": 2.0594178307264298e-05
}