{
    "val/dynamics_x": 0.0011012515499848256,
    "val/dynamics_z": 0.0,
    "val/loss": 0.038850791007213246,
    "val/reconstruction": 0.03774953945722842
}