{
    "val/dynamics_x": 0.0009562980233690153,
    "val/dynamics_z": 0.0,
    "val/loss": 0.036556943426784866,
    "val/reconstruction": 0.03558480475327821,
    "val/regularization": 1.584065013763824e-05
}