{
    "val/dynamics_x": 0.0010434260730119594,
    "val/dynamics_z": 0.0,
    "val/loss": 0.038132363719238685,
    "val/reconstruction": 0.03707714159433815,
    "val/regularization": 1.1796051888575561e-05
}