{
    "val/dynamics_x": 0.0007884297222856359,
    "val/dynamics_z": 0.0,
    "val/loss": 0.0357582345439895,
    "val/reconstruction": 0.034961281727337895,
    "val/regularization": 8.523094365966892e-06
}