{
    "val/dynamics_x": 0.0008427751261091216,
    "val/dynamics_z": 0.0,
    "val/loss": 0.03216758742965489,
    "val/reconstruction": 0.03131243516776286,
    "val/regularization": 1.2377135782912936e-05
}