{
    "val/dynamics_x": 0.0008755505812029604,
    "val/dynamics_z": 0.0,
    "val/loss": 0.0323945950896347,
    "val/reconstruction": 0.03151904450843174
}