{
    "val/dynamics_x": 0.000876961071471734,
    "val/dynamics_z": 0.0,
    "val/loss": 0.032435374851225565,
    "val/reconstruction": 0.03154710246480966,
    "val/regularization": 1.1311314944168214e-05
}