{
    "val/dynamics_x": 0.0008569039317235584,
    "val/dynamics_z": 0.0,
    "val/loss": 0.03230185941457588,
    "val/reconstruction": 0.0314328486201993,
    "val/regularization": 1.2106862653026617e-05
}