{
    "val/dynamics_x": 1.9813246757424913e-07,
    "val/dynamics_z": 0.0,
    "val/loss": 5.562680595396825e-07,
    "val/reconstruction": 3.581355919654334e-07,
    "train/dynamics_x": 3.511014795217813e-07,
    "train/dynamics_z": 0.0,
    "train/loss": 1.0292351074220848e-05,
    "train/reconstruction": 8.951365898946297e-07,
    "train/regularization": 9.046113004804435e-06
}