{
    "val/dynamics_x": 2.1031901458386539e-07,
    "val/dynamics_z": 0.0,
    "val/loss": 9.680776158638193e-06,
    "val/reconstruction": 3.028480496745489e-07,
    "val/regularization": 9.167609094379779e-06
}