{
    "val/dynamics_x": 2.383222815454673e-07,
    "val/dynamics_z": 0.0,
    "val/loss": 1.0303276005307875e-05,
    "val/reconstruction": 5.400589989364553e-07,
    "val/regularization": 9.524894724825952e-06
}