{
    "val/dynamics_x": 3.285958623177006e-07,
    "val/dynamics_z": 0.0,
    "val/loss": 1.3123056928469605e-05,
    "val/reconstruction": 2.6733041548115824e-06,
    "val/regularization": 1.0121156911340322e-05
}