{
    "val/dynamics_x": 2.083402579543502e-07,
    "val/dynamics_z": 0.0,
    "val/loss": 1.078514388039416e-05,
    "val/reconstruction": 1.4735063066850374e-06,
    "val/regularization": 9.103297315754772e-06
}