{
    "val/dynamics_x": 5.065460680502638e-07,
    "val/dynamics_z": 0.0,
    "val/loss": 1.2638710732930795e-05,
    "val/reconstruction": 8.223357661743698e-07,
    "val/regularization": 1.1309828898706161e-05
}