{
    "val/dynamics_x": 1.6796435140481816e-06,
    "val/dynamics_z": 0.0,
    "val/loss": 1.4017963945079565e-05,
    "val/reconstruction": 2.4395993519470605e-06,
    "val/regularization": 9.898721079084324e-06
}