{
    "val/dynamics_x": 1.1153398921659734e-06,
    "val/dynamics_z": 0.0,
    "val/loss": 1.1338998170894818e-05,
    "val/reconstruction": 9.253035610809153e-07,
    "val/regularization": 9.29835471764793e-06
}