{
    "val/dynamics_x": 2.9467449145690924e-06,
    "val/dynamics_z": 0.0,
    "val/loss": 2.7330219053847873e-05,
    "val/reconstruction": 7.584860617476498e-06,
    "val/regularization": 1.679861352180228e-05
}