{
    "val/dynamics_x": 8.22854898706122e-07,
    "val/dynamics_z": 0.0,
    "val/loss": 3.237020350802053e-06,
    "val/reconstruction": 2.414165452095931e-06
}