{
    "val/dynamics_x": 2.9221921205218586e-06,
    "val/dynamics_z": 0.0,
    "val/loss": 4.7738747537184385e-05,
    "val/reconstruction": 3.274131304182193e-05,
    "val/regularization": 1.207524237484059e-05
}