{
    "val/dynamics_x": 2.4186384733781156e-06,
    "val/dynamics_z": 0.0,
    "val/loss": 1.5412009088427396e-05,
    "val/reconstruction": 1.9899103782057235e-06,
    "val/regularization": 1.1003460236843558e-05
}