{
    "val/dynamics_x": 9.310893780589865e-07,
    "val/dynamics_z": 0.0,
    "val/loss": 1.1601854278448469e-05,
    "val/reconstruction": 1.217493740742628e-06,
    "val/regularization": 9.453271159646854e-06
}