{
    "val/dynamics_x": 1.8037533398664533e-06,
    "val/dynamics_z": 0.0,
    "val/loss": 1.3730175889918311e-05,
    "val/reconstruction": 1.8042032923320286e-06,
    "val/regularization": 1.0122219257719828e-05
}