{
    "val/dynamics_x": 2.105164658320649e-06,
    "val/dynamics_z": 0.0,
    "val/loss": 2.0446681149568993e-05,
    "val/reconstruction": 4.577188655564918e-06,
    "val/regularization": 1.3764327835683428e-05
}