{
    "val/dynamics_x": 2.109914088996828e-06,
    "val/dynamics_z": 0.0,
    "val/loss": 1.4192914593053256e-05,
    "val/reconstruction": 1.7107147523376194e-06,
    "val/regularization": 1.037228575171881e-05
}