{
    "val/dynamics_x": 6.080652515485275e-07,
    "val/dynamics_z": 0.0,
    "val/loss": 1.1018643354892626e-05,
    "val/reconstruction": 1.7628474976388004e-06,
    "val/regularization": 8.647730605705299e-06
}