{
    "val/dynamics_x": 6.343723619409213e-07,
    "val/dynamics_z": 0.0,
    "val/loss": 1.146181674485907e-05,
    "val/reconstruction": 2.2370883170834764e-06,
    "val/regularization": 8.590356065834673e-06
}