{
    "val/dynamics_x": 1.5387335955479987e-06,
    "val/dynamics_z": 0.0,
    "val/loss": 1.551523305653582e-05,
    "val/reconstruction": 3.909174832473902e-06,
    "val/regularization": 1.006732462851392e-05
}