{
    "val/dynamics_x": 8.651480049951777e-07,
    "val/dynamics_z": 0.0,
    "val/loss": 1.1743341472106712e-05,
    "val/reconstruction": 1.981647635594474e-06,
    "val/regularization": 8.89654583151706e-06
}