{
    "val/dynamics_x": 1.282174715369684e-06,
    "val/dynamics_z": 0.0,
    "val/loss": 1.1877043571081857e-05,
    "val/reconstruction": 1.0722845615705113e-06,
    "val/regularization": 9.522584294141661e-06
}