{
    "val/dynamics_x": 0.0008184841301851178,
    "val/dynamics_z": 0.0,
    "val/loss": 0.030369462910371472,
    "val/reconstruction": 0.029550978780186355
}