{
    "val/dynamics_x": 0.0008796618844799092,
    "val/dynamics_z": 0.0,
    "val/loss": 0.03072324410959236,
    "val/reconstruction": 0.029825794965011723,
    "val/regularization": 1.778726010072795e-05
}