{
    "val/dynamics_x": 3.0874605654962475e-07,
    "val/dynamics_z": 0.0,
    "val/loss": 1.1176012152515652e-05,
    "val/reconstruction": 1.9178507087931466e-06,
    "val/regularization": 8.94941538717288e-06
}