{
    "val/dynamics_x": 4.4106229982298545e-07,
    "val/dynamics_z": 0.0,
    "val/loss": 1.1828685378837488e-05,
    "val/reconstruction": 1.744566071777069e-06,
    "val/regularization": 9.643057007237434e-06
}