{
    "val/dynamics_x": 4.402376524344751e-07,
    "val/dynamics_z": 0.0,
    "val/loss": 9.707754918822159e-06,
    "val/reconstruction": 9.850342253991523e-07,
    "val/regularization": 8.282483040988532e-06
}