{
    "val/dynamics_x": 5.495827825012809e-07,
    "val/dynamics_z": 0.0,
    "val/loss": 1.809279491925613e-05,
    "val/reconstruction": 7.528072518631336e-06,
    "val/regularization": 1.0015139618123515e-05
}