{
    "val/dynamics_x": 3.6590191868347743e-07,
    "val/dynamics_z": 0.0,
    "val/loss": 1.2332062303489636e-05,
    "val/reconstruction": 3.461526032367132e-06,
    "val/regularization": 8.504634352439026e-06
}