{
    "val/dynamics_x": 4.1998534221445867e-07,
    "val/dynamics_z": 0.0,
    "val/loss": 1.2029364157026224e-05,
    "val/reconstruction": 3.209769590558881e-06,
    "val/regularization": 8.399609224252884e-06
}