{
    "val/dynamics_x": 3.320533895342269e-07,
    "val/dynamics_z": 0.0,
    "val/loss": 9.810914671017647e-06,
    "val/reconstruction": 1.0166798707397609e-06,
    "val/regularization": 8.46218141074366e-06
}