{
    "val/dynamics_x": 3.447122496991044e-07,
    "val/dynamics_z": 0.0,
    "val/loss": 1.1858969531545654e-05,
    "val/reconstruction": 2.7199674795613326e-06,
    "val/regularization": 8.79428980228522e-06
}