{
    "val/dynamics_x": 1.1892970185486122e-06,
    "val/dynamics_z": 0.0,
    "val/loss": 1.9784301157230253e-05,
    "val/reconstruction": 5.645606195009126e-06,
    "val/regularization": 1.2949397943672517e-05
}