{
    "val/dynamics_x": 3.262550961974299e-07,
    "val/dynamics_z": 0.0,
    "val/loss": 1.0425891199559748e-05,
    "val/reconstruction": 9.022502358834801e-07,
    "val/regularization": 9.197385867478839e-06
}