{
    "val/dynamics_x": 3.707986877018929e-07,
    "val/dynamics_z": 0.0,
    "val/loss": 1.147567108409579e-05,
    "val/reconstruction": 2.227370078774891e-06,
    "val/regularization": 8.877502317619008e-06
}