{
    "val/dynamics_x": 3.9109182118915064e-07,
    "val/dynamics_z": 0.0,
    "val/loss": 9.119785670755588e-06,
    "val/reconstruction": 4.013347339720239e-07,
    "val/regularization": 8.327359115594414e-06
}