{
    "val/dynamics_x": 4.876340320667248e-07,
    "val/dynamics_z": 0.0,
    "val/loss": 1.1287638268332662e-05,
    "val/reconstruction": 2.448910504934128e-06,
    "val/regularization": 8.35109373133181e-06
}