{
    "val/dynamics_x": 2.841701579800473e-07,
    "val/dynamics_z": 0.0,
    "val/loss": 9.887731402308492e-06,
    "val/reconstruction": 9.813472257988032e-07,
    "val/regularization": 8.622214018529642e-06
}