{
    "val/dynamics_x": 3.548935587394757e-07,
    "val/dynamics_z": 0.0,
    "val/loss": 1.2225031378042931e-05,
    "val/reconstruction": 2.8064257747837177e-06,
    "val/regularization": 9.063712044519737e-06
}