{
    "val/dynamics_x": 5.122355987664749e-07,
    "val/dynamics_z": 0.0,
    "val/loss": 1.358498169329059e-05,
    "val/reconstruction": 4.78451820630164e-06,
    "val/regularization": 8.288227888222476e-06
}