{
    "val/dynamics_x": 4.295748335594701e-07,
    "val/dynamics_z": 0.0,
    "val/loss": 9.622926947513986e-06,
    "val/reconstruction": 9.920187030820673e-07,
    "val/regularization": 8.20133341087245e-06
}