{
    "val/dynamics_x": 6.56953259227934e-07,
    "val/dynamics_z": 0.0,
    "val/loss": 1.4997581124749107e-05,
    "val/reconstruction": 3.549994398170408e-06,
    "val/regularization": 1.0790633467350764e-05
}