{
    "val/dynamics_x": 3.557349999394886e-07,
    "val/dynamics_z": 0.0,
    "val/loss": 2.2120928526375e-05,
    "val/reconstruction": 1.3023905109068312e-05,
    "val/regularization": 8.741288417367203e-06
}