{
    "val/dynamics_x": 2.8742356924588603e-07,
    "val/dynamics_z": 0.0,
    "val/loss": 9.492307863248271e-06,
    "val/reconstruction": 5.211041930332149e-07,
    "val/regularization": 8.68378010096917e-06
}