{
    "val/dynamics_x": 4.448656215736713e-07,
    "val/dynamics_z": 0.0,
    "val/loss": 1.0170656949797277e-05,
    "val/reconstruction": 1.4901068791053427e-06,
    "val/regularization": 8.235684449118262e-06
}