{
    "val/dynamics_x": 4.257804363059776e-07,
    "val/dynamics_z": 0.0,
    "val/loss": 1.2252700328109846e-06,
    "val/reconstruction": 7.994895965050069e-07
}