{
    "val/dynamics_x": 4.214425064128272e-07,
    "val/dynamics_z": 0.0,
    "val/loss": 1.47643043327434e-05,
    "val/reconstruction": 4.960390448692729e-06,
    "val/regularization": 9.382471377637841e-06
}