{
    "val/dynamics_x": 3.442600796241744e-07,
    "val/dynamics_z": 0.0,
    "val/loss": 1.3039016130791803e-05,
    "val/reconstruction": 4.135228240917789e-06,
    "val/regularization": 8.55952781024984e-06
}