{
    "val/dynamics_x": 2.913425598379892e-07,
    "val/dynamics_z": 0.0,
    "val/loss": 1.0012989064937553e-05,
    "val/reconstruction": 1.0590034504178098e-06,
    "val/regularization": 8.662643054681755e-06
}