{
    "val/dynamics_x": 4.461714555775611e-07,
    "val/dynamics_z": 0.0,
    "val/loss": 1.3892666224001426e-06,
    "val/reconstruction": 9.430951668225814e-07
}