{
    "val/dynamics_x": 4.804435932688467e-07,
    "val/dynamics_z": 0.0,
    "val/loss": 1.0642299558175041e-05,
    "val/reconstruction": 1.9908804542611313e-06,
    "val/regularization": 8.170975510645064e-06
}