{
    "val/dynamics_x": 0.0006646352470011146,
    "val/dynamics_z": 0.0,
    "val/loss": 0.033108673970344074,
    "val/reconstruction": 0.03243591667237329,
    "val/regularization": 8.122050969665821e-06,
    "train/dynamics_x": 2.876325648720132e-06,
    "train/dynamics_z": 0.0,
    "train/loss": 1.3927656414131887e-05,
    "train/reconstruction": 2.92397584818785e-06,
    "train/regularization": 8.127354917223908e-06
}