{
    "val/dynamics_x": 0.0006658693756854187,
    "val/dynamics_z": 0.0,
    "val/loss": 0.03380949073284387,
    "val/reconstruction": 0.03313620149015989,
    "val/regularization": 7.419866998567441e-06
}