{
    "val/dynamics_x": 9.115055526531076e-07,
    "val/dynamics_z": 0.0,
    "val/loss": 1.1306246542050902e-05,
    "val/reconstruction": 2.518392581881183e-06,
    "val/regularization": 7.876348407516612e-06
}