{
    "val/dynamics_x": 1.2258279119811232e-06,
    "val/dynamics_z": 0.0,
    "val/loss": 1.5457889042482588e-05,
    "val/reconstruction": 6.100547976696758e-06,
    "val/regularization": 8.131513153804707e-06
}