{
    "val/dynamics_x": 4.632072352548259e-07,
    "val/dynamics_z": 0.0,
    "val/loss": 4.503191634769786e-06,
    "val/reconstruction": 4.039984399514961e-06
}