{
    "val/dynamics_x": 2.795089349255647e-06,
    "val/dynamics_z": 0.0,
    "val/loss": 2.3890194190764445e-05,
    "val/reconstruction": 6.759127324683111e-06,
    "val/regularization": 1.433597751682569e-05
}