{
    "val/dynamics_x": 8.039892281406876e-07,
    "val/dynamics_z": 0.0,
    "val/loss": 1.0938256796756513e-05,
    "val/reconstruction": 2.3560383088983627e-06,
    "val/regularization": 7.778229259717463e-06
}