{
    "val/dynamics_x": 7.429896147023676e-07,
    "val/dynamics_z": 0.0,
    "val/loss": 1.248340950206393e-05,
    "val/reconstruction": 4.187255457256452e-06,
    "val/regularization": 7.55316443010511e-06
}