{
    "val/dynamics_x": 4.5572650409241674e-07,
    "val/dynamics_z": 0.0,
    "val/loss": 1.4889821729037543e-06,
    "val/reconstruction": 1.0332556688113375e-06
}