{
    "val/dynamics_x": 6.382015279637852e-07,
    "val/dynamics_z": 0.0,
    "val/loss": 1.0542451927367805e-05,
    "val/reconstruction": 2.5154840744622864e-06,
    "val/regularization": 7.3887663249417335e-06
}