{
    "val/dynamics_x": 1.4660430458111982e-06,
    "val/dynamics_z": 0.0,
    "val/loss": 1.3026678687395155e-05,
    "val/reconstruction": 3.248160594669648e-06,
    "val/regularization": 8.31247504691431e-06
}