{
    "val/dynamics_x": 0.0018408595843022722,
    "val/dynamics_z": 0.0,
    "val/loss": 0.040944601764964096,
    "val/reconstruction": 0.03909604521688463,
    "val/regularization": 7.696963777191985e-06
}