{
    "val/dynamics_x": 0.0010910540241784628,
    "val/dynamics_z": 0.0,
    "val/loss": 0.0363589323237653,
    "val/reconstruction": 0.03526787829958684
}