{
    "val/dynamics_x": 0.0008729340922975281,
    "val/dynamics_z": 0.0,
    "val/loss": 0.03239728687675144,
    "val/reconstruction": 0.03152435278445391
}