{
    "val/dynamics_x": 4.143937985645607e-06,
    "val/dynamics_z": 1.6819058146211319e-07,
    "val/loss": 5.34183800482424e-06,
    "val/reconstruction": 1.029709665090195e-06
}