{
    "val/dynamics_x": 4.112654323762399e-07,
    "val/dynamics_z": 2.1805465877378083e-08,
    "val/loss": 5.235872890807514e-07,
    "val/reconstruction": 9.051638016899233e-08
}