{
    "val/dynamics_x": 4.363851928701479e-07,
    "val/dynamics_z": 2.525823283860973e-08,
    "val/loss": 5.690284865522699e-07,
    "val/reconstruction": 1.0738509814700592e-07
}