{
    "val/dynamics_x": 5.11905682287761e-06,
    "val/dynamics_z": 1.2724493103632994e-07,
    "val/loss": 7.7737495303154e-06,
    "val/reconstruction": 1.7111910892708693e-06,
    "val/regularization": 8.162561471181107e-07
}