{
    "val/dynamics_x": 1.5314227539420244e-06,
    "val/dynamics_z": 3.0436130060707e-08,
    "val/loss": 1.977968850042089e-06,
    "val/reconstruction": 4.1610996959207114e-07
}