{
    "val/dynamics_x": 1.0429283065604977e-05,
    "val/dynamics_z": 3.497290208542836e-07,
    "val/loss": 1.9435865397099406e-05,
    "val/reconstruction": 7.703832125116605e-06,
    "val/regularization": 9.53019252847298e-07
}