{
    "val/dynamics_x": 7.337064857892983e-07,
    "val/dynamics_z": 3.32481526754691e-08,
    "val/loss": 1.8336781977268402e-06,
    "val/reconstruction": 1.981750870072574e-07,
    "val/regularization": 8.685482271175715e-07
}