{
    "val/dynamics_x": 5.038456833972305e-07,
    "val/dynamics_z": 2.6626256754980204e-08,
    "val/loss": 1.5172118992268224e-06,
    "val/reconstruction": 1.1795584953233629e-07,
    "val/regularization": 8.687837294019118e-07
}