{
    "val/dynamics_x": 1.973066218852182e-06,
    "val/dynamics_z": 8.693799458114881e-08,
    "val/loss": 4.050715233461233e-06,
    "val/reconstruction": 1.1273954214630066e-06,
    "val/regularization": 8.633153925075021e-07
}