{
    "val/dynamics_x": 3.8262425050561433e-07,
    "val/dynamics_z": 2.1989125187360514e-08,
    "val/loss": 4.922807192997425e-07,
    "val/reconstruction": 8.766733827769713e-08
}