{
    "val/dynamics_x": 8.700299645170162e-07,
    "val/dynamics_z": 4.6043808765716676e-08,
    "val/loss": 2.2551591882802313e-06,
    "val/reconstruction": 4.7170419747999404e-07,
    "val/regularization": 8.673815727888723e-07
}