{
    "val/dynamics_x": 1.0930898497463204e-06,
    "val/dynamics_z": 2.8916103289589046e-08,
    "val/loss": 2.62691742136667e-06,
    "val/reconstruction": 6.473047733379644e-07,
    "val/regularization": 8.576063805776357e-07
}