{
    "val/dynamics_x": 2.4197654511226574e-06,
    "val/dynamics_z": 1.200134533974051e-07,
    "val/loss": 4.3094082684547175e-06,
    "val/reconstruction": 9.045248248185089e-07,
    "val/regularization": 8.651050507069158e-07
}