{
    "val/dynamics_x": 4.6848521151332534e-07,
    "val/dynamics_z": 2.3489375777785426e-08,
    "val/loss": 6.021949161549855e-07,
    "val/reconstruction": 1.1022034840380002e-07
}