{
    "val/dynamics_x": 1.5886135997789097e-06,
    "val/dynamics_z": 6.97685820227889e-08,
    "val/loss": 2.102609187204507e-06,
    "val/reconstruction": 4.4422682776712463e-07
}