{
    "val/dynamics_x": 1.54268445839989e-06,
    "val/dynamics_z": 2.5996696351171522e-08,
    "val/loss": 1.936782382472302e-06,
    "val/reconstruction": 3.6810101278206275e-07
}