{
    "val/dynamics_x": 6.838260446784261e-07,
    "val/dynamics_z": 2.526238063182973e-08,
    "val/loss": 1.7393557527611847e-06,
    "val/reconstruction": 1.6178927353394101e-07,
    "val/regularization": 8.684780254952784e-07
}