{
    "val/dynamics_x": 1.1871046581291012e-06,
    "val/dynamics_z": 6.141496555756021e-08,
    "val/loss": 2.458381004544208e-06,
    "val/reconstruction": 3.410997067021526e-07,
    "val/regularization": 8.68761617311975e-07
}