{
    "val/dynamics_x": 5.059405793872429e-06,
    "val/dynamics_z": 1.3353943018046266e-07,
    "val/loss": 7.504802397306776e-06,
    "val/reconstruction": 1.5064566696310067e-06,
    "val/regularization": 8.054008731050999e-07
}