{
    "val/dynamics_x": 4.928213002131088e-07,
    "val/dynamics_z": 2.5849654861076488e-08,
    "val/loss": 6.408524200196553e-07,
    "val/reconstruction": 1.2218150402532046e-07
}