{
    "val/dynamics_x": 5.31492901245656e-07,
    "val/dynamics_z": 2.190428105564024e-08,
    "val/loss": 6.897568596286874e-07,
    "val/reconstruction": 1.3635956008783978e-07
}