{
    "val/dynamics_x": 4.296930001146393e-06,
    "val/dynamics_z": 7.24692625908574e-08,
    "val/loss": 6.51760637992993e-06,
    "val/reconstruction": 1.3332573871593922e-06,
    "val/regularization": 8.149497716658516e-07
}