{
    "val/dynamics_x": 5.990010549794533e-07,
    "val/dynamics_z": 2.606843629848754e-08,
    "val/loss": 1.649227897360106e-06,
    "val/reconstruction": 1.5578676482164155e-07,
    "val/regularization": 8.683713872414955e-07
}