{
    "val/dynamics_x": 3.809535081162335e-07,
    "val/dynamics_z": 0.0,
    "val/loss": 4.499099292563124e-06,
    "val/reconstruction": 4.11814578444689e-06,
    "train/dynamics_x": 3.677469850805523e-07,
    "train/dynamics_z": 0.0,
    "train/loss": 1.2706741269588514e-05,
    "train/reconstruction": 2.5922651374129724e-06,
    "train/regularization": 9.746729147094988e-06
}