{
    "val/dynamics_x": 3.1864359106755866e-07,
    "val/dynamics_z": 0.0,
    "val/loss": 1.0839788767683002e-05,
    "val/reconstruction": 6.395813524026058e-07,
    "val/regularization": 9.881563824212837e-06
}