{
    "val/dynamics_x": 4.0253777088991914e-07,
    "val/dynamics_z": 0.0,
    "val/loss": 1.7956307781178482e-05,
    "val/reconstruction": 7.755686748913e-06,
    "val/regularization": 9.79808326137556e-06
}