{
    "val/dynamics_x": 3.8154280039126517e-07,
    "val/dynamics_z": 0.0,
    "val/loss": 1.3943630130464385e-05,
    "val/reconstruction": 3.4192244255174713e-06,
    "val/regularization": 1.014286290455565e-05
}