{
    "val/dynamics_x": 4.0831690620135873e-07,
    "val/dynamics_z": 0.0,
    "val/loss": 1.148209796326577e-05,
    "val/reconstruction": 6.834743923370518e-07,
    "val/regularization": 1.0390306664727358e-05
}