{
    "val/dynamics_x": 7.191828897056673e-07,
    "val/dynamics_z": 0.0,
    "val/loss": 4.979281312267706e-05,
    "val/reconstruction": 3.85960671401881e-05,
    "val/regularization": 1.0477563092783296e-05
}