{
    "val/dynamics_x": 3.269169737910977e-07,
    "val/dynamics_z": 0.0,
    "val/loss": 1.107467245209747e-05,
    "val/reconstruction": 8.946993154123106e-07,
    "val/regularization": 9.853056162894062e-06
}