{
    "val/dynamics_x": 3.8390143125943533e-07,
    "val/dynamics_z": 0.0,
    "val/loss": 1.2035237497476162e-05,
    "val/reconstruction": 1.3372631291643077e-06,
    "val/regularization": 1.0314072937052419e-05
}