{
    "val/dynamics_x": 3.540387920985916e-07,
    "val/dynamics_z": 0.0,
    "val/loss": 1.1975825995382289e-05,
    "val/reconstruction": 1.5279737111195969e-06,
    "val/regularization": 1.00938134921641e-05
}