{
    "val/dynamics_x": 1.2184113722467106e-06,
    "val/dynamics_z": 0.0,
    "val/loss": 1.7146711021263508e-05,
    "val/reconstruction": 2.9282420532326488e-06,
    "val/regularization": 1.3000057595784147e-05
}