{
    "val/dynamics_x": 3.809535081162335e-07,
    "val/dynamics_z": 0.0,
    "val/loss": 4.499099292563124e-06,
    "val/reconstruction": 4.11814578444689e-06
}