{
    "val/dynamics_x": 3.659186138890741e-07,
    "val/dynamics_z": 0.0,
    "val/loss": 1.2249305334511997e-05,
    "val/reconstruction": 1.6338453097401489e-06,
    "val/regularization": 1.0249541410882773e-05
}