{
    "val/dynamics_x": 2.315135435540753e-06,
    "val/dynamics_z": 0.0,
    "val/loss": 3.261491563319222e-06,
    "val/reconstruction": 9.463561277784692e-07,
    "train/dynamics_x": 2.120822803206881e-06,
    "train/dynamics_z": 0.0,
    "train/loss": 1.1155996557877314e-05,
    "train/reconstruction": 1.855832996856208e-06,
    "train/regularization": 7.1793407578142184e-06
}