{
    "val/dynamics_x": 7.582737611917619e-06,
    "val/dynamics_z": 0.0,
    "val/loss": 2.7991272237610036e-05,
    "val/reconstruction": 6.018646351386641e-06,
    "val/regularization": 1.4389888274305777e-05
}