{
    "val/dynamics_x": 3.339507840296978e-06,
    "val/dynamics_z": 0.0,
    "val/loss": 1.5002807672360607e-05,
    "val/reconstruction": 3.632276738514763e-06,
    "val/regularization": 8.031023093548866e-06
}