{
    "val/dynamics_x": 3.286617783586106e-06,
    "val/dynamics_z": 0.0,
    "val/loss": 7.1009469801566e-06,
    "val/reconstruction": 3.8143291965704937e-06
}