{
    "val/dynamics_x": 9.343215819716368e-06,
    "val/dynamics_z": 0.0,
    "val/loss": 3.72926195241298e-05,
    "val/reconstruction": 1.2660736803909549e-05,
    "val/regularization": 1.5288666900503886e-05
}