{
    "val/dynamics_x": 4.524414758794125e-06,
    "val/dynamics_z": 0.0,
    "val/loss": 1.8566388425761053e-05,
    "val/reconstruction": 2.5993430665867346e-06,
    "val/regularization": 1.1442630600380192e-05
}