{
    "val/dynamics_x": 3.2921394012033513e-06,
    "val/dynamics_z": 0.0,
    "val/loss": 3.761093233325411e-05,
    "val/reconstruction": 2.655922526723289e-05,
    "val/regularization": 7.759567664817869e-06
}