{
    "val/dynamics_x": 4.1900859436805404e-06,
    "val/dynamics_z": 0.0,
    "val/loss": 2.2645820204707874e-05,
    "val/reconstruction": 7.56223779521433e-06,
    "val/regularization": 1.0893496465813002e-05
}