{
    "val/dynamics_x": 1.7972681251947036e-05,
    "val/dynamics_z": 0.0,
    "val/loss": 4.642921714812206e-05,
    "val/reconstruction": 8.813273697283326e-06,
    "val/regularization": 1.9643262198891693e-05
}