{
    "val/dynamics_x": 3.243773618634258e-06,
    "val/dynamics_z": 0.0,
    "val/loss": 1.4762013740488292e-05,
    "val/reconstruction": 2.4591173406059836e-06,
    "val/regularization": 9.059122781248052e-06
}