{
    "val/dynamics_x": 5.824401672874838e-06,
    "val/dynamics_z": 0.0,
    "val/loss": 2.2032157876406757e-05,
    "val/reconstruction": 3.0012748601772724e-06,
    "val/regularization": 1.3206481343354645e-05
}