{
    "val/dynamics_x": 2.822022878133335e-06,
    "val/dynamics_z": 0.0,
    "val/loss": 1.1793841837190547e-05,
    "val/reconstruction": 1.341290938972589e-06,
    "val/regularization": 7.630528020084624e-06
}