{
    "val/dynamics_x": 3.9317308790230705e-06,
    "val/dynamics_z": 0.0,
    "val/loss": 1.6464200163526003e-05,
    "val/reconstruction": 2.203147967397579e-06,
    "val/regularization": 1.0329321317105353e-05
}