{
    "val/dynamics_x": 1.3158589639472654e-05,
    "val/dynamics_z": 0.0,
    "val/loss": 3.757469186726614e-05,
    "val/reconstruction": 6.619736371756642e-06,
    "val/regularization": 1.7796365856036842e-05
}