{
    "val/dynamics_x": 5.484049521360381e-06,
    "val/dynamics_z": 0.0,
    "val/loss": 2.5153147194141473e-05,
    "val/reconstruction": 7.035732847042248e-06,
    "val/regularization": 1.2633364825738845e-05
}