{
    "val/dynamics_x": 6.353489672863619e-06,
    "val/dynamics_z": 0.0,
    "val/loss": 2.5042136341499677e-05,
    "val/reconstruction": 4.924647760161289e-06,
    "val/regularization": 1.376399890847477e-05
}