{
    "val/dynamics_x": 3.3809211863175665e-05,
    "val/dynamics_z": 0.0,
    "val/loss": 8.344054567160075e-05,
    "val/reconstruction": 2.851513883584891e-05,
    "val/regularization": 2.1116194972576172e-05
}