{
    "val/dynamics_x": 4.7920744272502075e-06,
    "val/dynamics_z": 0.0,
    "val/loss": 2.1528026728810776e-05,
    "val/reconstruction": 4.733397587707627e-06,
    "val/regularization": 1.200255471385294e-05
}