{
    "val/dynamics_x": 3.2055611509185053e-06,
    "val/dynamics_z": 0.0,
    "val/loss": 1.3767718164733149e-05,
    "val/reconstruction": 2.6676808602731164e-06,
    "val/regularization": 7.894476153541527e-06
}