{
    "val/dynamics_x": 3.6523463902306307e-06,
    "val/dynamics_z": 0.0,
    "val/loss": 1.6191553987515632e-05,
    "val/reconstruction": 2.806960819898349e-06,
    "val/regularization": 9.732246777386651e-06
}