{
    "val/dynamics_x": 3.4405173706653427e-06,
    "val/dynamics_z": 0.0,
    "val/loss": 1.7902290432644645e-05,
    "val/reconstruction": 5.114669658156241e-06,
    "val/regularization": 9.347103403823061e-06
}