{
    "val/dynamics_x": 1.035176859897618e-05,
    "val/dynamics_z": 0.0,
    "val/loss": 3.226321959904074e-05,
    "val/reconstruction": 5.417143531808467e-06,
    "val/regularization": 1.649430746825609e-05
}