{
    "val/dynamics_x": 4.337867010690648e-06,
    "val/dynamics_z": 0.0,
    "val/loss": 1.5355401615441754e-05,
    "val/reconstruction": 2.7342463839611967e-06,
    "val/regularization": 8.283288220789908e-06
}