{
    "val/dynamics_x": 0.0007030756368762916,
    "val/dynamics_z": 0.0,
    "val/loss": 0.03198909778562978,
    "val/reconstruction": 0.031286022148753485
}