{
    "val/dynamics_x": 5.424848796850226e-07,
    "val/dynamics_z": 0.0,
    "val/loss": 1.4811416697742539e-05,
    "val/reconstruction": 3.867916509779352e-06,
    "val/regularization": 1.0401015308278165e-05
}