{
    "val/dynamics_x": 8.198904728784304e-07,
    "val/dynamics_z": 0.0,
    "val/loss": 2.6531055323672625e-05,
    "val/reconstruction": 1.4994027244230258e-05,
    "val/regularization": 1.0717137606563938e-05
}