{
    "val/dynamics_x": 8.23408059495273e-06,
    "val/dynamics_z": 0.0,
    "val/loss": 3.9407656402322454e-05,
    "val/reconstruction": 9.36846073143079e-06,
    "val/regularization": 2.1805115075938936e-05
}