{
    "val/dynamics_x": 3.6366726518027477e-07,
    "val/dynamics_z": 0.0,
    "val/loss": 1.3061804654687549e-05,
    "val/reconstruction": 2.740716495801674e-06,
    "val/regularization": 9.9574208937056e-06
}