{
    "val/dynamics_x": 3.2013692294694045e-06,
    "val/dynamics_z": 0.0,
    "val/loss": 3.168922587254425e-05,
    "val/reconstruction": 1.1247960316514303e-05,
    "val/regularization": 1.723989632656054e-05
}