{
    "val/dynamics_x": 9.527951576877676e-07,
    "val/dynamics_z": 0.0,
    "val/loss": 2.098537436683658e-05,
    "val/reconstruction": 7.621805378053676e-06,
    "val/regularization": 1.2410773831095137e-05
}