{
    "val/dynamics_x": 4.5700358162612214e-07,
    "val/dynamics_z": 0.0,
    "val/loss": 1.1458588834183144e-05,
    "val/reconstruction": 6.692740238852291e-07,
    "val/regularization": 1.0332311228671792e-05
}