{
    "val/dynamics_x": 3.85235812782055e-07,
    "val/dynamics_z": 0.0,
    "val/loss": 1.1356014050011613e-05,
    "val/reconstruction": 8.440814095079904e-07,
    "val/regularization": 1.0126696827721568e-05
}