{
    "val/dynamics_x": 5.192129609221207e-07,
    "val/dynamics_z": 0.0,
    "val/loss": 1.1843541229336337e-05,
    "val/reconstruction": 8.420051448260307e-07,
    "val/regularization": 1.0482323123588186e-05
}