{
    "val/dynamics_x": 3.8687862871478054e-07,
    "val/dynamics_z": 0.0,
    "val/loss": 1.0983966045948035e-05,
    "val/reconstruction": 4.2594593207257165e-07,
    "val/regularization": 1.0171141485160683e-05
}