{
    "val/dynamics_x": 3.442384361262807e-07,
    "val/dynamics_z": 0.0,
    "val/loss": 1.405797503581703e-05,
    "val/reconstruction": 3.6967974332054587e-06,
    "val/regularization": 1.001693916648529e-05
}