{
    "val/dynamics_x": 3.7238743153104584e-07,
    "val/dynamics_z": 0.0,
    "val/loss": 1.209618447494743e-05,
    "val/reconstruction": 1.6736876433165245e-06,
    "val/regularization": 1.005010940009986e-05
}