{
    "val/dynamics_x": 3.259770007304966e-07,
    "val/dynamics_z": 0.0,
    "val/loss": 1.9833088092956435e-06,
    "val/reconstruction": 1.6573318085651471e-06,
    "train/dynamics_x": 2.0815950469998216e-07,
    "train/dynamics_z": 0.0,
    "train/loss": 8.227949579445444e-06,
    "train/reconstruction": 1.2659127594346224e-06,
    "train/regularization": 6.753877315310839e-06
}