{
    "val/dynamics_x": 6.259116401030808e-07,
    "val/dynamics_z": 0.0,
    "val/loss": 1.3583114988606409e-05,
    "val/reconstruction": 5.605170969639638e-06,
    "val/regularization": 7.352032378863691e-06
}