{
    "val/dynamics_x": 5.292402814082073e-07,
    "val/dynamics_z": 0.0,
    "val/loss": 1.0454679133084684e-05,
    "val/reconstruction": 2.7256929172274856e-06,
    "val/regularization": 7.199745934448989e-06
}