{
    "val/dynamics_x": 8.594674338507847e-07,
    "val/dynamics_z": 0.0,
    "val/loss": 1.1556668124054284e-05,
    "val/reconstruction": 3.166236000255642e-06,
    "val/regularization": 7.5309646899478575e-06
}