{
    "val/dynamics_x": 5.314006154660612e-07,
    "val/dynamics_z": 0.0,
    "val/loss": 9.864158510562404e-06,
    "val/reconstruction": 2.5494369596062905e-06,
    "val/regularization": 6.783320935490051e-06
}