{
    "val/dynamics_x": 3.8769236426646525e-06,
    "val/dynamics_z": 0.0,
    "val/loss": 2.386518250220445e-05,
    "val/reconstruction": 1.031615579213025e-05,
    "val/regularization": 9.672103067409548e-06
}