{
    "val/dynamics_x": 5.463535399525485e-07,
    "val/dynamics_z": 0.0,
    "val/loss": 9.572167924373338e-06,
    "val/reconstruction": 2.2107139833484692e-06,
    "val/regularization": 6.81510040107232e-06
}