{
    "val/dynamics_x": 2.905156166123029e-07,
    "val/dynamics_z": 0.0,
    "val/loss": 8.315829423883839e-06,
    "val/reconstruction": 1.2449906853950785e-06,
    "val/regularization": 6.780323121876457e-06
}