{
    "val/dynamics_x": 3.259770007304966e-07,
    "val/dynamics_z": 0.0,
    "val/loss": 1.9833088092956435e-06,
    "val/reconstruction": 1.6573318085651471e-06
}