{
    "val/dynamics_x": 4.881201802538068e-07,
    "val/dynamics_z": 0.0,
    "val/loss": 1.0331544094576539e-05,
    "val/reconstruction": 2.763886295286262e-06,
    "val/regularization": 7.079537619036472e-06
}