{
    "val/dynamics_x": 2.567080735090999e-07,
    "val/dynamics_z": 0.0,
    "val/loss": 8.302316858309835e-06,
    "val/reconstruction": 1.2511338850691367e-06,
    "val/regularization": 6.794474899731598e-06
}