{
    "val/dynamics_x": 7.322762259193752e-07,
    "val/dynamics_z": 0.0,
    "val/loss": 2.6690521899165608e-05,
    "val/reconstruction": 1.9100740902964563e-05,
    "val/regularization": 6.857504770281667e-06
}