{
    "val/dynamics_x": 5.390192217351728e-07,
    "val/dynamics_z": 0.0,
    "val/loss": 1.0936496845070113e-05,
    "val/reconstruction": 3.4018270871689368e-06,
    "val/regularization": 6.995650536166004e-06
}