{
    "val/dynamics_x": 4.860861992242313e-07,
    "val/dynamics_z": 0.0,
    "val/loss": 8.84127911120386e-06,
    "val/reconstruction": 1.5622243099512566e-06,
    "val/regularization": 6.792968602028372e-06
}