{
    "val/dynamics_x": 1.1519863080813503e-06,
    "val/dynamics_z": 0.0,
    "val/loss": 1.9356098593597807e-05,
    "val/reconstruction": 1.0483729681999039e-05,
    "val/regularization": 7.720382603517421e-06
}