{
    "val/dynamics_x": 2.6626970345721004e-06,
    "val/dynamics_z": 0.0,
    "val/loss": 2.0537345638371372e-05,
    "val/reconstruction": 9.679394127610456e-06,
    "val/regularization": 8.195254476188814e-06
}