{
    "val/dynamics_x": 3.420396220521117e-07,
    "val/dynamics_z": 0.0,
    "val/loss": 3.6280494665476643e-06,
    "val/reconstruction": 3.2860098444955525e-06
}