{
    "val/dynamics_x": 2.9654281985130405e-07,
    "val/dynamics_z": 0.0,
    "val/loss": 9.715920624535833e-06,
    "val/reconstruction": 2.5793065763788217e-06,
    "val/regularization": 6.840071228305706e-06
}