{
    "val/dynamics_x": 7.788349077003675e-07,
    "val/dynamics_z": 0.0,
    "val/loss": 1.4190508877972633e-05,
    "val/reconstruction": 6.378186038385723e-06,
    "val/regularization": 7.033487931886542e-06
}