{
    "val/dynamics_x": 2.0280930309116175e-07,
    "val/dynamics_z": 0.0,
    "val/loss": 7.128882988395797e-07,
    "val/reconstruction": 5.100789957484179e-07,
    "train/dynamics_x": 2.1721304920565565e-07,
    "train/dynamics_z": 0.0,
    "train/loss": 9.131389616016432e-06,
    "train/reconstruction": 1.192661218129435e-06,
    "train/regularization": 7.72151534868134e-06
}