{
    "val/dynamics_x": 2.958443714857503e-07,
    "val/dynamics_z": 0.0,
    "val/loss": 9.300916055159658e-06,
    "val/reconstruction": 5.75556612373434e-07,
    "val/regularization": 8.429515071300473e-06
}