{
    "val/dynamics_x": 2.715934545324602e-07,
    "val/dynamics_z": 0.0,
    "val/loss": 1.350915762293456e-05,
    "val/reconstruction": 5.416743509461973e-06,
    "val/regularization": 7.820820658940126e-06
}