{
    "val/dynamics_x": 2.5788095657221295e-07,
    "val/dynamics_z": 0.0,
    "val/loss": 9.509069441636254e-06,
    "val/reconstruction": 1.1390407614580737e-06,
    "val/regularization": 8.112147723605968e-06
}