{
    "val/dynamics_x": 2.6591460997222004e-07,
    "val/dynamics_z": 0.0,
    "val/loss": 9.520818521706023e-06,
    "val/reconstruction": 1.0011596987378006e-06,
    "val/regularization": 8.253744212996003e-06
}