{
    "val/dynamics_x": 1.94546542015005e-06,
    "val/dynamics_z": 0.0,
    "val/loss": 2.0466447869416545e-05,
    "val/reconstruction": 1.8530167851759053e-06,
    "val/regularization": 1.666796566409059e-05
}