{
    "val/dynamics_x": 3.441937986370593e-07,
    "val/dynamics_z": 0.0,
    "val/loss": 1.4936199314211524e-05,
    "val/reconstruction": 6.060172324267736e-06,
    "val/regularization": 8.531833191306728e-06
}