{
    "val/dynamics_x": 5.269874545898018e-07,
    "val/dynamics_z": 0.0,
    "val/loss": 1.6544608740209173e-05,
    "val/reconstruction": 6.843149761634435e-06,
    "val/regularization": 9.174471523984938e-06
}