{
    "val/dynamics_x": 2.6093564391811206e-07,
    "val/dynamics_z": 0.0,
    "val/loss": 9.44702468585458e-06,
    "val/reconstruction": 1.1336313719347561e-06,
    "val/regularization": 8.052457670001711e-06
}