{
    "val/dynamics_x": 4.2483289756528644e-07,
    "val/dynamics_z": 0.0,
    "val/loss": 1.528285419019558e-05,
    "val/reconstruction": 6.075977022624859e-06,
    "val/regularization": 8.782044270005434e-06
}