{
    "val/dynamics_x": 4.4257167075926847e-07,
    "val/dynamics_z": 0.0,
    "val/loss": 1.1590514268790512e-05,
    "val/reconstruction": 2.1843944283689247e-06,
    "val/regularization": 8.963548169662318e-06
}