{
    "val/dynamics_x": 2.390541697642684e-07,
    "val/dynamics_z": 0.0,
    "val/loss": 9.026731416632289e-06,
    "val/reconstruction": 8.419808983419004e-07,
    "val/regularization": 7.945696348526121e-06
}