{
    "val/dynamics_x": 2.4388895720038367e-07,
    "val/dynamics_z": 0.0,
    "val/loss": 9.252650647799741e-06,
    "val/reconstruction": 1.224465467654062e-06,
    "val/regularization": 7.784296222945296e-06
}