{
    "val/dynamics_x": 3.547945543263852e-07,
    "val/dynamics_z": 0.0,
    "val/loss": 9.843203777380021e-06,
    "val/reconstruction": 8.39392800866925e-07,
    "val/regularization": 8.64901642218671e-06
}