{
    "val/dynamics_x": 2.471560221385759e-07,
    "val/dynamics_z": 0.0,
    "val/loss": 9.009373163635923e-06,
    "val/reconstruction": 7.65499455440673e-07,
    "val/regularization": 7.996717686056674e-06
}