{
    "val/dynamics_x": 2.390130808173257e-07,
    "val/dynamics_z": 0.0,
    "val/loss": 8.54762271732862e-06,
    "val/reconstruction": 4.0821166656220397e-07,
    "val/regularization": 7.90039796994909e-06
}