{
    "val/dynamics_x": 5.643321286717622e-07,
    "val/dynamics_z": 0.0,
    "val/loss": 1.216476811137092e-05,
    "val/reconstruction": 2.1719445031458325e-06,
    "val/regularization": 9.428491479553326e-06
}