{
    "val/dynamics_x": 2.709709534298522e-07,
    "val/dynamics_z": 0.0,
    "val/loss": 9.075672994615965e-06,
    "val/reconstruction": 6.261832081670211e-07,
    "val/regularization": 8.178518833019091e-06
}