{
    "val/dynamics_x": 7.831703496251352e-07,
    "val/dynamics_z": 0.0,
    "val/loss": 2.2497556389208647e-05,
    "val/reconstruction": 1.0825884305687237e-05,
    "val/regularization": 1.0888501733896275e-05
}