{
    "val/dynamics_x": 2.0280930309116175e-07,
    "val/dynamics_z": 0.0,
    "val/loss": 7.128882988395797e-07,
    "val/reconstruction": 5.100789957484179e-07
}