{
    "val/dynamics_x": 0.0008812726625903178,
    "val/dynamics_z": 0.0,
    "val/loss": 0.0388107815268403,
    "val/reconstruction": 0.037913577286172964,
    "val/regularization": 1.593157807701996e-05
}