{
    "val/dynamics_x": 0.0008044697023901807,
    "val/dynamics_z": 0.0,
    "val/loss": 0.03326055494736868,
    "val/reconstruction": 0.03244871700543858,
    "val/regularization": 7.368239539918491e-06
}