{
    "val/dynamics_x": 0.0007965543234402214,
    "val/dynamics_z": 0.0,
    "val/loss": 0.03276038165133632,
    "val/reconstruction": 0.0319638273278961
}