{
    "val/dynamics_x": 2.7556075315201117e-07,
    "val/dynamics_z": 0.0,
    "val/loss": 8.242905214518743e-06,
    "val/reconstruction": 1.2087801161246693e-06,
    "val/regularization": 6.758564345242063e-06
}