{
    "val/dynamics_x": 7.619832484836452e-07,
    "val/dynamics_z": 0.0,
    "val/loss": 1.1772938726759562e-05,
    "val/reconstruction": 2.6773239123525323e-06,
    "val/regularization": 8.333631565923384e-06
}