{
    "val/dynamics_x": 2.519564590515365e-07,
    "val/dynamics_z": 0.0,
    "val/loss": 1.0483023003900836e-05,
    "val/reconstruction": 3.282620437851626e-06,
    "val/regularization": 6.948446106997673e-06
}