{
    "val/dynamics_x": 2.7027758623649693e-07,
    "val/dynamics_z": 0.0,
    "val/loss": 8.447958655473991e-06,
    "val/reconstruction": 1.1227179053691716e-06,
    "val/regularization": 7.054963163868322e-06
}