{
    "val/dynamics_x": 2.4511313140189297e-07,
    "val/dynamics_z": 0.0,
    "val/loss": 8.747443574143988e-06,
    "val/reconstruction": 1.6426027251321494e-06,
    "val/regularization": 6.859727717609946e-06
}