{
    "val/dynamics_x": 5.241300309815051e-07,
    "val/dynamics_z": 0.0,
    "val/loss": 1.155947882579311e-05,
    "val/reconstruction": 3.645091816961859e-06,
    "val/regularization": 7.3902569778497455e-06
}