{
    "val/dynamics_x": 2.3928401864203575e-07,
    "val/dynamics_z": 0.0,
    "val/loss": 7.785138931033825e-06,
    "val/reconstruction": 7.752383378518779e-07,
    "val/regularization": 6.770616574539912e-06
}