{
    "val/dynamics_x": 4.628032074109213e-07,
    "val/dynamics_z": 0.0,
    "val/loss": 1.3026175371910296e-05,
    "val/reconstruction": 5.578632141588347e-06,
    "val/regularization": 6.984740022911027e-06
}