{
    "val/dynamics_x": 2.7087749261599154e-07,
    "val/dynamics_z": 0.0,
    "val/loss": 1.010942943296175e-06,
    "val/reconstruction": 7.400654506801835e-07
}