{
    "val/dynamics_x": 2.1439019140805577e-07,
    "val/dynamics_z": 0.0,
    "val/loss": 7.920434683101581e-06,
    "val/reconstruction": 8.87811911393089e-07,
    "val/regularization": 6.818232580300437e-06
}