{
    "val/dynamics_x": 1.045923300263341e-06,
    "val/dynamics_z": 0.0,
    "val/loss": 1.3605922579488217e-05,
    "val/reconstruction": 4.861385540243852e-06,
    "val/regularization": 7.698613738981025e-06
}