{
    "val/dynamics_x": 2.3754019791534702e-07,
    "val/dynamics_z": 0.0,
    "val/loss": 7.666101197214702e-06,
    "val/reconstruction": 5.404042849658428e-07,
    "val/regularization": 6.888156714333511e-06
}