{
    "val/dynamics_x": 4.942189112788233e-07,
    "val/dynamics_z": 0.0,
    "val/loss": 1.3109670736217113e-05,
    "val/reconstruction": 5.866149744389309e-06,
    "val/regularization": 6.7493020805489805e-06
}