{
    "val/dynamics_x": 3.674429181997918e-07,
    "val/dynamics_z": 0.0,
    "val/loss": 8.81181750432476e-06,
    "val/reconstruction": 1.3114766069598396e-06,
    "val/regularization": 7.1328979791651286e-06
}