{
    "val/dynamics_x": 0.0010574773084527814,
    "val/dynamics_z": 0.0,
    "val/loss": 0.04121317654442641,
    "val/reconstruction": 0.040146160075486235,
    "val/regularization": 9.539160487397041e-06,
    "train/dynamics_x": 5.532375017552697e-07,
    "train/dynamics_z": 0.0,
    "train/loss": 1.2411889399317397e-05,
    "train/reconstruction": 2.3191129321523595e-06,
    "train/regularization": 9.53953896540977e-06
}