{
    "val/dynamics_x": 0.001108920014009823,
    "val/dynamics_z": 0.0,
    "val/loss": 0.04436910681901428,
    "val/reconstruction": 0.04324723102623681,
    "val/regularization": 1.2955778767648691e-05
}