{
    "val/dynamics_x": 0.0010141380021740916,
    "val/dynamics_z": 0.0,
    "val/loss": 0.03896439284321902,
    "val/reconstruction": 0.03794257906969252,
    "val/regularization": 7.675771352414244e-06
}