{
    "val/dynamics_x": 0.0009957466631375248,
    "val/dynamics_z": 0.0,
    "val/loss": 0.038514476382944134,
    "val/reconstruction": 0.03751872971980661
}