{
    "val/dynamics_x": 0.000996507761501123,
    "val/dynamics_z": 0.0,
    "val/loss": 0.03858638180255489,
    "val/reconstruction": 0.03758257626005675,
    "val/regularization": 7.297780997012555e-06
}