{
    "val/dynamics_x": 0.001003395752045882,
    "val/dynamics_z": 0.0,
    "val/loss": 0.03878600308591181,
    "val/reconstruction": 0.03777510145768962,
    "val/regularization": 7.505876176310528e-06
}