{
    "val/dynamics_x": 6.863094350247923e-07,
    "val/dynamics_z": 0.0,
    "val/loss": 1.4640863145695006e-05,
    "val/reconstruction": 2.931176688414768e-06,
    "val/regularization": 1.1023377022255446e-05
}