{
    "val/dynamics_x": 6.031689304777821e-07,
    "val/dynamics_z": 0.0,
    "val/loss": 1.2874774522572962e-05,
    "val/reconstruction": 1.467517168975707e-06,
    "val/regularization": 1.0804088423119472e-05
}