{
    "val/dynamics_x": 1.2534206287712131e-06,
    "val/dynamics_z": 0.0,
    "val/loss": 1.8277078706070356e-05,
    "val/reconstruction": 2.754658112509831e-06,
    "val/regularization": 1.426899996478931e-05
}