{
    "val/dynamics_x": 5.641288115412147e-07,
    "val/dynamics_z": 0.0,
    "val/loss": 1.2371266447624188e-05,
    "val/reconstruction": 1.1796204863039303e-06,
    "val/regularization": 1.0627517149779043e-05
}