{
    "val/dynamics_x": 5.374802219752479e-07,
    "val/dynamics_z": 0.0,
    "val/loss": 1.2638672098899411e-05,
    "val/reconstruction": 1.8227696544930267e-06,
    "val/regularization": 1.0278422222431136e-05
}