{
    "val/dynamics_x": 6.59165588922259e-07,
    "val/dynamics_z": 0.0,
    "val/loss": 1.6810770341095722e-05,
    "val/reconstruction": 5.649749684471468e-06,
    "val/regularization": 1.0501855067701994e-05
}