{
    "val/dynamics_x": 0.0008110287674539825,
    "val/dynamics_z": 0.0,
    "val/loss": 0.03698101768477807,
    "val/reconstruction": 0.03616998891732409
}