{
    "val/dynamics_x": 0.0008230315641926419,
    "val/dynamics_z": 0.0,
    "val/loss": 0.03659686847613436,
    "val/reconstruction": 0.03576068592383018,
    "val/regularization": 1.3150988111541244e-05
}