{
    "val/dynamics_x": 0.0008025074175357978,
    "val/dynamics_z": 0.0,
    "val/loss": 0.03649456652080806,
    "val/reconstruction": 0.035681168834346334,
    "val/regularization": 1.0890268925926676e-05
}