{
    "val/dynamics_x": 0.0005137226821057609,
    "val/dynamics_z": 0.0,
    "val/loss": 0.02932533517120404,
    "val/reconstruction": 0.028800894803296326,
    "val/regularization": 1.071768580195508e-05
}