{
    "val/dynamics_x": 0.013586457818746567,
    "val/dynamics_z": 0.0,
    "val/loss": 0.16673710942268372,
    "val/reconstruction": 0.15313751995563507,
    "val/regularization": 1.3133817446941976e-05
}