{
    "val/dynamics_x": 0.017015628516674042,
    "val/dynamics_z": 0.0,
    "val/loss": 0.191458061337471,
    "val/reconstruction": 0.1744290292263031,
    "val/regularization": 1.34020210680319e-05
}