{
    "val/dynamics_x": 0.0016038291127107485,
    "val/dynamics_z": 0.0,
    "val/loss": 0.06389745168278776,
    "val/reconstruction": 0.062274931002584404,
    "val/regularization": 1.8691567492610993e-05,
    "train/dynamics_x": 4.749158589636414e-06,
    "train/dynamics_z": 0.0,
    "train/loss": 3.9986898297477866e-05,
    "train/reconstruction": 1.6555888236092452e-05,
    "train/regularization": 1.868185147174901e-05
}