{
    "val/dynamics_x": 2.88033461240445e-07,
    "val/dynamics_z": 0.0,
    "val/loss": 7.53767110278395e-07,
    "val/reconstruction": 4.657336490379499e-07,
    "train/dynamics_x": 3.233789934755804e-07,
    "train/dynamics_z": 0.0,
    "train/loss": 1.1085770370842116e-05,
    "train/reconstruction": 2.1849338516552487e-06,
    "train/regularization": 8.57745752571129e-06
}