{
    "val/dynamics_x": 1.4822678389591145e-06,
    "val/dynamics_z": 0.0,
    "val/loss": 1.8495718917544702e-05,
    "val/reconstruction": 5.609619413430422e-06,
    "val/regularization": 1.1403831665155165e-05
}