{
    "val/dynamics_x": 3.7001831328617246e-07,
    "val/dynamics_z": 0.0,
    "val/loss": 9.726904040453009e-06,
    "val/reconstruction": 4.4505174965496724e-07,
    "val/regularization": 8.91183397751187e-06
}