{
    "val/dynamics_x": 8.181425936299291e-07,
    "val/dynamics_z": 0.0,
    "val/loss": 1.8597965452281175e-05,
    "val/reconstruction": 7.798236707220157e-06,
    "val/regularization": 9.98158615143109e-06
}