{
    "val/dynamics_x": 3.3823769774733498e-06,
    "val/dynamics_z": 0.0,
    "val/loss": 3.0247107554883253e-05,
    "val/reconstruction": 9.313168320221466e-06,
    "val/regularization": 1.7551562257188438e-05
}