{
    "val/dynamics_x": 3.5585816278088795e-07,
    "val/dynamics_z": 0.0,
    "val/loss": 1.1967625996634247e-05,
    "val/reconstruction": 2.752981880779801e-06,
    "val/regularization": 8.858785953073557e-06
}