{
    "val/dynamics_x": 3.630235369238537e-07,
    "val/dynamics_z": 0.0,
    "val/loss": 1.1155823780659256e-05,
    "val/reconstruction": 1.9842489350056825e-06,
    "val/regularization": 8.80855130872972e-06
}