{
    "val/dynamics_x": 5.948887721435218e-07,
    "val/dynamics_z": 0.0,
    "val/loss": 1.1459773954277303e-05,
    "val/reconstruction": 1.4147484021652447e-06,
    "val/regularization": 9.450136779968536e-06
}