{
    "val/dynamics_x": 1.1806938904677577e-06,
    "val/dynamics_z": 0.0,
    "val/loss": 1.851318927067503e-05,
    "val/reconstruction": 6.418997813356639e-06,
    "val/regularization": 1.0913497566850635e-05
}