{
    "val/dynamics_x": 8.895283947217631e-07,
    "val/dynamics_z": 0.0,
    "val/loss": 1.5504695833278573e-05,
    "val/reconstruction": 4.3911709988274974e-06,
    "val/regularization": 1.0223996439729312e-05
}