{
    "val/dynamics_x": 3.14536300040038e-07,
    "val/dynamics_z": 0.0,
    "val/loss": 1.2345128616793984e-05,
    "val/reconstruction": 3.3102783334320016e-06,
    "val/regularization": 8.720313983321945e-06
}