{
    "val/dynamics_x": 3.0379888427998175e-07,
    "val/dynamics_z": 0.0,
    "val/loss": 9.757084273427634e-06,
    "val/reconstruction": 7.71825350150504e-07,
    "val/regularization": 8.681460038997148e-06
}