{
    "val/dynamics_x": 4.555286945506736e-07,
    "val/dynamics_z": 0.0,
    "val/loss": 1.027949604527032e-05,
    "val/reconstruction": 7.268670236686392e-07,
    "val/regularization": 9.097100327051008e-06
}