{
    "val/dynamics_x": 3.3325559051235196e-07,
    "val/dynamics_z": 0.0,
    "val/loss": 1.1241778167308963e-05,
    "val/reconstruction": 2.144336449786606e-06,
    "val/regularization": 8.764186127010005e-06
}