{
    "val/dynamics_x": 3.071735326336819e-07,
    "val/dynamics_z": 0.0,
    "val/loss": 4.419887230042713e-06,
    "val/reconstruction": 4.112713697409031e-06
}