{
    "val/dynamics_x": 2.88033461240445e-07,
    "val/dynamics_z": 0.0,
    "val/loss": 7.53767110278395e-07,
    "val/reconstruction": 4.657336490379499e-07
}