{
    "val/dynamics_x": 4.915755652235902e-07,
    "val/dynamics_z": 0.0,
    "val/loss": 1.0291022945758383e-05,
    "val/reconstruction": 6.27482448140002e-07,
    "val/regularization": 9.171964932394791e-06
}