{
    "val/dynamics_x": 1.5467699150864105e-06,
    "val/dynamics_z": 0.0,
    "val/loss": 2.8915572031867692e-05,
    "val/reconstruction": 1.5100504127008375e-05,
    "val/regularization": 1.2268297989772902e-05
}