{
    "val/dynamics_x": 7.469507649580204e-07,
    "val/dynamics_z": 0.0,
    "val/loss": 1.1709667967550608e-05,
    "val/reconstruction": 1.2208409436297866e-06,
    "val/regularization": 9.741876258962802e-06
}