{
    "val/dynamics_x": 6.842970104267497e-07,
    "val/dynamics_z": 0.0,
    "val/loss": 2.002364500624306e-05,
    "val/reconstruction": 9.991453308246359e-06,
    "val/regularization": 9.347894687569951e-06
}