{
    "val/dynamics_x": 4.882436575031311e-07,
    "val/dynamics_z": 0.0,
    "val/loss": 1.8361018620052693e-05,
    "val/reconstruction": 8.904881031222346e-06,
    "val/regularization": 8.967893931327217e-06
}