{
    "val/dynamics_x": 1.020905217021371e-06,
    "val/dynamics_z": 0.0,
    "val/loss": 1.3018662172834336e-05,
    "val/reconstruction": 1.4889843772444626e-06,
    "val/regularization": 1.0508772578568503e-05
}