{
    "val/dynamics_x": 2.9689514372232924e-07,
    "val/dynamics_z": 0.0,
    "val/loss": 9.958871939947257e-06,
    "val/reconstruction": 1.0177428079931652e-06,
    "val/regularization": 8.644233988231762e-06
}