{
    "val/dynamics_x": 4.262074555772395e-07,
    "val/dynamics_z": 0.0,
    "val/loss": 1.1609540601381121e-05,
    "val/reconstruction": 2.1522403893959546e-06,
    "val/regularization": 9.031092756407927e-06
}