{
    "val/dynamics_x": 0.0007874183027992458,
    "val/dynamics_z": 0.0,
    "val/loss": 0.03354883291668169,
    "val/reconstruction": 0.03276141461388244,
    "train/dynamics_x": 2.6923839420152935e-07,
    "train/dynamics_z": 0.0,
    "train/loss": 8.232166165552421e-06,
    "train/reconstruction": 9.586885767217967e-07,
    "train/regularization": 7.004239194629093e-06
}