{
    "val/dynamics_x": 0.0013526158187077042,
    "val/dynamics_z": 0.0,
    "val/loss": 0.03907631991437822,
    "val/reconstruction": 0.03771697588988065,
    "val/regularization": 6.728205789860783e-06
}