{
    "val/dynamics_x": 0.0013667906960351324,
    "val/dynamics_z": 0.0,
    "val/loss": 0.038507398684012206,
    "val/reconstruction": 0.037132211798457215,
    "val/regularization": 8.39618951986019e-06
}