{
    "val/dynamics_x": 0.0004665532832121107,
    "val/dynamics_z": 0.0,
    "val/loss": 0.027420472144386365,
    "val/reconstruction": 0.026953918861174254
}