{
    "val/dynamics_x": 0.0004682014410352494,
    "val/dynamics_z": 0.0,
    "val/loss": 0.02743142027018173,
    "val/reconstruction": 0.02696321882914648
}