{
    "val/dynamics_x": 0.0015059673896286603,
    "val/dynamics_z": 0.0,
    "val/loss": 0.047780777973500305,
    "val/reconstruction": 0.0462652588862083,
    "val/regularization": 9.551697663343797e-06
}