{
    "val/dynamics_x": 0.0008090142958609873,
    "val/dynamics_z": 0.0,
    "val/loss": 0.03276943816724211,
    "val/reconstruction": 0.031951334481913486,
    "val/regularization": 9.089389467632548e-06
}