{
    "val/dynamics_x": 0.0008137842626058879,
    "val/dynamics_z": 0.0,
    "val/loss": 0.032753839596742995,
    "val/reconstruction": 0.03193112490480079,
    "val/regularization": 8.930429336318407e-06
}