{
    "val/dynamics_x": 0.0009245054370014328,
    "val/dynamics_z": 0.0,
    "val/loss": 0.033915326692575826,
    "val/reconstruction": 0.03298297418920393,
    "val/regularization": 7.847066370465079e-06
}