{
    "val/dynamics_x": 3.3062538230918653e-07,
    "val/dynamics_z": 0.0,
    "val/loss": 1.3480816236700228e-05,
    "val/reconstruction": 3.5519219509591835e-06,
    "val/regularization": 9.598268903431859e-06
}