{
    "val/dynamics_x": 3.291114009442708e-07,
    "val/dynamics_z": 0.0,
    "val/loss": 2.5012261417395844e-06,
    "val/reconstruction": 2.1721147407953136e-06
}