{
    "val/dynamics_x": 3.018865078144136e-07,
    "val/dynamics_z": 0.0,
    "val/loss": 1.0512817747061945e-05,
    "val/reconstruction": 5.434600392564736e-07,
    "val/regularization": 9.667471199991058e-06
}