{
    "val/dynamics_x": 3.337114287646634e-07,
    "val/dynamics_z": 0.0,
    "val/loss": 1.159426325415394e-05,
    "val/reconstruction": 1.3329431152024652e-06,
    "val/regularization": 9.927608710186812e-06
}