{
    "val/dynamics_x": 3.0945956124052436e-06,
    "val/dynamics_z": 0.0,
    "val/loss": 2.8993764537118284e-05,
    "val/reconstruction": 5.8071251411192905e-06,
    "val/regularization": 2.009204378359375e-05
}