{
    "val/dynamics_x": 3.0413320669356227e-07,
    "val/dynamics_z": 0.0,
    "val/loss": 1.0509801244220336e-05,
    "val/reconstruction": 4.2137128923397833e-07,
    "val/regularization": 9.784296748292795e-06
}