{
    "val/dynamics_x": 3.2263179585746503e-07,
    "val/dynamics_z": 0.0,
    "val/loss": 1.1769798777606176e-05,
    "val/reconstruction": 1.9119095045612784e-06,
    "val/regularization": 9.535257477187433e-06
}