{
    "val/dynamics_x": 3.609800762725999e-07,
    "val/dynamics_z": 0.0,
    "val/loss": 1.4142149778649892e-05,
    "val/reconstruction": 3.7957010266717908e-06,
    "val/regularization": 9.985468675705503e-06
}