{
    "val/dynamics_x": 4.9547651678035e-07,
    "val/dynamics_z": 0.0,
    "val/loss": 1.0949687434249103e-05,
    "val/reconstruction": 1.3441492573915645e-06,
    "val/regularization": 9.110061660077191e-06
}