{
    "val/dynamics_x": 4.051693265691036e-07,
    "val/dynamics_z": 0.0,
    "val/loss": 1.1119241616368902e-05,
    "val/reconstruction": 1.7454082498524078e-06,
    "val/regularization": 8.96866403994739e-06
}