{
    "val/dynamics_x": 5.604242284030217e-07,
    "val/dynamics_z": 0.0,
    "val/loss": 1.118884865215394e-05,
    "val/reconstruction": 1.9291091167207796e-06,
    "val/regularization": 8.699315307030139e-06
}