{
    "val/dynamics_x": 4.985777152528683e-07,
    "val/dynamics_z": 0.0,
    "val/loss": 1.2433338777032324e-05,
    "val/reconstruction": 3.2145843870921054e-06,
    "val/regularization": 8.72017667468735e-06
}