{
    "val/dynamics_x": 1.3664073379146732e-06,
    "val/dynamics_z": 0.0,
    "val/loss": 2.357292451970705e-05,
    "val/reconstruction": 7.797365428736494e-06,
    "val/regularization": 1.4409151753055882e-05
}