{
    "val/dynamics_x": 4.605812153824645e-07,
    "val/dynamics_z": 0.0,
    "val/loss": 1.0037584617893413e-05,
    "val/reconstruction": 7.797050648305659e-07,
    "val/regularization": 8.797298337680383e-06
}