{
    "val/dynamics_x": 6.663265094852595e-07,
    "val/dynamics_z": 0.0,
    "val/loss": 5.688743787408402e-06,
    "val/reconstruction": 5.022417277923142e-06
}