{
    "val/dynamics_x": 5.133884594133152e-07,
    "val/dynamics_z": 0.0,
    "val/loss": 1.473846617787212e-05,
    "val/reconstruction": 5.299807305827789e-06,
    "val/regularization": 8.925270412631015e-06
}