{
    "val/dynamics_x": 5.076535649600287e-07,
    "val/dynamics_z": 0.0,
    "val/loss": 1.2903655034763233e-05,
    "val/reconstruction": 2.2832943283384443e-06,
    "val/regularization": 1.0112707141464761e-05
}