{
    "val/dynamics_x": 4.808874579165376e-07,
    "val/dynamics_z": 0.0,
    "val/loss": 1.0597197485253345e-05,
    "val/reconstruction": 1.0556045199450203e-06,
    "val/regularization": 9.060705507391787e-06
}