{
    "val/dynamics_x": 5.52392920064555e-07,
    "val/dynamics_z": 0.0,
    "val/loss": 1.2458722973161513e-05,
    "val/reconstruction": 2.715521758175006e-06,
    "val/regularization": 9.190808294921953e-06
}