{
    "val/dynamics_x": 4.5814411595251983e-07,
    "val/dynamics_z": 0.0,
    "val/loss": 1.0588934055812572e-05,
    "val/reconstruction": 1.4715623054019436e-06,
    "val/regularization": 8.659227634458109e-06
}