{
    "val/dynamics_x": 5.176151451988237e-07,
    "val/dynamics_z": 0.0,
    "val/loss": 1.0049018791698654e-05,
    "val/reconstruction": 7.822908431526422e-07,
    "val/regularization": 8.74911280334719e-06
}