{
    "val/dynamics_x": 6.644695604983429e-07,
    "val/dynamics_z": 0.0,
    "val/loss": 1.4455620374605399e-05,
    "val/reconstruction": 2.828074414620562e-06,
    "val/regularization": 1.0963076399486494e-05
}