{
    "val/dynamics_x": 6.724271860553566e-07,
    "val/dynamics_z": 0.0,
    "val/loss": 1.1842570256459769e-05,
    "val/reconstruction": 2.5281960887977585e-06,
    "val/regularization": 8.641946981606654e-06
}