{
    "val/dynamics_x": 4.6407192381603375e-07,
    "val/dynamics_z": 0.0,
    "val/loss": 1.1120516070813404e-06,
    "val/reconstruction": 6.479796832653067e-07
}