{
    "val/dynamics_x": 5.030746053213433e-07,
    "val/dynamics_z": 0.0,
    "val/loss": 1.1092122656398816e-05,
    "val/reconstruction": 9.364520109673053e-07,
    "val/regularization": 9.652596040110167e-06
}