{
    "val/dynamics_x": 4.840881500372958e-07,
    "val/dynamics_z": 0.0,
    "val/loss": 1.1284936319931637e-05,
    "val/reconstruction": 2.0305203871213555e-06,
    "val/regularization": 8.770327782772986e-06
}