{
    "val/dynamics_x": 4.0431103365892973e-07,
    "val/dynamics_z": 0.0,
    "val/loss": 1.0289211097573333e-05,
    "val/reconstruction": 8.665312943051368e-07,
    "val/regularization": 9.018368769609266e-06
}