{
    "val/dynamics_x": 4.429879602767726e-07,
    "val/dynamics_z": 0.0,
    "val/loss": 1.0986340383027097e-05,
    "val/reconstruction": 1.717330353729385e-06,
    "val/regularization": 8.826022069020939e-06
}