{
    "val/dynamics_x": 4.4963023216206666e-07,
    "val/dynamics_z": 0.0,
    "val/loss": 1.1736728199053915e-05,
    "val/reconstruction": 1.8186637685653669e-06,
    "val/regularization": 9.468434198326482e-06
}