{
    "val/dynamics_x": 4.1229695974588794e-07,
    "val/dynamics_z": 0.0,
    "val/loss": 1.1961376159108473e-05,
    "val/reconstruction": 2.657593541512484e-06,
    "val/regularization": 8.8914856578501e-06
}