{
    "val/dynamics_x": 4.7531730128715253e-07,
    "val/dynamics_z": 0.0,
    "val/loss": 1.1914979622275499e-05,
    "val/reconstruction": 1.526584797793349e-06,
    "val/regularization": 9.913077523194996e-06
}