{
    "val/dynamics_x": 4.851926507610618e-07,
    "val/dynamics_z": 0.0,
    "val/loss": 1.1184289915117066e-05,
    "val/reconstruction": 1.8424196225982638e-06,
    "val/regularization": 8.85667764175774e-06
}