{
    "val/dynamics_x": 4.478306664957434e-07,
    "val/dynamics_z": 0.0,
    "val/loss": 9.96508809420131e-06,
    "val/reconstruction": 8.365099244348134e-07,
    "val/regularization": 8.680747503270753e-06
}