{
    "val/dynamics_x": 4.722907795115524e-07,
    "val/dynamics_z": 0.0,
    "val/loss": 9.947901912103388e-06,
    "val/reconstruction": 8.532610514569463e-07,
    "val/regularization": 8.622350081134891e-06
}