{
    "val/dynamics_x": 2.6259621320900015e-07,
    "val/dynamics_z": 0.0,
    "val/loss": 1.3292965812018436e-06,
    "val/reconstruction": 1.0667003679928436e-06,
    "train/dynamics_x": 2.8261655421055415e-07,
    "train/dynamics_z": 0.0,
    "train/loss": 8.654678233337157e-06,
    "train/reconstruction": 1.3871261020575818e-06,
    "train/regularization": 6.984935577069024e-06
}