{
    "val/dynamics_x": 3.057816797879821e-07,
    "val/dynamics_z": 0.0,
    "val/loss": 9.346294394324314e-06,
    "val/reconstruction": 1.9597451650409463e-06,
    "val/regularization": 7.0807675494953855e-06
}