{
    "val/dynamics_x": 5.803928130017124e-07,
    "val/dynamics_z": 0.0,
    "val/loss": 1.3168150296250377e-05,
    "val/reconstruction": 4.749060744200078e-06,
    "val/regularization": 7.838696739048587e-06
}