{
    "val/dynamics_x": 3.4649388490177656e-07,
    "val/dynamics_z": 0.0,
    "val/loss": 9.45477670055371e-06,
    "val/reconstruction": 1.973458989043765e-06,
    "val/regularization": 7.13482382660817e-06
}