{
    "val/dynamics_x": 2.6259621320900015e-07,
    "val/dynamics_z": 0.0,
    "val/loss": 1.3292965812018436e-06,
    "val/reconstruction": 1.0667003679928436e-06
}