{
    "val/dynamics_x": 4.240024492543817e-06,
    "val/dynamics_z": 0.0,
    "val/loss": 2.7885894176826815e-05,
    "val/reconstruction": 3.940303194485778e-06,
    "val/regularization": 1.970556648979722e-05
}