{
    "val/dynamics_x": 6.512890473682169e-07,
    "val/dynamics_z": 0.0,
    "val/loss": 1.8075808393048308e-05,
    "val/reconstruction": 9.414814675708714e-06,
    "val/regularization": 8.009704669971375e-06
}