{
    "val/dynamics_x": 3.32956879872469e-07,
    "val/dynamics_z": 0.0,
    "val/loss": 8.109156047139118e-06,
    "val/reconstruction": 5.306415527705393e-07,
    "val/regularization": 7.24555761449611e-06
}