{
    "val/dynamics_x": 4.2863155858390146e-07,
    "val/dynamics_z": 0.0,
    "val/loss": 1.0326754556406289e-05,
    "val/reconstruction": 2.509314940798705e-06,
    "val/regularization": 7.3888080570236816e-06
}