{
    "val/dynamics_x": 4.453711531988576e-07,
    "val/dynamics_z": 0.0,
    "val/loss": 9.479242043765226e-06,
    "val/reconstruction": 1.4032190083662747e-06,
    "val/regularization": 7.630651882200094e-06
}