{
    "val/dynamics_x": 6.044988646390246e-07,
    "val/dynamics_z": 0.0,
    "val/loss": 2.188806968567511e-05,
    "val/reconstruction": 1.3557024316678343e-05,
    "val/regularization": 7.72654650435774e-06
}