{
    "val/dynamics_x": 2.9914057719315776e-07,
    "val/dynamics_z": 0.0,
    "val/loss": 8.459772204340327e-06,
    "val/reconstruction": 1.1020860335164894e-06,
    "val/regularization": 7.0585455936306795e-06
}