{
    "val/dynamics_x": 4.567833676769223e-07,
    "val/dynamics_z": 0.0,
    "val/loss": 9.201690724562367e-06,
    "val/reconstruction": 1.2253369243528422e-06,
    "val/regularization": 7.519570432532604e-06
}