{
    "val/dynamics_x": 2.8449929168705617e-07,
    "val/dynamics_z": 0.0,
    "val/loss": 8.005553590127775e-06,
    "val/reconstruction": 6.823379290441702e-07,
    "val/regularization": 7.038716369396549e-06
}