{
    "val/dynamics_x": 3.0604413498194504e-07,
    "val/dynamics_z": 0.0,
    "val/loss": 8.42234741818767e-06,
    "val/reconstruction": 9.062739965138541e-07,
    "val/regularization": 7.210029286691871e-06
}