{
    "val/dynamics_x": 3.652133986222509e-07,
    "val/dynamics_z": 0.0,
    "val/loss": 1.581191357786212e-05,
    "val/reconstruction": 8.159734163277571e-06,
    "val/regularization": 7.286966015962294e-06
}