{
    "val/dynamics_x": 3.8205048602402945e-07,
    "val/dynamics_z": 0.0,
    "val/loss": 1.5151550590843974e-05,
    "val/reconstruction": 7.5986271927933725e-06,
    "val/regularization": 7.1708729120265725e-06
}