{
    "val/dynamics_x": 1.7256449955920874e-06,
    "val/dynamics_z": 0.0,
    "val/loss": 3.698918946076222e-05,
    "val/reconstruction": 2.0852395128623627e-05,
    "val/regularization": 1.4411149336546506e-05
}