{
    "val/dynamics_x": 4.1764894596582987e-07,
    "val/dynamics_z": 0.0,
    "val/loss": 9.785803990291274e-06,
    "val/reconstruction": 1.9198290492554563e-06,
    "val/regularization": 7.4483259950699885e-06
}