{
    "val/dynamics_x": 3.7213623485466354e-07,
    "val/dynamics_z": 0.0,
    "val/loss": 8.902136936080385e-06,
    "val/reconstruction": 1.1961090729647258e-06,
    "val/regularization": 7.333891628260996e-06
}