{
    "val/dynamics_x": 1.0560318830915281e-06,
    "val/dynamics_z": 0.0,
    "val/loss": 1.448419070567647e-05,
    "val/reconstruction": 1.9839733184628675e-06,
    "val/regularization": 1.1444185504122076e-05
}