{
    "val/dynamics_x": 2.669825917084711e-07,
    "val/dynamics_z": 0.0,
    "val/loss": 8.841889525159566e-06,
    "val/reconstruction": 1.5548639933173276e-06,
    "val/regularization": 7.020042940133768e-06
}