{
    "val/dynamics_x": 3.2196540602500074e-07,
    "val/dynamics_z": 0.0,
    "val/loss": 3.529504536589919e-06,
    "val/reconstruction": 3.207539130564918e-06
}