{
    "val/dynamics_x": 7.677825376317254e-07,
    "val/dynamics_z": 0.0,
    "val/loss": 1.688341805940768e-05,
    "val/reconstruction": 8.626783505226774e-06,
    "val/regularization": 7.488852016549181e-06
}