{
    "val/dynamics_x": 4.3983118810270937e-07,
    "val/dynamics_z": 0.0,
    "val/loss": 9.910181740953289e-06,
    "val/reconstruction": 2.235351157950295e-06,
    "val/regularization": 7.2349993949002845e-06
}