{
    "val/dynamics_x": 3.8909310029172743e-07,
    "val/dynamics_z": 0.0,
    "val/loss": 1.0212055702104999e-05,
    "val/reconstruction": 2.6479749540507253e-06,
    "val/regularization": 7.174987647762546e-06
}