{
    "val/dynamics_x": 9.833817859147266e-07,
    "val/dynamics_z": 0.0,
    "val/loss": 1.0898683803022016e-05,
    "val/reconstruction": 2.198808362679881e-06,
    "val/regularization": 7.716493654427408e-06
}