{
    "val/dynamics_x": 1.509121741784339e-06,
    "val/dynamics_z": 0.0,
    "val/loss": 1.3624746042230155e-05,
    "val/reconstruction": 3.6016689759255677e-06,
    "val/regularization": 8.513955324520249e-06
}