{
    "val/dynamics_x": 4.0646230078959356e-07,
    "val/dynamics_z": 0.0,
    "val/loss": 8.476927693336358e-06,
    "val/reconstruction": 8.665417689056743e-07,
    "val/regularization": 7.20392362364109e-06
}