{
    "val/dynamics_x": 9.018514547959714e-07,
    "val/dynamics_z": 0.0,
    "val/loss": 1.2378945016062253e-05,
    "val/reconstruction": 3.832816585449117e-06,
    "val/regularization": 7.644276975817165e-06
}