{
    "val/dynamics_x": 2.7930473825666425e-06,
    "val/dynamics_z": 0.0,
    "val/loss": 2.6645961901810628e-05,
    "val/reconstruction": 8.857726495731141e-06,
    "val/regularization": 1.4995188023512844e-05
}