{
    "val/dynamics_x": 6.281011933137953e-07,
    "val/dynamics_z": 0.0,
    "val/loss": 9.69614114030907e-06,
    "val/reconstruction": 1.6387511916907568e-06,
    "val/regularization": 7.429288755304519e-06
}