{
    "val/dynamics_x": 2.0910149145442607e-06,
    "val/dynamics_z": 0.0,
    "val/loss": 1.9011911909201852e-05,
    "val/reconstruction": 4.7455799234377475e-06,
    "val/regularization": 1.2175317071219843e-05
}