{
    "val/dynamics_x": 1.3364357121636614e-06,
    "val/dynamics_z": 0.0,
    "val/loss": 2.1520099698997143e-05,
    "val/reconstruction": 1.1906976166364858e-05,
    "val/regularization": 8.276687820468623e-06
}