{
    "val/dynamics_x": 1.103694183050304e-06,
    "val/dynamics_z": 0.0,
    "val/loss": 1.2927739850782047e-05,
    "val/reconstruction": 3.990969304114764e-06,
    "val/regularization": 7.833076363616979e-06
}