{
    "val/dynamics_x": 5.319252269816635e-07,
    "val/dynamics_z": 0.0,
    "val/loss": 1.032775701753955e-05,
    "val/reconstruction": 2.4218735354928612e-06,
    "val/regularization": 7.373958255065026e-06
}