{
    "val/dynamics_x": 5.107006197961647e-07,
    "val/dynamics_z": 0.0,
    "val/loss": 9.59975107730547e-06,
    "val/reconstruction": 1.8146012374010154e-06,
    "val/regularization": 7.27444922010829e-06
}