{
    "val/dynamics_x": 3.505589255718305e-07,
    "val/dynamics_z": 0.0,
    "val/loss": 7.935982894136648e-06,
    "val/reconstruction": 4.6131568490105974e-07,
    "val/regularization": 7.124108283663758e-06
}