{
    "val/dynamics_x": 4.341312580147986e-06,
    "val/dynamics_z": 0.0,
    "val/loss": 4.157321972336234e-05,
    "val/reconstruction": 1.8584396199950276e-05,
    "val/regularization": 1.8647510943264077e-05
}