{
    "val/dynamics_x": 4.792082143048765e-07,
    "val/dynamics_z": 0.0,
    "val/loss": 9.164380587839758e-06,
    "val/reconstruction": 1.359664395056603e-06,
    "val/regularization": 7.3255079784782775e-06
}