{
    "val/dynamics_x": 8.044037287697296e-07,
    "val/dynamics_z": 0.0,
    "val/loss": 1.1943588668485743e-05,
    "val/reconstruction": 3.577055520697409e-06,
    "val/regularization": 7.562129419018605e-06
}