{
    "val/dynamics_x": 3.15351562371555e-07,
    "val/dynamics_z": 0.0,
    "val/loss": 8.11638272703908e-06,
    "val/reconstruction": 7.131088093690199e-07,
    "val/regularization": 7.087922355298506e-06
}