{
    "val/dynamics_x": 3.1853239741952535e-07,
    "val/dynamics_z": 0.0,
    "val/loss": 1.4155296630139358e-06,
    "val/reconstruction": 1.0969972655944104e-06
}