{
    "val/dynamics_x": 0.0006562161181260639,
    "val/dynamics_z": 0.0,
    "val/loss": 0.03347449945802442,
    "val/reconstruction": 0.03281080947489714,
    "val/regularization": 7.473865001220389e-06
}