{
    "val/dynamics_x": 0.0006684225983692692,
    "val/dynamics_z": 0.0,
    "val/loss": 0.03386014911536775,
    "val/reconstruction": 0.033184321544932935,
    "val/regularization": 7.404972065543634e-06
}