{
    "val/dynamics_x": 0.0006646352470011146,
    "val/dynamics_z": 0.0,
    "val/loss": 0.033108673970344074,
    "val/reconstruction": 0.03243591667237329,
    "val/regularization": 8.122050969665821e-06
}