{
    "val/dynamics_x": 0.0008663858314963943,
    "val/dynamics_z": 0.0,
    "val/loss": 0.032256004688234495,
    "val/reconstruction": 0.0313896188567381
}