{
    "val/dynamics_x": 3.084713573394987e-07,
    "val/dynamics_z": 0.0,
    "val/loss": 8.703057765466065e-07,
    "val/reconstruction": 5.618344192071078e-07,
    "train/dynamics_x": 4.188745866706495e-07,
    "train/dynamics_z": 0.0,
    "train/loss": 9.905377940376477e-06,
    "train/reconstruction": 1.4497059254352367e-06,
    "train/regularization": 8.036797428270591e-06
}