{
    "val/dynamics_x": 4.7036916275596015e-07,
    "val/dynamics_z": 0.0,
    "val/loss": 1.795886610446926e-05,
    "val/reconstruction": 8.193470920863356e-06,
    "val/regularization": 9.295026020849946e-06
}