{
    "val/dynamics_x": 3.084713573394987e-07,
    "val/dynamics_z": 0.0,
    "val/loss": 8.703057765466065e-07,
    "val/reconstruction": 5.618344192071078e-07
}