{
    "val/dynamics_x": 3.210874626399055e-07,
    "val/dynamics_z": 0.0,
    "val/loss": 1.008704324231478e-05,
    "val/reconstruction": 1.5382553513230021e-06,
    "val/regularization": 8.227700428351874e-06
}