{
    "val/dynamics_x": 8.779585978715924e-07,
    "val/dynamics_z": 0.0,
    "val/loss": 1.5777246377564124e-05,
    "val/reconstruction": 2.901366995936758e-06,
    "val/regularization": 1.1997920783755775e-05
}