{
    "val/dynamics_x": 3.2736652919681653e-07,
    "val/dynamics_z": 0.0,
    "val/loss": 1.043012921993592e-05,
    "val/reconstruction": 1.593236099784212e-06,
    "val/regularization": 8.509526590954892e-06
}