{
    "val/dynamics_x": 1.6778508636750425e-06,
    "val/dynamics_z": 0.0,
    "val/loss": 3.0364066656140648e-06,
    "val/reconstruction": 1.3585558019390223e-06
}