{
    "val/dynamics_x": 1.7874129240640134e-06,
    "val/dynamics_z": 0.0,
    "val/loss": 1.796517780316823e-05,
    "val/reconstruction": 1.7613884693262472e-06,
    "val/regularization": 1.441637640977797e-05
}