{
    "val/dynamics_x": 3.102477900615591e-06,
    "val/dynamics_z": 0.0,
    "val/loss": 2.2125038530239714e-05,
    "val/reconstruction": 4.547573244049248e-06,
    "val/regularization": 1.4474987385574875e-05
}