{
    "val/dynamics_x": 1.9990092137458944e-06,
    "val/dynamics_z": 0.0,
    "val/loss": 1.7200878127232128e-05,
    "val/reconstruction": 6.76633746638835e-07,
    "val/regularization": 1.4525235166847396e-05
}