{
    "val/dynamics_x": 3.240341516938506e-06,
    "val/dynamics_z": 0.0,
    "val/loss": 2.4336895586983387e-05,
    "val/reconstruction": 4.3629320483317315e-06,
    "val/regularization": 1.673362202171315e-05
}