{
    "val/dynamics_x": 1.6600761816859475e-06,
    "val/dynamics_z": 0.0,
    "val/loss": 2.318296640334336e-05,
    "val/reconstruction": 9.669707260297854e-06,
    "val/regularization": 1.1853182961359557e-05
}