{
    "val/dynamics_x": 5.507968360363882e-07,
    "val/dynamics_z": 0.0,
    "val/loss": 1.1678266889334113e-05,
    "val/reconstruction": 1.5564974287449558e-06,
    "val/regularization": 9.57097262455277e-06
}