{
    "val/dynamics_x": 1.0456803739637306e-06,
    "val/dynamics_z": 0.0,
    "val/loss": 1.3569537860874332e-05,
    "val/reconstruction": 1.6469527146653015e-06,
    "val/regularization": 1.08769047722453e-05
}