{
    "val/dynamics_x": 5.202151095583689e-06,
    "val/dynamics_z": 0.0,
    "val/loss": 3.680796104310617e-05,
    "val/reconstruction": 1.1708251134543937e-05,
    "val/regularization": 1.9897558812978542e-05
}