{
    "val/dynamics_x": 7.471903680463022e-07,
    "val/dynamics_z": 0.0,
    "val/loss": 1.2760818612084355e-05,
    "val/reconstruction": 2.3494141903230405e-06,
    "val/regularization": 9.664214053715012e-06
}