{
    "val/dynamics_x": 8.050469126322794e-07,
    "val/dynamics_z": 0.0,
    "val/loss": 1.3157945938744423e-05,
    "val/reconstruction": 1.8641140668791686e-06,
    "val/regularization": 1.0488784959232974e-05
}