{
    "val/dynamics_x": 6.279766545103698e-07,
    "val/dynamics_z": 0.0,
    "val/loss": 1.6526843051327113e-05,
    "val/reconstruction": 5.786182020186526e-06,
    "val/regularization": 1.0112684376630219e-05
}