{
    "val/dynamics_x": 5.917680711354821e-07,
    "val/dynamics_z": 0.0,
    "val/loss": 1.4617023097466186e-05,
    "val/reconstruction": 4.100847646920368e-06,
    "val/regularization": 9.924407379410337e-06
}