{
    "val/dynamics_x": 9.618095895213727e-07,
    "val/dynamics_z": 0.0,
    "val/loss": 1.6443488375097082e-05,
    "val/reconstruction": 4.777465913769011e-06,
    "val/regularization": 1.0704212871806699e-05
}