{
    "val/dynamics_x": 5.428039060388285e-07,
    "val/dynamics_z": 0.0,
    "val/loss": 1.1837222591738155e-05,
    "val/reconstruction": 1.4468862272089647e-06,
    "val/regularization": 9.847532458490362e-06
}