{
    "val/dynamics_x": 4.5386385002637883e-07,
    "val/dynamics_z": 0.0,
    "val/loss": 1.1588433516115428e-05,
    "val/reconstruction": 1.6427575986677702e-06,
    "val/regularization": 9.491812067421279e-06
}