{
    "val/dynamics_x": 1.7815192949393156e-06,
    "val/dynamics_z": 0.0,
    "val/loss": 2.0414263744421415e-05,
    "val/reconstruction": 4.4577987707726816e-06,
    "val/regularization": 1.4174945678709417e-05
}