{
    "val/dynamics_x": 2.6208034354318884e-06,
    "val/dynamics_z": 0.0,
    "val/loss": 2.421168631236673e-05,
    "val/reconstruction": 4.726825539242858e-06,
    "val/regularization": 1.686405733769198e-05
}