{
    "val/dynamics_x": 1.8521536602343559e-06,
    "val/dynamics_z": 0.0,
    "val/loss": 2.4497537726640953e-06,
    "val/reconstruction": 5.976001124297395e-07,
    "train/dynamics_x": 1.9885095562481773e-06,
    "train/dynamics_z": 0.0,
    "train/loss": 1.4445781804470056e-05,
    "train/reconstruction": 2.4123842529495176e-06,
    "train/regularization": 1.0044887995272363e-05
}