{
    "val/dynamics_x": 2.0043860952276938e-06,
    "val/dynamics_z": 0.0,
    "val/loss": 1.4235886185113926e-05,
    "val/reconstruction": 9.78319991392295e-07,
    "val/regularization": 1.1253180098493938e-05
}