{
    "val/dynamics_x": 2.1857258083602784e-06,
    "val/dynamics_z": 0.0,
    "val/loss": 1.7206095190034245e-05,
    "val/reconstruction": 3.020109138535458e-06,
    "val/regularization": 1.2000260243138509e-05
}