{
    "val/dynamics_x": 1.8521536602343559e-06,
    "val/dynamics_z": 0.0,
    "val/loss": 2.4497537726640953e-06,
    "val/reconstruction": 5.976001124297395e-07
}