{
    "val/dynamics_x": 0.0008733230661993431,
    "val/dynamics_z": 0.0,
    "val/loss": 0.035925385917429185,
    "val/reconstruction": 0.035033166151630775,
    "val/regularization": 1.889669959907234e-05,
    "train/dynamics_x": 3.5671442863785657e-06,
    "train/dynamics_z": 0.0,
    "train/loss": 3.112656746674449e-05,
    "train/reconstruction": 8.663263714476266e-06,
    "train/regularization": 1.889615946588966e-05
}