{
    "val/dynamics_x": 0.0008733230661993431,
    "val/dynamics_z": 0.0,
    "val/loss": 0.035925385917429185,
    "val/reconstruction": 0.035033166151630775,
    "val/regularization": 1.889669959907234e-05
}