{
    "val/dynamics_x": 0.0011984515532773418,
    "val/dynamics_z": 0.0,
    "val/loss": 0.03794789084753072,
    "val/reconstruction": 0.03674943929425337
}