{
    "val/dynamics_x": 0.000928607699723176,
    "val/dynamics_z": 0.0,
    "val/loss": 0.0359391281812079,
    "val/reconstruction": 0.034996167770799044,
    "val/regularization": 1.4352710685676011e-05
}