{
    "val/dynamics_x": 0.0012328232506933702,
    "val/dynamics_z": 0.0,
    "val/loss": 0.03791672363755918,
    "val/reconstruction": 0.036676355897949105,
    "val/regularization": 7.544488916705445e-06
}