{
    "val/dynamics_x": 0.0012384498903121137,
    "val/dynamics_z": 0.0,
    "val/loss": 0.03820371330708811,
    "val/reconstruction": 0.03695823599220119,
    "val/regularization": 7.027424574811954e-06
}