{
    "val/dynamics_x": 0.0012340327254420748,
    "val/dynamics_z": 0.0,
    "val/loss": 0.03821861915112235,
    "val/reconstruction": 0.036984586425680276
}