{
    "val/dynamics_x": 0.0012355818368682775,
    "val/dynamics_z": 0.0,
    "val/loss": 0.03822921219782551,
    "val/reconstruction": 0.036993630360957236
}