{
    "val/dynamics_x": 4.4462023672710816e-06,
    "val/dynamics_z": 0.0,
    "val/loss": 3.929872173847675e-05,
    "val/reconstruction": 1.0096309409990965e-05,
    "val/regularization": 2.4756209961214706e-05
}