{
    "val/dynamics_x": 2.2313947379592066e-06,
    "val/dynamics_z": 0.0,
    "val/loss": 1.1286060691082055e-05,
    "val/reconstruction": 1.8853183686083136e-06,
    "val/regularization": 7.169347584514534e-06
}