{
    "val/dynamics_x": 1.4841798632943258e-05,
    "val/dynamics_z": 0.0,
    "val/loss": 5.427793343284054e-05,
    "val/reconstruction": 1.4124668034548109e-05,
    "val/regularization": 2.531146676534917e-05
}