{
    "val/dynamics_x": 2.178248633326256e-06,
    "val/dynamics_z": 0.0,
    "val/loss": 1.2149659075601002e-05,
    "val/reconstruction": 2.877121690067822e-06,
    "val/regularization": 7.094288752206924e-06
}