{
    "val/dynamics_x": 1.9169510248032365e-06,
    "val/dynamics_z": 0.0,
    "val/loss": 4.617557577550827e-06,
    "val/reconstruction": 2.7006065527475897e-06
}