{
    "val/dynamics_x": 1.964447224891891e-06,
    "val/dynamics_z": 0.0,
    "val/loss": 1.2035464614396365e-05,
    "val/reconstruction": 3.204368388267963e-06,
    "val/regularization": 6.866649001236511e-06
}