{
    "val/dynamics_x": 3.4789799672167696e-07,
    "val/dynamics_z": 0.0,
    "val/loss": 1.1755886472090976e-05,
    "val/reconstruction": 4.349271353143711e-06,
    "val/regularization": 7.058717122225586e-06
}