{
    "val/dynamics_x": 2.1113029636904963e-07,
    "val/dynamics_z": 0.0,
    "val/loss": 8.217197277301675e-06,
    "val/reconstruction": 8.571488840110859e-07,
    "val/regularization": 7.1489180969215395e-06
}