{
    "val/dynamics_x": 1.9096905593981133e-07,
    "val/dynamics_z": 0.0,
    "val/loss": 7.603790812654083e-06,
    "val/reconstruction": 4.8249311457199e-07,
    "val/regularization": 6.930328642142282e-06
}