{
    "val/dynamics_x": 3.352792458767598e-07,
    "val/dynamics_z": 0.0,
    "val/loss": 1.0177961095868971e-05,
    "val/reconstruction": 2.745392490068892e-06,
    "val/regularization": 7.097289359923319e-06
}