{
    "val/dynamics_x": 1.727770118975566e-07,
    "val/dynamics_z": 0.0,
    "val/loss": 8.422728073326697e-06,
    "val/reconstruction": 1.3905925211302408e-06,
    "val/regularization": 6.859358540298899e-06
}