{
    "val/dynamics_x": 7.873530527379998e-07,
    "val/dynamics_z": 0.0,
    "val/loss": 1.521906887000606e-05,
    "val/reconstruction": 2.710297015234921e-06,
    "val/regularization": 1.1721418802033138e-05
}