{
    "val/dynamics_x": 1.8538847800728343e-07,
    "val/dynamics_z": 0.0,
    "val/loss": 7.800779709919004e-06,
    "val/reconstruction": 7.252767678297769e-07,
    "val/regularization": 6.890114464081943e-06
}