{
    "val/dynamics_x": 1.4856021156601436e-07,
    "val/dynamics_z": 0.0,
    "val/loss": 5.74550030769805e-07,
    "val/reconstruction": 4.259898192037907e-07
}