{
    "val/dynamics_x": 1.8775716670008988e-07,
    "val/dynamics_z": 0.0,
    "val/loss": 8.645188471447524e-06,
    "val/reconstruction": 1.178218805680199e-06,
    "val/regularization": 7.279212499067236e-06
}