{
    "val/dynamics_x": 2.2071484591226578e-07,
    "val/dynamics_z": 0.0,
    "val/loss": 8.73213403364288e-06,
    "val/reconstruction": 1.6170479347416438e-06,
    "val/regularization": 6.894371252988971e-06
}