{
    "val/dynamics_x": 2.0170305368925924e-07,
    "val/dynamics_z": 0.0,
    "val/loss": 1.0491570467366067e-05,
    "val/reconstruction": 3.2686279093625604e-06,
    "val/regularization": 7.021239504314247e-06
}