{
    "val/dynamics_x": 1.6909706969381645e-07,
    "val/dynamics_z": 0.0,
    "val/loss": 7.978649132798546e-06,
    "val/reconstruction": 9.580595165699628e-07,
    "val/regularization": 6.851492546534767e-06
}