{
    "val/dynamics_x": 1.8986668858494562e-07,
    "val/dynamics_z": 0.0,
    "val/loss": 8.29685900102948e-06,
    "val/reconstruction": 7.157054251956637e-07,
    "val/regularization": 7.39128688724887e-06
}