{
    "val/dynamics_x": 1.719094816154763e-07,
    "val/dynamics_z": 0.0,
    "val/loss": 8.02979073710555e-06,
    "val/reconstruction": 8.901932458229384e-07,
    "val/regularization": 6.9676880096671336e-06
}