{
    "val/dynamics_x": 3.376525410733894e-07,
    "val/dynamics_z": 0.0,
    "val/loss": 1.116921543919854e-05,
    "val/reconstruction": 2.90437466191466e-06,
    "val/regularization": 7.92718823621049e-06
}