{
    "val/dynamics_x": 0.0008587592479363313,
    "val/dynamics_z": 0.0,
    "val/loss": 0.03333377170312055,
    "val/reconstruction": 0.03247501245518422
}