{
    "val/dynamics_x": 0.0008216855938396285,
    "val/dynamics_z": 0.0,
    "val/loss": 0.030321463647703824,
    "val/reconstruction": 0.029486198555206775,
    "val/regularization": 1.3579498657419545e-05,
    "train/dynamics_x": 2.8864472827145555e-06,
    "train/dynamics_z": 0.0,
    "train/loss": 1.9395609184356378e-05,
    "train/reconstruction": 2.92863366737687e-06,
    "train/regularization": 1.3580528234264954e-05
}