{
    "val/dynamics_x": 0.0008623875502001322,
    "val/dynamics_z": 0.0,
    "val/loss": 0.030656964914953046,
    "val/reconstruction": 0.029777352838079602,
    "val/regularization": 1.7224526673311584e-05
}