{
    "val/dynamics_x": 7.201862720867968e-07,
    "val/dynamics_z": 0.0,
    "val/loss": 1.9601894884736725e-05,
    "val/reconstruction": 8.850096989865929e-06,
    "val/regularization": 1.0031611622783999e-05
}