{
    "val/dynamics_dx": 0.014571523293852806,
    "val/dynamics_dz": 1.1291543842162355e-06,
    "val/loss": 0.625372052192688,
    "val/reconstruction": 0.6107993721961975
}