{
    "val/dynamics_dx": 0.13179315626621246,
    "val/dynamics_dz": 0.0001530640001874417,
    "val/loss": 1.8774856328964233,
    "val/reconstruction": 1.745511770248413,
    "val/regularization": 2.7598867745837197e-05
}