{
    "val/dynamics_dx": 0.012714231386780739,
    "val/dynamics_dz": 1.0832261523319175e-06,
    "val/loss": 0.5902578234672546,
    "val/reconstruction": 0.5775424838066101
}