{
    "val/dynamics_x": 0.010229083709418774,
    "val/dynamics_z": 0.0,
    "val/loss": 0.12962710857391357,
    "val/reconstruction": 0.11938346922397614,
    "val/regularization": 1.4556415408151224e-05
}