{
    "val/dynamics_x": 0.011054658330976963,
    "val/dynamics_z": 0.0,
    "val/loss": 0.1704091876745224,
    "val/reconstruction": 0.15935452282428741
}