{
    "val/dynamics_x": 0.013967768289148808,
    "val/dynamics_z": 0.0,
    "val/loss": 0.19062425196170807,
    "val/reconstruction": 0.17665648460388184
}