{
    "val/dynamics_dx": 0.01515007670968771,
    "val/dynamics_dz": 1.1749466466426384e-06,
    "val/loss": 0.620086133480072,
    "val/reconstruction": 0.6049349308013916
}