{
    "val/dynamics_x": 0.026885027065873146,
    "val/dynamics_z": 0.0,
    "val/loss": 0.42353931069374084,
    "val/reconstruction": 0.3966388404369354,
    "val/regularization": 1.5449779311893508e-05
}