{
    "val/dynamics_x": 0.015454696491360664,
    "val/dynamics_z": 0.0,
    "val/loss": 0.24280987679958344,
    "val/reconstruction": 0.2273404747247696,
    "val/regularization": 1.4703103261126671e-05
}