{
    "val/dynamics_dx": 0.013705888763070107,
    "val/dynamics_dz": 1.1028394055756507e-06,
    "val/loss": 0.5924233794212341,
    "val/reconstruction": 0.5787163972854614
}