{
    "val/dynamics_dx": 0.014990592375397682,
    "val/dynamics_dz": 1.1471880725366645e-06,
    "val/loss": 0.5684024691581726,
    "val/reconstruction": 0.5534107089042664
}