{
    "val/dynamics_x": 0.0017056133529106863,
    "val/dynamics_z": 0.0,
    "val/loss": 0.030786739622054537,
    "val/reconstruction": 0.029081126269143852
}